Thẻ,Loại,Cấp,Thành phần,Giống Kanji,Onyomi,Kunyomi,Nanori,Đọc Chính,Đọc,Nghĩa Chính,Nghĩa Phụ
ト,bushu,2,N/A,N/A,N/A,N/A,N/A,N/A,N/A,Vòi Nước,To
ハ,bushu,1,N/A,N/A,N/A,N/A,N/A,N/A,N/A,Tám,Ha
一,bushu,1,N/A,N/A,N/A,N/A,N/A,N/A,N/A,Một,
七,bushu,1,N/A,N/A,N/A,N/A,N/A,N/A,N/A,Bảy,
中,bushu,1,N/A,N/A,N/A,N/A,N/A,N/A,N/A,Trong,Giữa
九,bushu,1,N/A,N/A,N/A,N/A,N/A,N/A,N/A,Chín,
二,bushu,1,N/A,N/A,N/A,N/A,N/A,N/A,N/A,Hai,
五,bushu,2,N/A,N/A,N/A,N/A,N/A,N/A,N/A,Năm,
亠,bushu,1,N/A,N/A,N/A,N/A,N/A,N/A,N/A,Vung,
人,bushu,1,N/A,N/A,N/A,N/A,N/A,N/A,N/A,Người,
入,bushu,2,N/A,N/A,N/A,N/A,N/A,N/A,N/A,Vào,
冂,bushu,1,N/A,N/A,N/A,N/A,N/A,N/A,N/A,Đầu,
十,bushu,1,N/A,N/A,N/A,N/A,N/A,N/A,N/A,Mười,
土,bushu,2,N/A,N/A,N/A,N/A,N/A,N/A,N/A,Đất,
大,bushu,2,N/A,N/A,N/A,N/A,N/A,N/A,N/A,To,Lớn
女,bushu,2,N/A,N/A,N/A,N/A,N/A,N/A,N/A,Nữ,Gái
子,bushu,2,N/A,N/A,N/A,N/A,N/A,N/A,N/A,Trẻ Con,"Trẻ, Con"
小,bushu,2,N/A,N/A,N/A,N/A,N/A,N/A,N/A,Nhỏ,Bé
山,bushu,1,N/A,N/A,N/A,N/A,N/A,N/A,N/A,Núi,
川,bushu,1,N/A,N/A,N/A,N/A,N/A,N/A,N/A,Sông,
日,bushu,2,N/A,N/A,N/A,N/A,N/A,N/A,N/A,Mặt Trời,
ナ,bushu,4,N/A,N/A,N/A,N/A,N/A,N/A,N/A,Na,
メ,bushu,4,N/A,N/A,N/A,N/A,N/A,N/A,N/A,Mục Tiêu,Me
丆,bushu,3,N/A,N/A,N/A,N/A,N/A,N/A,N/A,Nấm,
丨,bushu,5,N/A,N/A,N/A,N/A,N/A,N/A,N/A,Gậy,
丶,bushu,3,N/A,N/A,N/A,N/A,N/A,N/A,N/A,Chấm,Giọt
丿,bushu,2,N/A,N/A,N/A,N/A,N/A,N/A,N/A,Ống Hút,
⺅,bushu,4,N/A,N/A,N/A,N/A,N/A,N/A,N/A,Người,I
今,bushu,3,N/A,N/A,N/A,N/A,N/A,N/A,N/A,Bây Giờ,
儿,bushu,1,N/A,N/A,N/A,N/A,N/A,N/A,N/A,Chân,
冫,bushu,5,N/A,N/A,N/A,N/A,N/A,N/A,N/A,Băng,
力,bushu,2,N/A,N/A,N/A,N/A,N/A,N/A,N/A,Lực,Ka
勹,bushu,3,N/A,N/A,N/A,N/A,N/A,N/A,N/A,Bao Bọc,
匕,bushu,5,N/A,N/A,N/A,N/A,N/A,N/A,N/A,Thìa,Hi
又,bushu,6,N/A,N/A,N/A,N/A,N/A,N/A,N/A,Bàn,
口,bushu,1,N/A,N/A,N/A,N/A,N/A,N/A,N/A,Miệng,
工,bushu,4,N/A,N/A,N/A,N/A,N/A,N/A,N/A,Công Trình,E
月,bushu,3,N/A,N/A,N/A,N/A,N/A,N/A,N/A,Mặt Trăng,
木,bushu,3,N/A,N/A,N/A,N/A,N/A,N/A,N/A,Cây,
气,bushu,7,N/A,N/A,N/A,N/A,N/A,N/A,N/A,Khí,Hơi Nước
水,bushu,3,N/A,N/A,N/A,N/A,N/A,N/A,N/A,Nước,
火,bushu,3,N/A,N/A,N/A,N/A,N/A,N/A,N/A,Lửa,
父,bushu,3,N/A,N/A,N/A,N/A,N/A,N/A,N/A,Bố,
牛,bushu,5,N/A,N/A,N/A,N/A,N/A,N/A,N/A,Bò,
田,bushu,3,N/A,N/A,N/A,N/A,N/A,N/A,N/A,Ruộng,
白,bushu,4,N/A,N/A,N/A,N/A,N/A,N/A,N/A,Trắng,
目,bushu,5,N/A,N/A,N/A,N/A,N/A,N/A,N/A,Mắt,
車,bushu,6,N/A,N/A,N/A,N/A,N/A,N/A,N/A,Xe,
𠂉,bushu,3,N/A,N/A,N/A,N/A,N/A,N/A,N/A,Bạt Che,
亅,bushu,2,N/A,N/A,N/A,N/A,N/A,N/A,N/A,Ống Hút,
刀,bushu,4,N/A,N/A,N/A,N/A,N/A,N/A,N/A,Kiếm,"Đao, Katana"
夕,bushu,3,N/A,N/A,N/A,N/A,N/A,N/A,N/A,Buổi Tối,Ta
宀,bushu,4,N/A,N/A,N/A,N/A,N/A,N/A,N/A,Mái,
⺌,bushu,13,N/A,N/A,N/A,N/A,N/A,N/A,N/A,Cỏ,
干,bushu,4,N/A,N/A,N/A,N/A,N/A,N/A,N/A,Khô,
心,bushu,5,N/A,N/A,N/A,N/A,N/A,N/A,N/A,Tim,
手,bushu,3,N/A,N/A,N/A,N/A,N/A,N/A,N/A,Tay,
文,bushu,5,N/A,N/A,N/A,N/A,N/A,N/A,N/A,Văn,
方,bushu,4,N/A,N/A,N/A,N/A,N/A,N/A,N/A,Phương Hướng,
毋,bushu,3,N/A,N/A,N/A,N/A,N/A,N/A,N/A,Mẹ,
立,bushu,5,N/A,N/A,N/A,N/A,N/A,N/A,N/A,Đứng,
米,bushu,9,N/A,N/A,N/A,N/A,N/A,N/A,N/A,Gạo,
艹,bushu,6,N/A,N/A,N/A,N/A,N/A,N/A,N/A,Cỏ,
長,bushu,6,N/A,N/A,N/A,N/A,N/A,N/A,N/A,Dài,
雨,bushu,5,N/A,N/A,N/A,N/A,N/A,N/A,N/A,Mưa,
ネ,bushu,7,N/A,N/A,N/A,N/A,N/A,N/A,N/A,Nem,Ne
ム,bushu,4,N/A,N/A,N/A,N/A,N/A,N/A,N/A,Riêng Tư,Mu
丷,bushu,5,N/A,N/A,N/A,N/A,N/A,N/A,N/A,Chấm,Giọt
乍,bushu,11,N/A,N/A,N/A,N/A,N/A,N/A,N/A,Chìa Khóa,
也,bushu,4,N/A,N/A,N/A,N/A,N/A,N/A,N/A,Rồng,
冋,bushu,9,N/A,N/A,N/A,N/A,N/A,N/A,N/A,Mặt,
刂,bushu,8,N/A,N/A,N/A,N/A,N/A,N/A,N/A,Dao,
夂,bushu,8,N/A,N/A,N/A,N/A,N/A,N/A,N/A,Đông,
寸,bushu,8,N/A,N/A,N/A,N/A,N/A,N/A,N/A,Thước Đo,Đo
幺,bushu,8,N/A,N/A,N/A,N/A,N/A,N/A,N/A,Mạng Nhện,
广,bushu,8,N/A,N/A,N/A,N/A,N/A,N/A,N/A,Mái,
弓,bushu,7,N/A,N/A,N/A,N/A,N/A,N/A,N/A,Cung,
彳,bushu,8,N/A,N/A,N/A,N/A,N/A,N/A,N/A,Cây,
斤,bushu,6,N/A,N/A,N/A,N/A,N/A,N/A,N/A,Rìu,
用,bushu,9,N/A,N/A,N/A,N/A,N/A,N/A,N/A,Tủ,Dùng
穴,bushu,6,N/A,N/A,N/A,N/A,N/A,N/A,N/A,Lỗ,
耂,bushu,11,N/A,N/A,N/A,N/A,N/A,N/A,N/A,Quan Tài,
肉,bushu,5,N/A,N/A,N/A,N/A,N/A,N/A,N/A,Thịt,
色,bushu,7,N/A,N/A,N/A,N/A,N/A,N/A,N/A,Màu,
言,bushu,9,N/A,N/A,N/A,N/A,N/A,N/A,N/A,Nói,
⻌,bushu,6,N/A,N/A,N/A,N/A,N/A,N/A,N/A,Xe Trượt,Scooter
𠆢,bushu,5,N/A,N/A,N/A,N/A,N/A,N/A,N/A,Mũ,
ホ,bushu,7,N/A,N/A,N/A,N/A,N/A,N/A,N/A,Hồn,Ho
乚,bushu,14,N/A,N/A,N/A,N/A,N/A,N/A,N/A,Móc,
冖,bushu,6,N/A,N/A,N/A,N/A,N/A,N/A,N/A,Mũ,
几,bushu,5,N/A,N/A,N/A,N/A,N/A,N/A,N/A,Bàn,
士,bushu,4,N/A,N/A,N/A,N/A,N/A,N/A,N/A,Sĩ Quan,
弋,bushu,8,N/A,N/A,N/A,N/A,N/A,N/A,N/A,Diều,
歹,bushu,8,N/A,N/A,N/A,N/A,N/A,N/A,N/A,Chết,
氵,bushu,6,N/A,N/A,N/A,N/A,N/A,N/A,N/A,Nước,
矢,bushu,7,N/A,N/A,N/A,N/A,N/A,N/A,N/A,Mũi Tên,
耳,bushu,6,N/A,N/A,N/A,N/A,N/A,N/A,N/A,Tai,
聿,bushu,14,N/A,N/A,N/A,N/A,N/A,N/A,N/A,Bút Lông,Bút
虫,bushu,11,N/A,N/A,N/A,N/A,N/A,N/A,N/A,Côn Trùng,
行,bushu,3,N/A,N/A,N/A,N/A,N/A,N/A,N/A,Đi,
門,bushu,7,N/A,N/A,N/A,N/A,N/A,N/A,N/A,Cổng,
L,bushu,4,N/A,N/A,N/A,N/A,N/A,N/A,N/A,Ống Hút,
マ,bushu,2,N/A,N/A,N/A,N/A,N/A,N/A,N/A,Mama,Ma
ヨ,bushu,10,N/A,N/A,N/A,N/A,N/A,N/A,N/A,Yoyo,Yo
凵,bushu,4,N/A,N/A,N/A,N/A,N/A,N/A,N/A,Hộp,
匚,bushu,4,N/A,N/A,N/A,N/A,N/A,N/A,N/A,Hộp,
尸,bushu,9,N/A,N/A,N/A,N/A,N/A,N/A,N/A,Cờ,
廾,bushu,6,N/A,N/A,N/A,N/A,N/A,N/A,N/A,Thân Cây,
彡,bushu,13,N/A,N/A,N/A,N/A,N/A,N/A,N/A,Lông,Ba
灬,bushu,10,N/A,N/A,N/A,N/A,N/A,N/A,N/A,Lửa,
禾,bushu,14,N/A,N/A,N/A,N/A,N/A,N/A,N/A,Lúa,
里,bushu,13,N/A,N/A,N/A,N/A,N/A,N/A,N/A,Làng,
𡗗,bushu,10,N/A,N/A,N/A,N/A,N/A,N/A,N/A,Xuân,
丙,bushu,18,N/A,N/A,N/A,N/A,N/A,N/A,N/A,Thuốc Nổ,
介,bushu,10,N/A,N/A,N/A,N/A,N/A,N/A,N/A,Chỉ Đường,Giới Thiệu
卩,bushu,5,N/A,N/A,N/A,N/A,N/A,N/A,N/A,Cờ,
己,bushu,12,N/A,N/A,N/A,N/A,N/A,N/A,N/A,Bản Thân,
巾,bushu,4,N/A,N/A,N/A,N/A,N/A,N/A,N/A,Khăn,
戸,bushu,5,N/A,N/A,N/A,N/A,N/A,N/A,N/A,Cửa,
扌,bushu,8,N/A,N/A,N/A,N/A,N/A,N/A,N/A,Tay,
勿,bushu,10,N/A,N/A,N/A,N/A,N/A,N/A,N/A,Cánh,
毛,bushu,11,N/A,N/A,N/A,N/A,N/A,N/A,N/A,Lông,
疒,bushu,18,N/A,N/A,N/A,N/A,N/A,N/A,N/A,Bệnh,
癶,bushu,14,N/A,N/A,N/A,N/A,N/A,N/A,N/A,Lều,
竹,bushu,4,N/A,N/A,N/A,N/A,N/A,N/A,N/A,Tre,
糸,bushu,11,N/A,N/A,N/A,N/A,N/A,N/A,N/A,Sợi Chỉ,
罒,bushu,12,N/A,N/A,N/A,N/A,N/A,N/A,N/A,Túi,
羊,bushu,14,N/A,N/A,N/A,N/A,N/A,N/A,N/A,Cừu,
貝,bushu,13,N/A,N/A,N/A,N/A,N/A,N/A,N/A,Vỏ,"Sò, Ngao, Hến, Trai, Động Vật Có Vỏ"
阝,bushu,6,N/A,N/A,N/A,N/A,N/A,N/A,N/A,Cờ,
首,bushu,7,N/A,N/A,N/A,N/A,N/A,N/A,N/A,Cổ,
魚,bushu,24,N/A,N/A,N/A,N/A,N/A,N/A,N/A,Cá,
ユ,bushu,10,N/A,N/A,N/A,N/A,N/A,N/A,N/A,Móc,Yu
且,bushu,17,N/A,N/A,N/A,N/A,N/A,N/A,N/A,Mũ,
云,bushu,19,N/A,N/A,N/A,N/A,N/A,N/A,N/A,Mây,
免,bushu,19,N/A,N/A,N/A,N/A,N/A,N/A,N/A,Miễn,
厂,bushu,8,N/A,N/A,N/A,N/A,N/A,N/A,N/A,Vách Đá,Vách
斗,bushu,6,N/A,N/A,N/A,N/A,N/A,N/A,N/A,Muôi,
殳,bushu,22,N/A,N/A,N/A,N/A,N/A,N/A,N/A,Vũ Khí,
氏,bushu,13,N/A,N/A,N/A,N/A,N/A,N/A,N/A,Họ,
羽,bushu,26,N/A,N/A,N/A,N/A,N/A,N/A,N/A,Lông,
隹,bushu,9,N/A,N/A,N/A,N/A,N/A,N/A,N/A,Lược,
馬,bushu,7,N/A,N/A,N/A,N/A,N/A,N/A,N/A,Ngựa,
鳥,bushu,13,N/A,N/A,N/A,N/A,N/A,N/A,N/A,Chim,
𠃌,bushu,15,N/A,N/A,N/A,N/A,N/A,N/A,N/A,Bao Bọc,
业,bushu,15,N/A,N/A,N/A,N/A,N/A,N/A,N/A,Gai,
⺤,bushu,14,N/A,N/A,N/A,N/A,N/A,N/A,N/A,Cỏ,
舟,bushu,30,N/A,N/A,N/A,N/A,N/A,N/A,N/A,Thuyền,
𦰩,bushu,23,N/A,N/A,N/A,N/A,N/A,N/A,N/A,Thuốc Lá,
戈,bushu,7,N/A,N/A,N/A,N/A,N/A,N/A,N/A,Diều,
皿,bushu,20,N/A,N/A,N/A,N/A,N/A,N/A,N/A,Đĩa,
艮,bushu,12,N/A,N/A,N/A,N/A,N/A,N/A,N/A,Tốt,
酉,bushu,16,N/A,N/A,N/A,N/A,N/A,N/A,N/A,Rượu,
㠯,bushu,4,N/A,N/A,N/A,N/A,N/A,N/A,N/A,Béo,
咅,bushu,6,N/A,N/A,N/A,N/A,N/A,N/A,N/A,Mũi,
廴,bushu,17,N/A,N/A,N/A,N/A,N/A,N/A,N/A,Xe Trượt,Scooter
覀,bushu,11,N/A,N/A,N/A,N/A,N/A,N/A,N/A,Túi,
辛,bushu,15,N/A,N/A,N/A,N/A,N/A,N/A,N/A,Cay,
面,bushu,21,N/A,N/A,N/A,N/A,N/A,N/A,N/A,Mặt,
其,bushu,9,N/A,N/A,N/A,N/A,N/A,N/A,N/A,Thang,
豆,bushu,7,N/A,N/A,N/A,N/A,N/A,N/A,N/A,Đậu,
頁,bushu,13,N/A,N/A,N/A,N/A,N/A,N/A,N/A,Trang Giấy,
忄,bushu,7,N/A,N/A,N/A,N/A,N/A,N/A,N/A,Tim,
比,bushu,7,N/A,N/A,N/A,N/A,N/A,N/A,N/A,So Sánh,
犭,bushu,9,N/A,N/A,N/A,N/A,N/A,N/A,N/A,Thú,Động Vật
飛,bushu,35,N/A,N/A,N/A,N/A,N/A,N/A,N/A,Bay,
丩,bushu,27,N/A,N/A,N/A,N/A,N/A,N/A,N/A,Cành Cây,
衣,bushu,16,N/A,N/A,N/A,N/A,N/A,N/A,N/A,Quần Áo,
辰,bushu,27,N/A,N/A,N/A,N/A,N/A,N/A,N/A,Che Chắn,
矛,bushu,32,N/A,N/A,N/A,N/A,N/A,N/A,N/A,Cây Giáo,
象,bushu,13,N/A,N/A,N/A,N/A,N/A,N/A,N/A,Voi,Tượng
冊,bushu,26,N/A,N/A,N/A,N/A,N/A,N/A,N/A,Sách,
冓,bushu,21,N/A,N/A,N/A,N/A,N/A,N/A,N/A,Sống Lại,Tái Sinh
至,bushu,28,N/A,N/A,N/A,N/A,N/A,N/A,N/A,Dẫn Đến,
片,bushu,12,N/A,N/A,N/A,N/A,N/A,N/A,N/A,Một Bên,
巛,bushu,18,N/A,N/A,N/A,N/A,N/A,N/A,N/A,Sông,
𭕄,bushu,6,N/A,N/A,N/A,N/A,N/A,N/A,N/A,Cỏ,
臣,bushu,32,N/A,N/A,N/A,N/A,N/A,N/A,N/A,Camera,
韋,bushu,26,N/A,N/A,N/A,N/A,N/A,N/A,N/A,Vĩ Đại,
爪,bushu,29,N/A,N/A,N/A,N/A,N/A,N/A,N/A,Móng,
虍,bushu,17,N/A,N/A,N/A,N/A,N/A,N/A,N/A,Hổ,
豕,bushu,12,N/A,N/A,N/A,N/A,N/A,N/A,N/A,Lợn,
乃,bushu,24,N/A,N/A,N/A,N/A,N/A,N/A,N/A,Cầu Thang,
乙,bushu,10,N/A,N/A,N/A,N/A,N/A,N/A,N/A,Mũi To,
牙,bushu,31,N/A,N/A,N/A,N/A,N/A,N/A,N/A,Răng Nanh,
舛,bushu,37,N/A,N/A,N/A,N/A,N/A,N/A,N/A,Múa,
㐮,bushu,41,N/A,N/A,N/A,N/A,N/A,N/A,N/A,Cô Nương,
凸,bushu,34,N/A,N/A,N/A,N/A,N/A,N/A,N/A,Lồi,
凹,bushu,34,N/A,N/A,N/A,N/A,N/A,N/A,N/A,Lõm,
袁,bushu,22,N/A,N/A,N/A,N/A,N/A,N/A,N/A,Khỉ,
睘,bushu,41,N/A,N/A,N/A,N/A,N/A,N/A,N/A,Hàng Hiệu,
𧘇,bushu,17,N/A,N/A,N/A,N/A,N/A,N/A,N/A,Quần Áo,
复,bushu,23,N/A,N/A,N/A,N/A,N/A,N/A,N/A,Đói,
戊,bushu,7,N/A,N/A,N/A,N/A,N/A,N/A,N/A,Diều,
㑒,bushu,25,N/A,N/A,N/A,N/A,N/A,N/A,N/A,Nông Dân,
坴,bushu,28,N/A,N/A,N/A,N/A,N/A,N/A,N/A,Đất,
斉,bushu,14,N/A,N/A,N/A,N/A,N/A,N/A,N/A,Đồng Loạt,
兼,bushu,36,N/A,N/A,N/A,N/A,N/A,N/A,N/A,Đồng Thời,
亥,bushu,21,N/A,N/A,N/A,N/A,N/A,N/A,N/A,Đau,
而,bushu,30,N/A,N/A,N/A,N/A,N/A,N/A,N/A,Xẻng,
关,bushu,17,N/A,N/A,N/A,N/A,N/A,N/A,N/A,Hoa,
敬,bushu,12,N/A,N/A,N/A,N/A,N/A,N/A,N/A,Tôn Kính,
开,bushu,7,N/A,N/A,N/A,N/A,N/A,N/A,N/A,Thân Cây,
示,bushu,12,N/A,N/A,N/A,N/A,N/A,N/A,N/A,Chỉ Thị,Chỉ Ra
犬,bushu,2,N/A,N/A,N/A,N/A,N/A,N/A,N/A,Chó,
々,kanji,2,"丿,マ",,,のま,,のま,のま,Lặp Lại,Noma
一,kanji,1,一,,"いち, いつ",ひと,,いち,"いち, いつ, ひと",Một,Nhất
丁,kanji,5,"一,亅",,"ちょう, てい",,,ちょう,"ちょう, てい",Khu,Phố
七,kanji,1,七,,しち,"なな, なの",,しち,"しち, なな, なの",Bảy,Thất
万,kanji,3,"一,勹",方,"まん, ばん",,,まん,"まん, ばん",Vạn,Mười Nghìn
丈,kanji,13,"ナ,丶",才,じょう,たけ,,じょう,"じょう, たけ",Bền,Chiều Dài
三,kanji,1,"一,二",,さん,み,,さん,"さん, み",Ba,Tam
上,kanji,2,"ト,一","場,常",じょう,"うえ, あ, のぼ, うわ, かみ",,じょう,"じょう, うえ, あ, のぼ, うわ, かみ",Trên,Thượng
下,kanji,2,"一,ト",夏,"か, げ","した, さ, くだ, お, しも, もと",,か,"か, げ, した, さ, くだ, お, しも, もと",Dưới,Hạ
不,kanji,6,"丆,丨,丶",,"ふ, ぶ",,,ふ,"ふ, ぶ",Không,Bất
与,kanji,26,"𠂉,𠃌,一",,よ,あた,,よ,"よ, あた",Cho,
世,kanji,10,"一,丨","制,勢,誓","せい, せ",よ,,せい,"せい, せ, よ",Thế Giới,Thế
丘,kanji,34,"斤,一",岡,,おか,,おか,おか,Đồi,
両,kanji,20,"一,山,冂",画,りょう,,,りょう,りょう,Cả Hai,Hai Bên
並,kanji,34,"丷,一,业",,へい,"なら, なみ",,へい,"へい, なら, なみ",Xếp Hàng,
中,kanji,1,中,,ちゅう,なか,,ちゅう,"ちゅう, なか",Trong,"Trung, Giữa"
串,kanji,16,"丨,口",,,くし,,くし,くし,Xiên,
丸,kanji,3,"九,丶",,がん,まる,,まる,"まる, がん",Tròn,
主,kanji,4,"王,丶",,しゅ,"おも, ぬし",,しゅ,"しゅ, おも, ぬし",Chủ,
丼,kanji,34,"井,丶",,,"どんぶり, どん",,どんぶり,"どんぶり, どん",Donburi,Don
久,kanji,28,"丿,入",九,きゅう,ひさ,,きゅう,"きゅう, ひさ",Lâu Rồi,Cửu
乏,kanji,33,"丆,マ,𠆢",,ぼう,とぼ,,ぼう,"ぼう, とぼ",Thiếu,Nghèo Nàn
乗,kanji,27,"禾,田",垂,じょう,の,,の,"の, じょう",Ngồi Lên,"Lên, Cưỡi"
乙,kanji,10,乙,,おつ,おと,,おと,"おと, おつ",Mũi To,
九,kanji,1,九,久,"く, きゅう",ここの,,く,"く, きゅう, ここの",Chín,Cửu
乱,kanji,39,"舌,乚",,らん,みだ,,らん,"らん, みだ",Xáo Trộn,Loạn
乳,kanji,39,"⺤,子,乚",,にゅう,"ちち, ち",,にゅう,"にゅう, ちち, ち",Sữa,Vú
乾,kanji,18,"十,早,𠂉,乙",干,かん,かわ,,かん,"かん, かわ",Khô,Can
亀,kanji,4,"𠂉,田,L",,,かめ,,かめ,かめ,Rùa,Quy
了,kanji,7,"一,丿,亅",,りょう,,,りょう,りょう,Hoàn Tất,
予,kanji,10,"マ,丁","矛,余,誉",よ,あらかじ,,よ,"よ, あらかじ",Trước,Dự
争,kanji,20,"勹,ヨ,亅",装,そう,あらそ,,そう,"そう, あらそ",Tranh,
事,kanji,10,"十,口,ヨ",,じ,こと,,じ,"じ, こと",Việc,Sự
二,kanji,1,二,,に,ふた,,に,"に, ふた",Hai,"Nhị, Nhì"
互,kanji,26,"二,口",,ご,たが,,ご,"ご, たが",Cùng Nhau,Lẫn Nhau
五,kanji,2,五,,ご,いつ,,ご,"ご, いつ",Năm,Ngũ
井,kanji,5,"丿,丨,二",,しょう,い,,い,"い, しょう",Giếng,
亡,kanji,8,"亠,L",,ぼう,な,,ぼう,"ぼう, な",Chết,Vong
交,kanji,7,"亠,父",,こう,"まじ, ま",,こう,"こう, まじ, ま",Trộn,Giao
享,kanji,50,"亠,口,子","響,郷",きょう,う,,きょう,"きょう, う",Hưởng,
京,kanji,10,"亠,口,小",,きょう,,,きょう,きょう,Thủ Đô,Kinh
人,kanji,1,人,入,"にん, じん",ひと,,にん,"にん, じん, ひと",Người,Nhân
今,kanji,3,今,,こん,いま,,こん,"こん, いま",Bây Giờ,
介,kanji,28,介,,かい,,,かい,かい,Giới Thiệu,Giới
仏,kanji,28,"⺅,ム",,ぶつ,ほとけ,,ぶつ,"ぶつ, ほとけ",Phật,
仕,kanji,15,"⺅,士",,し,,,し,し,Làm,
他,kanji,20,"⺅,也",池,た,ほか,,た,"た, ほか",Khác,Tha
付,kanji,8,"⺅,寸",,ふ,つ,,つ,"つ, ふ",Gắn,
仙,kanji,4,"⺅,山",,せん,,,せん,せん,Sendai,Sen
代,kanji,8,"⺅,弋",台,"だい, たい","か, かわ",,だい,"だい, たい, か, かわ",Thay Thế,Đại
令,kanji,19,"𠆢,一,卩",命,れい,,,れい,れい,Lệnh,
以,kanji,15,"L,丶,人",,い,,,い,い,Khoảng,
仮,kanji,12,"⺅,反",,か,かり,,か,"か, かり",Giả Sử,Giả
仰,kanji,30,"⺅,匚,卩",抑,こう,"あお, おっしゃ",,こう,"こう, あお, おっしゃ",Tín Ngưỡng,Ngưỡng
仲,kanji,17,"⺅,中",,ちゅう,なか,,なか,"なか, ちゅう",Quan Hệ,
件,kanji,23,"⺅,牛","見,建",けん,,,けん,けん,Sự Kiện,Kiện
任,kanji,22,"⺅,王",妊,にん,まか,,にん,"にん, まか",Trách Nhiệm,Nhiệm
企,kanji,15,"𠆢,止",,き,"くわだ, たくら",,き,"き, くわだ, たくら",Kế Hoạch,"Toan Tính, Âm Mưu"
伎,kanji,37,"⺅,支",技,き,,,き,き,Kabuki,Ki
伏,kanji,30,"⺅,犬","服,復,福",ふく,ふ,,ふく,"ふく, ふ",Nằm Xuống,Phục
休,kanji,4,"⺅,木",体,きゅう,やす,,きゅう,"きゅう, やす",Nghỉ,
会,kanji,7,"𠆢,二,ム","合,回,悔",かい,あ,,かい,"かい, あ",Gặp,Hội
伝,kanji,22,"⺅,云",,でん,つた,,でん,"でん, つた",Truyền,
伯,kanji,43,"⺅,白",,お,,,お,お,Bác,
伴,kanji,31,"⺅,半",,はん,ともな,,はん,"はん, ともな",Đi Cùng,Hành
伸,kanji,27,"⺅,申",,しん,の,,の,"の, しん",Dài Ra,
伺,kanji,41,"⺅,司",,,うかが,,うかが,うかが,Thăm,Hỏi
似,kanji,36,"⺅,以",,,に,,に,に,Giống,
位,kanji,27,"⺅,立","囲,為,偉",い,,,い,い,Hạng,Vị
低,kanji,39,"⺅,氏,一","抵,底",てい,ひく,,てい,"てい, ひく",Thấp,
住,kanji,15,"⺅,主","獣,注",じゅう,す,,じゅう,"じゅう, す",Sống Ở,Trú
体,kanji,8,"⺅,本",休,たい,からだ,,たい,"たい, からだ",Cơ Thể,Thể
何,kanji,9,"⺅,口,丁",,,"なに, なん",,なに,"なに, なん",Cái Gì,
余,kanji,19,"𠆢,示","予,誉",よ,あま,,よ,"よ, あま",Thừa,Dư
作,kanji,11,"⺅,乍","酢,昨","さく, さ",つく,,さく,"さく, さ, つく",Tạo,"Tác, Làm"
使,kanji,11,"⺅,ナ,口,一",,し,つか,,し,"し, つか",Dùng,"Sử, Sử Dụng"
例,kanji,43,"⺅,列","礼,隷,励",れい,たと,,れい,"れい, たと",Ví Dụ,Lệ
侍,kanji,50,"⺅,寺","寺,時,持,詩",,さむらい,,さむらい,さむらい,Samurai,
供,kanji,26,"⺅,共",,きょう,"とも, そな",,きょう,"きょう, とも, そな",Cung Cấp,Cung
依,kanji,48,"⺅,衣",,い,よ,,い,"い, よ",Phụ Thuộc,Nhờ Vả
価,kanji,32,"⺅,覀",,か,あたい,,か,"か, あたい",Giá Trị,Giá
侵,kanji,53,"⺅,ヨ,冖,又","浸,寝",しん,おか,,しん,"しん, おか",Xâm Phạm,Xâm
侶,kanji,54,"⺅,呂",旅,りょ,,,りょ,りょ,Tăng Lữ,Lữ
便,kanji,18,"⺅,一,田,メ",,"べん, びん",たよ,,べん,"べん, びん, たよ",Tiện,
係,kanji,21,"⺅,一,糸",系,けい,かかり,,けい,"けい, かかり",Quan Hệ,Hệ
促,kanji,52,"⺅,足",,そく,うなが,,そく,"そく, うなが",Giục,Thúc Đẩy
俗,kanji,53,"⺅,谷","浴,族,続,賊,属",ぞく,,,ぞく,ぞく,Dân Gian,Tục
保,kanji,27,"⺅,口,木",,ほ,たも,,ほ,"ほ, たも",Duy Trì,Bảo
信,kanji,21,"⺅,言",,しん,,,しん,しん,Tin,Tín
修,kanji,30,"⺅,丨,夂,彡",,しゅう,,,しゅう,しゅう,Sửa,
俳,kanji,56,"⺅,非","拝,排",はい,,,はい,はい,Haiku,Hai
俵,kanji,56,"⺅,表",,ひょう,たわら,,ひょう,"ひょう, たわら",Bao,
俺,kanji,18,"⺅,大,田,乚",,,おれ,,おれ,おれ,Tôi,
倉,kanji,21,"𠆢,戸,一,口","蔵,庫",そう,くら,,そう,"そう, くら",Kho,
個,kanji,55,"⺅,固",,こ,,,こ,こ,Cá Nhân,Cá
倍,kanji,44,"⺅,咅","培,賠",ばい,,,ばい,ばい,Gấp,Bội
倒,kanji,28,"⺅,至,刂","到,刀,逃,島,盗",とう,たお,,とう,"とう, たお",Sụp Đổ,Đảo
候,kanji,30,"⺅,丨,ユ,矢",喉,こう,,,こう,こう,Khí Hậu,Hậu
借,kanji,18,"⺅,昔",釈,しゃく,か,,しゃく,"しゃく, か",Mượn,"Thuê, Vay"
値,kanji,32,"⺅,直","治,知,置",ち,"ね, あたい",,ち,"ち, ね, あたい",Giá Trị,Trị
倫,kanji,57,"⺅,𠆢,一,冊",,りん,,,りん,りん,Luân Lý,Luân
倹,kanji,58,"⺅,㑒","験,検,険,剣,鹸",けん,つま,,けん,"けん, つま",Tiết Kiệm,Kiệm
偉,kanji,63,"⺅,韋","違,位,囲,為",い,えら,,い,"い, えら",Giỏi,Vĩ
偏,kanji,61,"⺅,戸,冊","遍,編",へん,かたよ,,へん,"へん, かたよ",Nghiêng,Lệch
停,kanji,29,"⺅,高,丁",,てい,,,てい,てい,Dừng,Đình
健,kanji,27,"⺅,建",,けん,,,けん,けん,Lành Mạnh,
側,kanji,58,"⺅,則",測,そく,"がわ, そば",,がわ,"がわ, そば, そく",Bên,"Phía, Bên Cạnh"
偵,kanji,58,"⺅,ト,貝",,てい,,,てい,てい,Thám Tử,
偶,kanji,31,"⺅,田,冂,ム","遇,隅",ぐう,たま,,ぐう,"ぐう, たま",Tình Cờ,Ngẫu
偽,kanji,34,"⺅,為",疑,ぎ,にせ,,ぎ,"ぎ, にせ",Giả,Ngụy
傍,kanji,65,"⺅,立,方",,ぼう,"かたわ, そば",,ぼう,"ぼう, かたわ, そば",Bên Cạnh,
傑,kanji,67,"⺅,舛,木","決,結,潔",けつ,,,けつ,けつ,Kiệt Tác,Kiệt
傘,kanji,65,"𠆢,人,十",,さん,かさ,,かさ,"かさ, さん",Ô,
備,kanji,37,"⺅,艹,厂,用",,び,そな,,び,"び, そな",Chuẩn Bị,Bị
催,kanji,52,"⺅,山,隹",,さい,もよお,,さい,"さい, もよお",Tổ Chức,
傷,kanji,36,"⺅,𠂉,易",,しょう,"きず, いた",,しょう,"しょう, きず, いた",Vết Thương,
傾,kanji,66,"化,頁",,けい,かたむ,,けい,"けい, かたむ",Nghiêng,Khuynh
働,kanji,22,"⺅,動",,どう,はたら,,どう,"どう, はたら",Làm Việc,Động
像,kanji,28,"⺅,象",,ぞう,,,ぞう,ぞう,Tượng,
僕,kanji,56,"⺅,業",撲,ぼく,,,ぼく,ぼく,Tôi,Tớ
僚,kanji,63,"⺅,癶,日,小","療,寮",りょう,,,りょう,りょう,Đồng Nghiệp,Quan Chức
僧,kanji,54,"⺅,丷,田,日","憎,贈,増,層",そう,,,そう,そう,Sư,Tăng
儀,kanji,55,"⺅,義","議,犠",ぎ,,,ぎ,ぎ,Nghi Lễ,Nghi
億,kanji,57,"⺅,意",憶,おく,,,おく,おく,Trăm Triệu,
償,kanji,60,"⺅,賞",,しょう,つぐな,,しょう,"しょう, つぐな",Bồi Thường,Thường
優,kanji,24,"⺅,百,愛",,ゆう,"やさ, すぐ",,ゆう,"ゆう, やさ, すぐ",Xuất Sắc,Ưu
儲,kanji,70,"⺅,諸",,,"もう, もうけ",,もう,"もう, もうけ",Có Lãi,
元,kanji,7,"二,儿","言,原,厳","げん, がん",もと,,げん,"げん, がん, もと",Gốc,"Nguyên, Cựu"
兄,kanji,1,"口,儿","凶,恐,興",きょう,"あに, にい",,きょう,"きょう, あに, にい",Anh Trai,Huynh
充,kanji,29,"亠,ム,儿",,じゅう,,,じゅう,じゅう,Bổ Sung,Sung
兆,kanji,35,"丷,丿,L",潮,ちょう,きざ,,ちょう,"ちょう, きざ",Dấu Hiệu,Triệu
先,kanji,11,"丿,土,儿",失,せん,"さき, ま",,せん,"せん, さき, ま",Trước,Tiên
光,kanji,19,"⺌,一,儿",広,こう,"ひかり, ひか",,こう,"こう, ひかり, ひか",Ánh Sáng,Quang
克,kanji,43,"古,儿","刻,酷",こく,,,こく,こく,Khắc Phục,Khắc
免,kanji,19,免,,めん,まぬが,,めん,"めん, まぬが",Miễn,
児,kanji,39,"丨,日,儿",,じ,,,じ,じ,Nhi Đồng,Nhi
党,kanji,55,"𭕄,冖,兄","堂,灯,等,登",とう,,,とう,とう,Đảng,
入,kanji,2,入,人,にゅう,"はい, い",,にゅう,"にゅう, はい, い",Vào,Nhập
全,kanji,6,"𠆢,王",金,ぜん,"すべ, まった",,ぜん,"ぜん, すべ, まった",Hoàn Toàn,"Toàn, Tất Cả"
八,kanji,1,ハ,,はち,"や, よう",,はち,"はち, や, よう",Tám,Bát
公,kanji,5,"ハ,ム",工,こう,,,こう,こう,Công Cộng,Công
六,kanji,1,"亠,ハ","穴,緑,録",ろく,む,,ろく,"ろく, む",Sáu,Lục
共,kanji,20,"艹,一,ハ",,きょう,とも,,きょう,"きょう, とも",Cùng,
兵,kanji,39,"丘,ハ",平,"へい, ひょう",,,へい,"へい, ひょう",Lính,Binh
具,kanji,11,"目,一,ハ",,ぐ,,,ぐ,ぐ,Dụng Cụ,Cụ
典,kanji,17,"曲,ハ",点,てん,,,てん,てん,Điển Hình,Điển
内,kanji,6,"冂,人",,ない,うち,,ない,"ない, うち",Trong,Nội
円,kanji,1,"冂,亠",宴,えん,まる,,えん,"えん, まる",Yên,Tròn
冊,kanji,26,冊,"札,刷",さつ,,,さつ,さつ,Sách,
再,kanji,11,"王,冂","才,災,財","さ, さい",ふたた,,さ,"さ, さい, ふたた",Lại,Tái
冒,kanji,52,"日,目","胃,暴",ぼう,おか,,ぼう,"ぼう, おか",Mạo Hiểm,Mạo
冗,kanji,33,"冖,几",,じょう,,,じょう,じょう,Đùa,
写,kanji,15,"冖,𠂉,𠃌,一",謝,しゃ,うつ,,しゃ,"しゃ, うつ",Sao Chép,Tả
冬,kanji,8,"夂,二",東,とう,ふゆ,,ふゆ,"ふゆ, とう",Đông,
冷,kanji,20,"冫,令","齢,零,霊",れい,"つめ, ひ, さ",,れい,"れい, つめ, ひ, さ",Lạnh,
凄,kanji,18,"冫,妻",,,"すご, すさ",,すご,"すご, すさ",Tuyệt,Kinh Khủng
凍,kanji,37,"冫,東",,とう,"こお, こご",,とう,"とう, こお, こご",Đóng Băng,Đông
凝,kanji,48,"冫,疑",擬,ぎょう,"こ, こご",,ぎょう,"ぎょう, こ, こご",Cứng Đờ,
凡,kanji,5,"几,丶",,ぼん,"およ, あら",,ぼん,"ぼん, およ, あら",Bình Thường,Phàm
処,kanji,33,"夂,几",書,しょ,ところ,,しょ,"しょ, ところ",Xử Lý,Xử
凶,kanji,6,"凵,メ","区,兄,恐,興",きょう,,,きょう,きょう,Hung Ác,Hung
凸,kanji,34,凸,,とつ,でこ,,とつ,"とつ, でこ",Lồi,
凹,kanji,34,凹,,おう,"へこ, ぼこ",,おう,"おう, へこ, ぼこ",Lõm,Móp
出,kanji,2,山,,しゅつ,"で, だ",,で,"で, だ, しゅつ",Lối Ra,"Xuất, Xuất Hiện"
刀,kanji,4,刀,"逃,島,倒,盗",とう,かたな,,かたな,"かたな, とう",Kiếm,"Đao, Katana"
刃,kanji,10,"刀,丶",,,"は, やいば",,は,"は, やいば",Lưỡi Dao,
分,kanji,4,"ハ,刀",,"ふん, ぶん, ぶ",わ,,ふん,"ふん, ぶん, ぶ, わ",Phần,Phân
切,kanji,13,"七,刀","説,節,設,接",せつ,き,,せつ,"せつ, き",Cắt,Thiết
刈,kanji,33,"メ,刂",,,か,,か,か,Cắt,Tỉa
刊,kanji,34,"干,刂","刑,肝",かん,,,かん,かん,Phát Hành,
刑,kanji,37,"开,刂","刊,型,形",けい,,,けい,けい,Hình Phạt,Hình
列,kanji,24,"歹,刂",劣,れつ,,,れつ,れつ,Hàng,
初,kanji,9,"ネ,刀","所,署",しょ,"はじ, はつ",,しょ,"しょ, はじ, はつ",Lần Đầu,Sơ
判,kanji,38,"半,刂","反,犯,範","はん, ばん",,,はん,"はん, ばん",Phán,
別,kanji,16,"口,刀,刂",蔑,べつ,わか,,べつ,"べつ, わか",Riêng,"Biệt, Khác"
利,kanji,18,"禾,刂",,り,き,,り,"り, き",Lợi,
到,kanji,43,"至,刂","倒,致",とう,,,とう,とう,Đến Nơi,Đạt Được
制,kanji,31,"牛,巾,刂","刺,世,勢,誓",せい,,,せい,せい,Chế Độ,Chế
刷,kanji,43,"尸,巾,刂","冊,札",さつ,す,,さつ,"さつ, す",In,
券,kanji,44,"关,分",,けん,,,けん,けん,Phiếu,Vé
刺,kanji,42,"木,冂,刂",制,し,さ,,さ,"さ, し",Đâm,
刻,kanji,43,"亥,刂","克,酷",こく,きざ,,こく,"こく, きざ",Khắc,
剃,kanji,29,"弟,刂",,,そ,,そ,そ,Cạo,
則,kanji,13,"貝,刂","速,即",そく,,,そく,そく,Quy Tắc,Tắc
削,kanji,20,"⺌,月,刂","策,索",さく,けず,,さく,"さく, けず",Cắt Giảm,Gọt
前,kanji,8,"丷,一,月,刂","然,禅,善",ぜん,まえ,,ぜん,"ぜん, まえ",Trước,Tiền
剖,kanji,57,"咅,刂",,ぼう,,,ぼう,ぼう,Giải Phẫu,Phẫu
剣,kanji,47,"㑒,刂","験,検,険,倹,鹸",けん,つるぎ,,けん,"けん, つるぎ",Kiếm,
剤,kanji,30,"斉,刂","済,斎",ざい,,,ざい,ざい,Chất,
副,kanji,20,"一,口,田,刂",福,ふく,,,ふく,ふく,Phụ,Phó
剰,kanji,62,"乗,刂",,じょう,,,じょう,じょう,Thừa,Thái Quá
割,kanji,25,"害,刂",,,"わり, わ",,わり,"わり, わ",Chia,
創,kanji,21,"倉,刂",爽,そう,,,そう,そう,Sáng Tạo,Sáng
劇,kanji,38,"虍,豕,刂","撃,激,戯",げき,,,げき,げき,Kịch,
力,kanji,2,力,九,"りょく, りき",ちから,,りょく,"りょく, りき, ちから",Lực,Sức Mạnh
功,kanji,35,"工,力",,こう,,,こう,こう,Thành Công,Công
加,kanji,30,"力,口",,か,くわ,,か,"か, くわ",Thêm,Gia
劣,kanji,37,"少,力","列,烈,裂",れつ,おと,,れつ,"れつ, おと",Kém Hơn,
助,kanji,17,"且,力",,じょ,"たす, すけ",,じょ,"じょ, たす, すけ",Cứu,"Trợ, Giúp"
努,kanji,39,"奴,力",怒,ど,つと,,ど,"ど, つと",Nỗ Lực,Nỗ
励,kanji,42,"厂,万,力","礼,隷,例",れい,はげ,,れい,"れい, はげ",Khích Lệ,Lệ
労,kanji,22,"𭕄,冖,力",老,ろう,いたわ,,ろう,"ろう, いたわ",Lao Động,Lao
効,kanji,44,"交,力",,こう,き,,こう,"こう, き",Có Hiệu Quả,Hiệu
勇,kanji,46,"マ,男",融,ゆう,いさ,,ゆう,"ゆう, いさ",Dũng Mãnh,Dũng
勉,kanji,19,"免,力",,べん,,,べん,べん,Học Tập,Siêng Năng
動,kanji,18,"重,力","同,童",どう,うご,,どう,"どう, うご",Di Chuyển,Động
勘,kanji,61,"甘,匚,儿,力",,かん,,,かん,かん,Linh Cảm,Trực Giác
務,kanji,32,"矛,夂,力",無,む,つと,,む,"む, つと",Đảm Nhiệm,Vụ
勝,kanji,18,"月,关,力",,しょう,か,,しょう,"しょう, か",Thắng,
募,kanji,49,"莫,力","暮,墓,模",ぼ,つの,,ぼ,"ぼ, つの",Chiêu Mộ,Mộ
勢,kanji,36,"坴,丸,力","税,世,制,誓","せい, ぜい",いきお,,せい,"せい, ぜい, いきお",Đà,Thế
勤,kanji,32,"艹,口,生,力","近,禁",きん,つと,,きん,"きん, つと",Làm Việc,Cần
勧,kanji,42,"矢,隹,力","観,歓",かん,すす,,かん,"かん, すす",Đề Xuất,Khuyến
勿,kanji,26,"勹,丿",,もち,,,もち,もち,Không,
匂,kanji,26,"勹,匕",,,にお,,にお,にお,Mùi,
包,kanji,12,"勹,己",報,ほう,"つつ, くる",,ほう,"ほう, つつ, くる",Bọc,Bao
化,kanji,5,"⺅,匕",火,か,ば,,か,"か, ば",Biến Hóa,Hóa
北,kanji,5,"冫,丨,匕",,ほく,きた,,ほく,"ほく, きた",Hướng Bắc,Bắc
匠,kanji,29,"匚,斤",,しょう,,,しょう,しょう,Sư Phụ,
匹,kanji,19,"匚,儿",四,,ひき,,ひき,ひき,Hiki,Đếm Con Vật Nhỏ
区,kanji,4,"匚,メ",凶,く,,,く,く,Khu,
医,kanji,16,"匚,矢",,い,,,い,い,Y Tế,Y
匿,kanji,58,"匚,艹,右",,とく,かくま,,とく,"とく, かくま",Ẩn,Nặc
十,kanji,1,十,,じゅう,とお,,じゅう,"じゅう, とお",Mười,Thập
千,kanji,1,"一,十",干,せん,ち,,せん,"せん, ち",Nghìn,Thiên
午,kanji,8,"丿,干",牛,ご,,,ご,ご,Trưa,
半,kanji,13,"⺌,干","販,班,版",はん,なか,,はん,"はん, なか",Nửa,Bán
卒,kanji,17,"亠,人,十",,そつ,,,そつ,そつ,Tốt Nghiệp,Tốt
卓,kanji,29,"ト,早","宅,託,濯",たく,,,たく,たく,Bàn,
協,kanji,42,"十,力",,きょう,,,きょう,きょう,Chung Sức,Hiệp
南,kanji,15,"十,冂,丷,干",,なん,みなみ,,なん,"なん, みなみ",Hướng Nam,Nam
単,kanji,28,"𭕄,田,十",巣,たん,,,たん,たん,Đơn Giản,Đơn
博,kanji,41,"十,丶,田,寸","縛,薄",はく,,,はく,はく,Tiến Sĩ,
占,kanji,24,"ト,口",戦,せん,"うらな, し",,せん,"せん, うらな, し",Chiếm,
印,kanji,14,"丨,三,卩","飲,陰",いん,しるし,,いん,"いん, しるし",Dấu,Ấn
危,kanji,32,"勹,厂,卩",厄,き,"あぶ, あや",,き,"き, あぶ, あや",Nguy Hiểm,Nguy
即,kanji,23,"艮,卩","則,速",そく,,,そく,そく,Lập Tức,Tức
却,kanji,42,"去,卩",,きゃく,,,きゃく,きゃく,Ngược,
卵,kanji,27,"卩,丶",,,たまご,,たまご,たまご,Trứng,
卸,kanji,54,"午,止,卩",,,"おろし, おろ",,おろし,"おろし, おろ",Bán Sỉ,Bán Buôn
厄,kanji,33,"厂,卩",危,やく,,,やく,やく,Rắc Rối,Phiền Hà
厚,kanji,51,"厂,日,子",,こう,あつ,,あつ,"あつ, こう",Dày,
原,kanji,14,"厂,白,小","元,言,厳",げん,はら,,げん,"げん, はら",Nguyên,
厳,kanji,55,"𭕄,厂,敢","元,言,原",げん,"きび, おごそ",,げん,"げん, きび, おごそ",Nghiêm,
去,kanji,15,"土,ム",,"きょ, こ",さ,,きょ,"きょ, こ, さ",Quá Khứ,Khứ
参,kanji,30,"ム,大,彡",,さん,まい,,さん,"さん, まい",Tham Gia,Tham
及,kanji,24,"乃,人",,きゅう,およ,,きゅう,"きゅう, およ",Phổ Cập,Cập
友,kanji,15,"ナ,又","右,有",ゆう,とも,,ゆう,"ゆう, とも",Bạn,Hữu
双,kanji,19,又,,そう,ふた,,そう,"そう, ふた",Đôi,Song
反,kanji,8,"厂,又","犯,判,範",はん,,,はん,はん,Trái Với,Phản
収,kanji,27,"丩,又",,しゅう,おさ,,しゅう,"しゅう, おさ",Thu Được,Thu
叔,kanji,50,"上,小,又",,,,お,お,お,Chú,Dì
取,kanji,6,"耳,又",,しゅ,と,,と,"と, しゅ",Lấy,
受,kanji,14,"⺤,冖,又",樹,じゅ,う,,じゅ,"じゅ, う",Nhận,Thụ
口,kanji,1,口,,"こう, く",くち,,こう,"こう, く, くち",Miệng,Khẩu
古,kanji,1,"十,口",,こ,ふる,,こ,"こ, ふる",Cũ,Cổ
句,kanji,13,"勹,口",可,く,,,く,く,Câu,
叩,kanji,5,"口,卩",,,たた,,たた,たた,Vỗ,Đập
叫,kanji,28,"口,丩",,きょう,さけ,,きょう,"きょう, さけ",Hét,
召,kanji,34,"刀,口",,しょう,め,,しょう,"しょう, め",Triệu Tập,
可,kanji,10,"丁,口",句,か,,,か,か,Có Thể,Khả
台,kanji,4,"ム,口",代,"だい, たい",,,だい,"だい, たい",Giá Đỡ,"Đài, Bệ"
叱,kanji,5,"口,七",,,しか,,しか,しか,Mắng,
史,kanji,34,"丈,口",,し,,,し,し,Sử,
右,kanji,4,"ナ,口","石,左,有,友","ゆう, う",みぎ,,ゆう,"ゆう, う, みぎ",Phải,Hữu
叶,kanji,6,"口,十",,,かな,,かな,かな,Ban Ước,Thành Hiện Thực
号,kanji,22,"口,一,勹",,ごう,,,ごう,ごう,Số,Hiệu
司,kanji,19,"𠃌,一,口","四,子,自,死,私,思",し,,,し,し,Quản Lý,Tư
各,kanji,20,"夂,口",,かく,,,かく,かく,Các,
合,kanji,8,"𠆢,一,口",会,"ごう, がっ","あ, あい",,ごう,"ごう, がっ, あ, あい",Phù Hợp,Hợp
吉,kanji,6,"士,口",告,"きつ, きち",よし,,きつ,"きつ, きち, よし",Tốt Lành,Cát
吊,kanji,16,"口,巾",,ちょう,つ,,つ,"つ, ちょう",Treo,
同,kanji,9,"冋,一","童,動",どう,おな,,どう,"どう, おな",Giống,"Đồng, Cùng"
名,kanji,3,"夕,口",,"めい, みょう",な,,めい,"めい, みょう, な",Tên,Danh
吐,kanji,25,"口,土",,と,"は, つ",,は,"は, つ, と",Nôn,Thổ
向,kanji,24,"丶,冋",,こう,む,なた,こう,"こう, む, なた",Hướng,
君,kanji,37,"ヨ,丿,口",,くん,きみ,,くん,"くん, きみ",Cậu,Quân
吟,kanji,43,"口,今",,ぎん,,,ぎん,ぎん,Giám Định,
吠,kanji,5,"口,犬",,,ほ,,ほ,ほ,Sủa,Hú
否,kanji,21,"不,口",,ひ,"いな, いや",,ひ,"ひ, いな, いや",Không,Phủ
含,kanji,41,"今,口",,がん,ふく,,がん,"がん, ふく",Gồm,
吸,kanji,27,"口,及","級,扱,汲",きゅう,す,,きゅう,"きゅう, す",Hút,Hấp
吹,kanji,38,"口,欠",,すい,ふ,,ふ,"ふ, すい",Thổi,
呂,kanji,16,"口,丶","路,炉,賂",ろ,,,ろ,ろ,Bồn Tắm,
呆,kanji,42,"口,木",,ほう,"あき, ほけ, ぼ",,ほう,"ほう, あき, ほけ, ぼ",Cạn Lời,
告,kanji,10,"丿,土,口",吉,こく,つ,,こく,"こく, つ",Báo,Cáo
周,kanji,34,"冂,土,口","週,終,衆",しゅう,まわ,,しゅう,"しゅう, まわ",Xung Quanh,Chu
呪,kanji,43,"口,兄",,じゅ,のろ,,のろ,"のろ, じゅ",Nguyền Rủa,Chú
味,kanji,16,"口,未",,み,あじ,,み,"み, あじ",Vị,
呼,kanji,27,"口,平",,こ,よ,,よ,"よ, こ",Gọi,Hô
命,kanji,19,"𠆢,一,口,卩","令,明,迷","めい, みょう",いのち,,めい,"めい, みょう, いのち",Mạng Sống,"Mệnh, Mạng"
和,kanji,5,"丿,木,口",知,わ,"なご, やわ",より,わ,"わ, なご, やわ, より",Hòa Bình,"Hòa, Kiểu Nhật"
咲,kanji,51,"口,关",,,さ,,さ,さ,Nở,
咳,kanji,21,"口,亥",,,せき,,せき,せき,Ho,Cơn Ho
哀,kanji,30,"亠,口,𧘇",衰,あい,あわ,,あい,"あい, あわ",Đáng Thương,
品,kanji,14,口,,ひん,しな,,ひん,"ひん, しな",Phẩm Chất,"Phẩm, Hàng Hóa"
員,kanji,16,"口,貝",院,いん,,,いん,いん,Thành Viên,Viên
哲,kanji,57,"折,口","徹,鉄",てつ,,,てつ,てつ,Triết Lý,Triết
唇,kanji,58,"辰,口",,しん,くちびる,,くちびる,"くちびる, しん",Môi,
唐,kanji,55,"广,ヨ,口",,とう,から,,とう,"とう, から",Rán,Cay
唯,kanji,62,"口,隹",,ゆい,,,ゆい,ゆい,Duy Nhất,Duy
唱,kanji,61,"口,日",,しょう,とな,,しょう,"しょう, とな",Tụng,Xướng
唾,kanji,60,"口,垂",,"だ, た",つば,,つば,"つば, だ, た",Nước Bọt,
商,kanji,58,"立,冋,儿",,しょう,あきな,,しょう,"しょう, あきな",Buôn Bán,Thương
問,kanji,20,"門,口",文,もん,と,,もん,"もん, と",Hỏi,Vấn
善,kanji,53,"羊,丷,一,口","前,然,禅",ぜん,,,ぜん,ぜん,Thiện,
喉,kanji,35,"口,⺅,ユ,矢",候,こう,のど,,こう,"こう, のど",Họng,
喋,kanji,63,"口,世,木",蝶,,しゃべ,,しゃべ,しゃべ,Nói Chuyện,
喜,kanji,23,"十,豆,口",,き,よろこ,,き,"き, よろこ",Vui Mừng,Hỉ
喧,kanji,63,"口,宣",,けん,やかま,,けん,"けん, やかま",Ồn Ào,
喪,kanji,41,"十,口,衣",葬,そう,も,,そう,"そう, も",Tang,
喫,kanji,33,"口,生,刀,大",契,きつ,の,,きつ,"きつ, の",Ăn Uống,
営,kanji,63,"𭕄,冖,呂",宮,えい,いとな,,えい,"えい, いとな",Điều Hành,Doanh
嘆,kanji,59,"口,𦰩","炭,探",たん,なげ,,たん,"たん, なげ",Than Thở,Thán
嘘,kanji,25,"口,虍,业",,,うそ,,うそ,うそ,Lời Nói Dối,
嘩,kanji,63,"口,華",,か,,,か,か,Cãi Nhau,"Gây Gổ, Đánh Nhau"
噂,kanji,50,"口,丷,酉,寸",,,うわさ,,うわさ,うわさ,Lời Đồn,
噌,kanji,35,"口,八,⺌,日",,そ,,,そ,そ,Miso,So
噛,kanji,69,"口,歯",,,か,,か,か,Cắn,
器,kanji,15,"口,大",気,き,うつわ,,き,"き, うつわ",Dụng Cụ,"Khí, Đồ Đựng"
噴,kanji,69,"口,十,艹,貝",,ふん,,,ふん,ふん,Phun,
囚,kanji,34,"口,人",,しゅう,とら,,しゅう,"しゅう, とら",Tù,
四,kanji,1,"口,儿","匹,子,自,死,私,思,司",し,"よん, よ",,し,"し, よん, よ",Bốn,Tứ
回,kanji,3,口,"会,悔",かい,まわ,,かい,"かい, まわ",Xoay,Hồi
因,kanji,23,"口,大",困,いん,,,いん,いん,Nguyên Nhân,Nhân
団,kanji,12,"口,寸","段,断","だん, とん",,,だん,"だん, とん",Đoàn,
困,kanji,23,"口,木","因,混,婚,魂",こん,こま,,こん,"こん, こま",Khó Khăn,Khốn
囲,kanji,34,"口,井","位,為,偉",い,かこ,,い,"い, かこ",Chu Vi,Vi
図,kanji,16,"口,丶,メ",都,"ず, と",はか,,ず,"ず, と, はか",Biểu Đồ,Đồ
固,kanji,8,"口,古","硬,堅",こ,かた,,こ,"こ, かた",Cứng,Cố
国,kanji,12,"口,玉",黒,こく,くに,,こく,"こく, くに",Nước,Quốc
圏,kanji,63,"口,巻",,けん,,,けん,けん,Vòng,Quyển
園,kanji,23,"口,袁","遠,援",えん,その,,えん,"えん, その",Vườn,Viên
土,kanji,4,土,士,"ど, と",つち,,ど,"ど, と, つち",Đất,Thổ
圧,kanji,25,"厂,土",,あつ,,,あつ,あつ,Áp Lực,Áp
在,kanji,14,"ナ,丨,土","財,罪",ざい,,,ざい,ざい,Tồn Tại,Tại
地,kanji,4,"土,也",池,"ち, じ",,,ち,"ち, じ",Đất,Địa
坂,kanji,20,"土,反",阪,,さか,,さか,さか,Dốc,
均,kanji,11,"土,勹,二",,きん,,,きん,きん,Bình Quân,Quân
坊,kanji,26,"土,方","妨,防,房",ぼう,,,ぼう,ぼう,Sư,
垂,kanji,35,"工,田",乗,すい,た,,すい,"すい, た",Rủ Xuống,
型,kanji,25,"开,刂,土",刑,けい,かた,,けい,"けい, かた",Hình,
垣,kanji,53,"土,一,旦",,,かき,,かき,かき,Hàng Rào,
埃,kanji,55,"土,ム,矢",,,ほこり,,ほこり,ほこり,Bụi,
埋,kanji,55,"土,里",理,まい,"う, うず",,う,"う, うず, まい",Chôn,Mai
城,kanji,29,"土,成",域,じょう,しろ,,しろ,"しろ, じょう",Lâu Đài,Thành
域,kanji,24,"土,戈,口,一",城,いき,,,いき,いき,Khu Vực,Vực
執,kanji,61,"幸,丸","失,質","しゅう, しつ",と,,しゅう,"しゅう, しつ, と",Cố Chấp,Chấp
培,kanji,58,"土,咅","倍,賠",ばい,つちか,,ばい,"ばい, つちか",Trồng Trọt,
基,kanji,37,"其,土","墓,機",き,もと,,き,"き, もと",Dựa Trên,Cơ
堂,kanji,22,"𭕄,冖,口,土","党,道",どう,,,どう,どう,Nhà Chính,Đường
堅,kanji,65,"臣,又,土","硬,固",けん,かた,,かた,"かた, けん",Vững Vàng,Kiên
報,kanji,21,"幸,卩,又",包,ほう,むく,,ほう,"ほう, むく",Báo,
場,kanji,10,"土,日,勿","上,常",じょう,ば,,じょう,"じょう, ば",Địa Điểm,Trường
塀,kanji,67,"土,尸,丷,开",,へい,,,へい,へい,Tường Rào,
塊,kanji,67,"土,鬼",,かい,かたまり,,かたまり,"かたまり, かい",Cục,"Khối, Tảng"
塔,kanji,64,"土,艹,合",搭,とう,,,とう,とう,Tháp,
塗,kanji,66,"氵,余,土",,と,ぬ,,と,"と, ぬ",Bôi,Phết
塞,kanji,66,"宀,𡗗,土",寒,そく,ふさ,,ふさ,"ふさ, そく",Bịt,
塩,kanji,66,"土,𠂉,口,皿",,えん,しお,,しお,"しお, えん",Muối,Mặn
塾,kanji,31,"亠,口,子,丸,土",熟,じゅく,,,じゅく,じゅく,Juku,Lớp Học Thêm
境,kanji,41,"土,立,見","鏡,競",きょう,さかい,,きょう,"きょう, さかい",Ranh Giới,Cảnh
墓,kanji,35,"莫,土","募,暮,基,模",ぼ,はか,,ぼ,"ぼ, はか",Mộ,
増,kanji,44,"土,丷,田,日","僧,層,贈,憎",ぞう,"ふ, ま",,ぞう,"ぞう, ふ, ま",Tăng,
墜,kanji,69,"阝,丷,豕,土",追,つい,,,つい,つい,Rơi,
墨,kanji,68,"黒,土",,,すみ,,すみ,すみ,Mực,
壁,kanji,35,"尸,口,辛,土",璧,へき,かべ,,かべ,"かべ, へき",Tường,
壇,kanji,70,"土,亠,回,旦",,だん,,,だん,だん,Bàn Thờ,Đàn
壊,kanji,27,"土,十,罒,衣",懐,かい,こわ,,かい,"かい, こわ",Phá Hoại,Hoại
士,kanji,4,士,土,し,,,し,し,Sĩ Quan,Sĩ
声,kanji,9,"士,尸,丨",,せい,こえ,,こえ,"こえ, せい",Giọng,Thanh
売,kanji,13,"士,冖,儿",買,ばい,う,,う,"う, ばい",Bán,Mại
変,kanji,25,"亠,儿,ハ,夂","恋,連,練",へん,か,,へん,"へん, か",Lạ,Biến
夏,kanji,18,"丆,目,夂",下,"げ, か",なつ,,なつ,"なつ, げ, か",Hè,Hạ
夕,kanji,3,夕,籍,せき,ゆう,,ゆう,"ゆう, せき",Tối,Tịch
外,kanji,6,"夕,ト","害,概",がい,"そと, はず",,がい,"がい, そと, はず",Ngoài,Ngoại
多,kanji,4,夕,,た,おお,,た,"た, おお",Nhiều,Đa
夜,kanji,15,"亠,⺅,夂,丶",,や,"よ, よる",,や,"や, よ, よる",Đêm,
夢,kanji,23,"艹,罒,冖,夕",,む,ゆめ,,む,"む, ゆめ",Mơ,Mộng
大,kanji,2,大,"太,犬","たい, だい",おお,,たい,"たい, だい, おお",Lớn,"Đại, To"
天,kanji,2,"二,人",夫,てん,あま,,てん,"てん, あま",Thiên Đường,Thiên
太,kanji,3,"大,丶","犬,大",たい,ふと,,たい,"たい, ふと",Béo,Thái
夫,kanji,13,"二,人","天,父,府,富","ふう, ふ, ぶ",おっと,,ふう,"ふう, ふ, ぶ, おっと",Chồng,Phu
央,kanji,8,"口,人",,おう,,,おう,おう,Trung Tâm,
失,kanji,18,"丿,夫","矢,質,執",しつ,うしな,,しつ,"しつ, うしな",Mất,Thất
奇,kanji,31,"大,丁,口","期,記,紀,旗",き,,,き,き,Kỳ Lạ,Kỳ
奈,kanji,60,"大,示",,な,,,な,な,Na,
奏,kanji,52,"𡗗,天",,そう,かな,,そう,"そう, かな",Chơi Nhạc,Tấu
契,kanji,53,"生,刀,大","喫,計",けい,,,けい,けい,Hợp Đồng,Khế
奥,kanji,64,"丶,冂,米,大",,おう,おく,,おく,"おく, おう",Trong Cùng,
奨,kanji,60,"将,大",,しょう,,,しょう,しょう,Khuyến Khích,Học Bổng
奪,kanji,61,"大,隹,寸",脱,だつ,うば,,うば,"うば, だつ",Cướp,Đoạt
奮,kanji,70,"大,隹,田",粉,ふん,ふる,,ふん,"ふん, ふる",Hưng Phấn,Phấn
女,kanji,2,女,,じょ,"おんな, め",,じょ,"じょ, おんな, め",Nữ,"Gái, Phụ Nữ"
奴,kanji,34,"女,又",怒,ど,やつ,,ど,"ど, やつ",Nô Lệ,Nô
好,kanji,11,"女,子",,こう,"す, この",,こう,"こう, す, この",Thích,
妊,kanji,36,"女,王",任,にん,,,にん,にん,Mang Thai,
妖,kanji,31,"女,天",要,よう,あや,,よう,"よう, あや",Yêu Tinh,Yêu
妙,kanji,31,"女,少",,みょう,,,みょう,みょう,Lạ,Diệu
妥,kanji,42,"⺤,女",,だ,,,だ,だ,Thỏa,
妨,kanji,24,"女,方","坊,防,房",ぼう,さまた,,ぼう,"ぼう, さまた",Cản Trở,
妬,kanji,35,"女,石",,と,,,と,と,Ghen,
妹,kanji,16,"女,未",,まい,いもうと,,まい,"まい, いもうと",Em Gái,
妻,kanji,18,"十,ヨ,女",,さい,つま,,さい,"さい, つま",Vợ,Thê
姉,kanji,16,"女,市",,し,"あね, ねえ",,し,"し, あね, ねえ",Chị Gái,
始,kanji,7,"女,台",,し,はじ,,し,"し, はじ",Bắt Đầu,
姓,kanji,49,"女,生",,"せい, しょう",,,せい,"せい, しょう",Họ,
委,kanji,48,"禾,女",,い,ゆだ,,い,"い, ゆだ",Giao Phó,Ủy
姫,kanji,56,"女,臣",,,ひめ,,ひめ,ひめ,Công Chúa,
姻,kanji,47,"女,因",,いん,,,いん,いん,Hôn Nhân,Nhân
姿,kanji,36,"次,女",資,し,すがた,,し,"し, すがた",Bộ Dạng,Tư
威,kanji,53,"戊,一,女",,い,,,い,い,Ra Vẻ,Hống Hách
娘,kanji,21,"女,良",,,むすめ,,むすめ,むすめ,Con Gái,Cô Gái
娠,kanji,36,"女,辰","振,震",しん,,,しん,しん,Mang Thai,
婆,kanji,62,"波,女",,,"ばあ, ばば",,ばあ,"ばあ, ばば",Bà,
婚,kanji,47,"女,氏,日","困,混,魂",こん,,,こん,こん,Kết Hôn,Hôn
婦,kanji,36,"女,ヨ,冖,巾",,ふ,,,ふ,ふ,Quý Bà,Phụ
婿,kanji,66,"女,正,月",,,むこ,,むこ,むこ,Chú Rể,Con Rể
嫁,kanji,66,"女,家",,,"よめ, とつ",,よめ,"よめ, とつ",Cô Dâu,Con Dâu
嫉,kanji,35,"女,疒,矢",,しつ,,,しつ,しつ,Ghen,
嫌,kanji,36,"女,兼",謙,"けん, げん","いや, きら",,けん,"けん, げん, いや, きら",Ghét,
嬉,kanji,69,"女,喜",,き,うれ,,き,"き, うれ",Vui,
嬢,kanji,41,"女,㐮",譲,じょう,むすめ,,じょう,"じょう, むすめ",Cô Nương,
子,kanji,2,子,"四,自,死,私,思,司","し, す",こ,,し,"し, す, こ",Trẻ Con,"Tử, Trẻ, Con"
字,kanji,5,"宀,子","学,辞,慈,自",じ,,,じ,じ,Chữ,Tự
存,kanji,14,"ナ,丨,子","遜,尊,損","そん, ぞん",,,そん,"そん, ぞん",Tồn Tại,Tồn
孝,kanji,42,"耂,子",考,こう,,,こう,こう,Hiếu Thảo,Hiếu
季,kanji,18,"禾,子","規,鬼,軌,貴",き,,,き,き,Mùa,Quý
孤,kanji,53,"瓜,子","弧,狐",こ,,,こ,こ,Cô Độc,Cô
学,kanji,6,"𭕄,冖,子",字,がく,まな,,がく,"がく, まな",Học,
孫,kanji,55,"子,系",遜,そん,まご,,そん,"そん, まご",Cháu,
宅,kanji,18,"宀,一,七","卓,託,濯",たく,,,たく,たく,Nhà,
宇,kanji,35,"宀,干",雨,う,,,う,う,Vũ Trụ,Vũ
守,kanji,23,"宀,寸","手,首,殊","す, しゅ",まも,,す,"す, しゅ, まも",Bảo Vệ,Thủ
安,kanji,6,"宀,女","暗,闇,案",あん,やす,,あん,"あん, やす",An Toàn,"An, Rẻ"
完,kanji,7,"宀,元",,かん,,,かん,かん,Hoàn Thành,Hoàn
宗,kanji,50,"宀,示",,しゅう,,,しゅう,しゅう,Tôn Giáo,Tôn
官,kanji,4,"宀,㠯","宮,関,慣,観",かん,,,かん,かん,Sĩ Quan,Quan
宙,kanji,35,"宀,由",,ちゅう,,,ちゅう,ちゅう,Vũ Trụ,Trụ
定,kanji,10,"宀,正","訂,庭","てい, じょう",さだ,,てい,"てい, じょう, さだ",Xác Định,Định
宛,kanji,49,"宀,夕,卩",,,あて,,あて,あて,Người Nhận,
宜,kanji,50,"宀,且",宣,ぎ,よろ,,よろ,"よろ, ぎ",Tốt,
宝,kanji,25,"宀,王,丶",,ほう,たから,,ほう,"ほう, たから",Kho Báu,Báu
実,kanji,10,"宀,𡗗",,じつ,"み, みの",,じつ,"じつ, み, みの",Sự Thật,Thực
客,kanji,27,"宀,各",格,きゃく,,,きゃく,きゃく,Khách,
宣,kanji,52,"宀,一,旦","宜,選",せん,,,せん,せん,Tuyên Truyền,Tuyên
室,kanji,17,"宀,一,ム,土",,しつ,,,しつ,しつ,Phòng,
宮,kanji,57,"宀,呂","営,官",きゅう,みや,,みや,"みや, きゅう",Cung Điện,Cung
害,kanji,24,"宀,生,口","外,概",がい,,,がい,がい,Hại,
宴,kanji,60,"宀,日,女",円,えん,うたげ,,えん,"えん, うたげ",Tiệc,Yến
家,kanji,12,"宀,豕",,"か, け","いえ, うち, や",,か,"か, け, いえ, うち, や",Nhà,"Gia, Gia Đình"
容,kanji,25,"宀,谷",用,よう,い,,よう,"よう, い",Nội Dung,Dung
宿,kanji,48,"宀,⺅,百",,しゅく,やど,,しゅく,"しゅく, やど",Trọ,Túc
寂,kanji,61,"宀,上,小,又",,じゃく,"さび, さみ",,じゃく,"じゃく, さび, さみ",Cô Đơn,
寄,kanji,53,"宀,奇",,き,よ,,き,"き, よ",Đến Gần,Ghé
密,kanji,40,"宀,必,山",蜜,みつ,ひそ,,みつ,"みつ, ひそ",Bí Mật,Mật
富,kanji,46,"宀,一,口,田","父,夫,府",ふ,"と, とみ",,ふ,"ふ, と, とみ",Giàu,Phú
寒,kanji,28,"宀,𡗗,二","塞,韓",かん,さむ,,さむ,"さむ, かん",Lạnh,Hàn
寝,kanji,19,"宀,冫,丨,ヨ,冖,又","浸,侵",しん,ね,,ね,"ね, しん",Ngủ,
察,kanji,12,"宀,月,又,示","祭,殺",さつ,,,さつ,さつ,Quan Sát,Sát
寧,kanji,51,"宀,心,罒,丁",,ねい,,,ねい,ねい,Cẩn Thận,"Chỉnh Chu, Lịch Sự"
審,kanji,69,"宀,番",,しん,,,しん,しん,Thẩm Định,
寮,kanji,59,"宀,癶,日,小","僚,療",りょう,,,りょう,りょう,Ký Túc Xá,
寸,kanji,33,寸,,すん,,,すん,すん,Kích Thước,
寺,kanji,18,"土,寸","時,持,詩,侍",じ,てら,,てら,"てら, じ",Chùa,
対,kanji,8,"亠,メ,寸","待,帯,隊",たい,,,たい,たい,Đối,
寿,kanji,19,"𡗗,寸",,"じゅ, す",,,じゅ,"じゅ, す",Tuổi Thọ,Thọ
封,kanji,51,"土,寸","風,豊,放","ふう, ほう",,,ふう,"ふう, ほう",Niêm Phong,Phong
専,kanji,48,"十,田,寸",,せん,もっぱ,,せん,"せん, もっぱ",Chuyên,
射,kanji,56,"身,寸","車,社",しゃ,"さ, う",,しゃ,"しゃ, さ, う",Bắn,Xạ
将,kanji,47,"冫,丨,⺤,寸",相,しょう,,,しょう,しょう,Chỉ Huy,"Tương, Tướng"
尊,kanji,64,"丷,酉,寸","存,遜,損",そん,とうと,,そん,"そん, とうと",Quý Giá,Tôn
尋,kanji,65,"ヨ,工,口,寸",,じん,"たず, ひろ",,じん,"じん, たず, ひろ",Hỏi,Thẩm
導,kanji,40,"道,寸",,どう,みちび,,どう,"どう, みちび",Dẫn Dắt,Đạo
小,kanji,2,小,,しょう,"ちい, こ, お",,しょう,"しょう, ちい, こ, お",Nhỏ,"Tiểu, Bé"
少,kanji,4,"小,丿",,しょう,"すこ, すく",,しょう,"しょう, すこ, すく",Chút,"Thiếu, Thiểu"
尖,kanji,37,"小,大",,,とが,,とが,とが,Nhọn,
就,kanji,64,"京,犬",祝,しゅう,つ,,しゅう,"しゅう, つ",Nhậm Chức,
尻,kanji,33,"尸,九",,,しり,,しり,しり,Mông,Đít
尽,kanji,37,"尸,丶,二",,,つ,,つ,つ,Cạn Kiệt,
尾,kanji,33,"尸,毛",微,び,"お, ぽ",,び,"び, お, ぽ",Đuôi,Vĩ
局,kanji,22,"尸,𠃌,口",曲,きょく,,,きょく,きょく,Cục,
居,kanji,13,"尸,古","挙,距,拠",きょ,い,,きょ,"きょ, い",Cư Trú,Cư
屈,kanji,49,"尸,出",,くつ,かが,,くつ,"くつ, かが",Cúi Người,
届,kanji,47,"尸,由",,,とど,,とど,とど,Gửi,
屋,kanji,16,"尸,一,ム,土",,おく,や,,や,"や, おく",Hàng,"Quán, Tiệm, Mái Nhà"
展,kanji,19,"尸,艹,一,𧘇",転,てん,,,てん,てん,Triển,
属,kanji,64,"尸,一,虫,冂","族,続,賊,俗",ぞく,,,ぞく,ぞく,Thuộc,
層,kanji,60,"尸,丷,田,日","増,僧,贈,憎",そう,,,そう,そう,Tầng,
履,kanji,34,"尸,彳,复",,り,は,,り,"り, は",Đi Giày,Lý
山,kanji,1,山,,さん,やま,,さん,"さん, やま",Núi,Sơn
岡,kanji,49,"冂,丷,一,山",丘,,おか,,おか,おか,Oka,Sườn Núi
岩,kanji,48,"山,石","岸,顔,眼",がん,いわ,,いわ,"いわ, がん",Tảng Đá,Nham
岸,kanji,44,"山,厂,干",岩,がん,きし,,がん,"がん, きし",Bờ,
峠,kanji,55,"山,上,下",,,とうげ,,とうげ,とうげ,Đèo,
島,kanji,21,"鳥,山","刀,逃,倒,盗",とう,しま,,しま,"しま, とう",Đảo,
崇,kanji,62,"山,宗",,すう,,,すう,すう,Sùng Bái,Sùng
崎,kanji,62,"山,大,可",,,さき,,さき,さき,Saki,
崩,kanji,30,"山,月",,ほう,くず,,ほう,"ほう, くず",Sụp Đổ,
嵐,kanji,47,"山,風",,,あらし,,あらし,あらし,Dông Tố,Bão
川,kanji,1,川,河,せん,かわ,,かわ,"かわ, せん",Sông,Xuyên
州,kanji,35,"丶,川",,しゅう,,,しゅう,しゅう,Châu,Shuu
巡,kanji,37,"⻌,巛",循,じゅん,"めぐ, まわ",,じゅん,"じゅん, めぐ, まわ",Vòng Quanh,Tuần
巣,kanji,45,"𭕄,果",単,,す,,す,す,Tổ,Ổ
工,kanji,10,工,公,こう,,,こう,こう,Công Trình,Công
左,kanji,4,"ナ,工",右,さ,ひだり,,さ,"さ, ひだり",Trái,Tả
巧,kanji,31,"工,一,勹",,こう,たく,,こう,"こう, たく",Khéo Léo,Xảo
巨,kanji,22,匚,,きょ,,,きょ,きょ,Khổng Lồ,
差,kanji,54,"羊,工",,さ,さ,,さ,"さ, さ",Chiếu,"Khác Biệt, Chênh Lệch"
己,kanji,28,己,,こ,おのれ,,こ,"こ, おのれ",Bản Thân,
巻,kanji,20,"关,己",,かん,"ま, まき",,かん,"かん, ま, まき",Quấn,"Cuốn, Cuộn"
巾,kanji,11,巾,,きん,,,きん,きん,Khăn,
市,kanji,4,"亠,巾","氏,支,示,施,志",し,いち,,し,"し, いち",Thành Phố,Thị
布,kanji,11,"ナ,巾",,ふ,ぬの,,ふ,"ふ, ぬの",Vải,
希,kanji,20,"メ,布",,き,,,き,き,Hy Vọng,Hy
帝,kanji,52,"立,巾",提,てい,みかど,,てい,"てい, みかど",Hoàng Đế,Đế
師,kanji,24,"丶,㠯,一,巾",,し,,,し,し,Thầy,"Sư, Sĩ"
席,kanji,27,"广,凵,一,巾",,せき,,,せき,せき,Chỗ Ngồi,
帯,kanji,28,"山,一,冖,巾","対,待,隊",たい,おび,,たい,"たい, おび",Thắt Lưng,Đới
帰,kanji,18,"刂,ヨ,冖,巾",,き,かえ,,かえ,"かえ, き",Về,
帳,kanji,57,"巾,長",,ちょう,とばり,,ちょう,"ちょう, とばり",Sổ,Màn Che
常,kanji,23,"𭕄,冖,吊","上,場",じょう,つね,,じょう,"じょう, つね",Thường,
帽,kanji,64,"巾,日,目",幅,ぼう,,,ぼう,ぼう,Mũ,Nón
幅,kanji,64,"巾,一,口,田",帽,,はば,,はば,はば,Chiều Rộng,
幕,kanji,36,"莫,巾",漠,"まく, ばく",,,まく,"まく, ばく",Màn,"Mạc, Rèm"
幣,kanji,59,"丷,巾,夂",,へい,,,へい,へい,Tiền Tệ,Tệ
干,kanji,4,干,"千,乾",かん,ほ,,ほ,"ほ, かん",Khô,Can
平,kanji,5,"干,丷",兵,"へい, びょう","たい, ひら",,へい,"へい, びょう, たい, ひら",Phẳng,Bình
年,kanji,8,"午,一,丨",念,ねん,とし,,ねん,"ねん, とし",Năm,Niên
幸,kanji,15,"亠,辛","辛,行",こう,"しあわ, さいわ",,こう,"こう, しあわ, さいわ",Hạnh Phúc,Hạnh
幹,kanji,17,"十,早,𠆢,干",,かん,みき,,かん,"かん, みき",Thân Cây,Cán
幻,kanji,33,"幺,𠃌",幼,げん,まぼろし,,げん,"げん, まぼろし",Ảo Giác,Ảo
幼,kanji,34,"幺,力",幻,よう,おさな,,よう,"よう, おさな",Trẻ Con,Ấu
幽,kanji,54,"幺,山",,ゆう,,,ゆう,ゆう,Ma,
幾,kanji,46,"幺,戈,人",機,,いく,,いく,いく,Bao Nhiêu,
庁,kanji,12,"广,丁",,ちょう,,,ちょう,ちょう,Cục,
広,kanji,8,"广,ム",光,こう,ひろ,,ひろ,"ひろ, こう",Rộng,Quảng
床,kanji,19,"广,木",,しょう,"ゆか, とこ",,ゆか,"ゆか, とこ, しょう",Sàn,Giường
序,kanji,38,"广,予","除,徐",じょ,,,じょ,じょ,Trình Tự,Tự
底,kanji,44,"广,氏,一","抵,低",てい,そこ,,そこ,"そこ, てい",Đáy,Để
店,kanji,16,"广,ト,口",点,てん,みせ,,てん,"てん, みせ",Cửa Hàng,Tiệm
府,kanji,27,"广,付","符,父,夫,富",ふ,,,ふ,ふ,Chính Phủ,Phủ
度,kanji,12,"广,凵,一,又",,"ど, たく",たび,,ど,"ど, たく, たび",Độ,Lần
座,kanji,10,"广,人,土",,ざ,すわ,,ざ,"ざ, すわ",Ngồi,Tọa
庫,kanji,21,"广,車","蔵,倉",こ,くら,,こ,"こ, くら",Kho,
庭,kanji,54,"广,廴,王","定,訂",てい,にわ,,てい,"てい, にわ",Vườn,"Đình, Sân"
康,kanji,27,"广,ヨ,水",,こう,,,こう,こう,Sức Khỏe,
廃,kanji,66,"广,発",,はい,すた,,はい,"はい, すた",Phế,
廊,kanji,65,"广,郎",,ろう,,,ろう,ろう,Hành Lang,
延,kanji,44,"廴,正",,えん,の,,えん,"えん, の",Hoãn,
建,kanji,17,"廴,聿","見,件",けん,た,,けん,"けん, た",Xây,Kiến
弁,kanji,19,"ム,廾",,べん,,,べん,べん,Biện Minh,"Biện, Giọng, Cánh Hoa"
式,kanji,23,"弋,工",,しき,,,しき,しき,Lễ,Thức
弓,kanji,7,弓,,きゅう,ゆみ,,きゅう,"きゅう, ゆみ",Cung,
引,kanji,25,"弓,丨",,いん,ひ,,ひ,"ひ, いん",Kéo,
弟,kanji,16,"丷,弓,丨,丿",,"だい, で",おとうと,,だい,"だい, で, おとうと",Em Trai,Đệ
弧,kanji,42,"弓,瓜","狐,孤",こ,,,こ,こ,Dấu Ngoặc,
弱,kanji,11,"弓,冫",,じゃく,よわ,,じゃく,"じゃく, よわ",Yếu,Nhược
張,kanji,32,"弓,長",,ちょう,は,,ちょう,"ちょう, は",Căng,
強,kanji,11,"弓,ム,虫",,"きょう, ごう",つよ,,きょう,"きょう, ごう, つよ",Mạnh,"Cường, Khỏe"
弾,kanji,43,"弓,単",,だん,"ひ, はず, たま",,だん,"だん, ひ, はず, たま",Đàn Hồi,Đàn
当,kanji,19,"⺌,ヨ",,とう,あ,,とう,"とう, あ",Đoán,Đương
形,kanji,23,"开,彡",刑,"けい, ぎょう","かた, かたち",,けい,"けい, ぎょう, かた, かたち",Hình Dáng,Hình
彩,kanji,62,"⺤,木,彡",採,さい,いろど,,さい,"さい, いろど",Tô Màu,Màu Sắc
彫,kanji,43,"周,彡","調,鳥",ちょう,ほ,,ちょう,"ちょう, ほ",Điêu Khắc,Điêu
影,kanji,31,"日,京,彡",景,えい,かげ,,えい,"えい, かげ",Cái Bóng,Ảnh
役,kanji,38,"彳,殳","疫,益,訳,液,没","やく, えき",,,やく,"やく, えき",Vai Trò,Dịch Vụ
彼,kanji,15,"彳,皮",,,"かれ, かの",,かれ,"かれ, かの",Anh Ấy,
往,kanji,49,"彳,丶,王",,おう,,,おう,おう,Khứ Hồi,Đi Lại
径,kanji,49,"彳,又,土","軽,経",けい,,,けい,けい,Đường Kính,Kính
待,kanji,9,"彳,土,寸","持,対,帯,隊",たい,ま,,たい,"たい, ま",Đợi,"Đãi, Chờ"
律,kanji,14,"彳,聿",立,りつ,,,りつ,りつ,Luật,
後,kanji,8,"彳,幺,夂",,"ご, こう","うし, あと",,ご,"ご, こう, うし, あと",Sau,Hậu
徐,kanji,57,"彳,余","除,序",じょ,,,じょ,じょ,Từ Từ,
徒,kanji,54,"彳,走",,と,,,と,と,Học Sinh,
従,kanji,56,"彳,丷,正",縦,じゅう,したが,,じゅう,"じゅう, したが",Tuân Theo,Tùng
得,kanji,33,"彳,旦,寸","特,督,徳",とく,え,,とく,"とく, え",Có Được,Đắc
御,kanji,46,"彳,𠂉,正,卩",,ご,お,,ご,"ご, お",O,Go
復,kanji,49,"彳,复","複,服,伏,福",ふく,,,ふく,ふく,Khôi Phục,Phục
循,kanji,41,"彳,盾",巡,じゅん,,,じゅん,じゅん,Vòng Quanh,Tuần
微,kanji,66,"彳,山,一,儿,夂","徴,尾",び,かす,,び,"び, かす",Mơ Hồ,Vi
徳,kanji,52,"彳,十,罒,心","特,督,得",とく,,,とく,とく,Đạo Đức,Đức
徴,kanji,50,"彳,山,王,夂","微,長",ちょう,,,ちょう,ちょう,Tượng Trưng,Trưng
徹,kanji,44,"彳,育,夂","鉄,哲",てつ,,,てつ,てつ,Thâu,Triệt
心,kanji,5,心,"深,針",しん,こころ,,しん,"しん, こころ",Tim,Tâm
必,kanji,11,"心,丿",,ひつ,かなら,,ひつ,"ひつ, かなら",Tất Yếu,Tất
忍,kanji,30,"刃,心",,にん,しの,,にん,"にん, しの",Nhẫn Nại,Nhẫn
志,kanji,40,"士,心","思,市,氏,支,示,施",し,こころざ,,し,"し, こころざ",Quyết Chí,Chí
忘,kanji,28,"亡,心",,ぼう,わす,,ぼう,"ぼう, わす",Quên,
忙,kanji,34,"忄,亡",,ぼう,いそが,,ぼう,"ぼう, いそが",Bận,
応,kanji,41,"广,心",,おう,こた,,おう,"おう, こた",Đáp Ứng,Ứng
忠,kanji,10,"中,心",,ちゅう,,,ちゅう,ちゅう,Trung Thành,Trung
快,kanji,39,"忄,ユ,人",,かい,こころよ,,かい,"かい, こころよ",Thoải Mái,Khoái
念,kanji,41,"今,心",年,ねん,,,ねん,ねん,Kỷ Niệm,Niệm
怒,kanji,28,"女,又,心","努,奴",ど,"おこ, いか",,ど,"ど, おこ, いか",Tức Giận,Nộ
怖,kanji,43,"忄,布",,ふ,こわ,,ふ,"ふ, こわ",Sợ,
思,kanji,17,"田,心","志,四,子,自,死,私,司",し,おも,,おも,"おも, し",Nghĩ,Tư
怠,kanji,52,"台,心",,たい,"おこた, なま",,たい,"たい, おこた, なま",Lười,
急,kanji,17,"勹,ヨ,心",,きゅう,いそ,,きゅう,"きゅう, いそ",Vội,Cấp
性,kanji,7,"忄,生",,"せい, しょう",,,せい,"せい, しょう",Tính,Giới Tính
怪,kanji,31,"忄,又,土","海,開,階,改","かい, け",あや,,かい,"かい, け, あや",Đáng Nghi,Quái
恋,kanji,21,"亠,儿,ハ,心",変,れん,こい,,れん,"れん, こい",Yêu,Luyến
恐,kanji,43,"工,凡,心","兄,凶,興",きょう,"おそ, こわ",,きょう,"きょう, おそ, こわ",Sợ,Khủng
恥,kanji,54,"耳,心",,,"は, はじ",,は,"は, はじ",Xấu Hổ,
恨,kanji,53,"忄,艮",根,こん,うら,,こん,"こん, うら",Hận,
恩,kanji,56,"口,大,心",,おん,,,おん,おん,Ơn,Ân
息,kanji,54,"自,心",,そく,いき,,そく,"そく, いき",Thở,
恵,kanji,56,"十,田,心",,"え, けい",めぐ,,え,"え, けい, めぐ",Ban Cho,Huệ
悔,kanji,36,"忄,毎","海,回,会",かい,"くや, く",,かい,"かい, くや, く",Hối Hận,Hối
悟,kanji,57,"忄,五,口",,ご,さと,,ご,"ご, さと",Giác Ngộ,Ngộ
悠,kanji,62,"⺅,丨,夂,心",,ゆう,,,ゆう,ゆう,Ung Dung,Thong Thả
患,kanji,60,"串,心",,かん,わずら,,かん,"かん, わずら",Bị Bệnh,
悩,kanji,36,"忄,𭕄,凶",脳,のう,なや,,なや,"なや, のう",Trăn Trở,Não
悪,kanji,12,"覀,一,心",,あく,わる,,あく,"あく, わる",Xấu,"Ác, Tệ"
悲,kanji,37,"非,心","秘,被",ひ,かな,,ひ,"ひ, かな",Buồn,Bi
情,kanji,20,"忄,青","静,浄",じょう,なさ,,じょう,"じょう, なさ",Tình,
惑,kanji,21,"戈,口,一,心",,わく,まど,,わく,"わく, まど",Nghi Hoặc,Hoặc
惚,kanji,58,"忄,勿,心",,,"ほ, ぼ",,ほ,"ほ, ぼ",Phải Lòng,
惜,kanji,61,"忄,昔",,せき,お,,せき,"せき, お",Đáng Tiếc,Tiếc Nuối
惨,kanji,38,"忄,参",,さん,みじ,,さん,"さん, みじ",Thảm Hại,Thảm
想,kanji,30,"木,相",,そう,おも,,そう,"そう, おも",Tưởng,
愉,kanji,39,"忄,𠆢,前",輸,ゆ,たの,,ゆ,"ゆ, たの",Thoải Mái,Vui Nhộn
意,kanji,16,"音,心",,い,,,い,い,Ý,
愚,kanji,67,"田,冂,ム,心",,ぐ,おろ,,ぐ,"ぐ, おろ",Ngu Ngốc,Ngu
愛,kanji,21,"⺤,冖,心,夂",,あい,いと,,あい,"あい, いと",Yêu,Ái
感,kanji,20,"戊,一,口,心",,かん,,,かん,かん,Cảm,
慈,kanji,53,"丷,一,幺,心","磁,字,辞",じ,,,じ,じ,Nhân Từ,Từ
態,kanji,38,"能,心",,たい,わざ,,たい,"たい, わざ",Thái Độ,Thái
慌,kanji,44,"忄,荒",,こう,あわ,,こう,"こう, あわ",Hoảng,
慎,kanji,67,"忄,真","神,身,親",しん,つつし,,しん,"しん, つつし",Thận Trọng,Thận
慢,kanji,31,"忄,日,罒,又",漫,まん,,,まん,まん,Tự Mãn,Mãn
慣,kanji,26,"忄,毋,貝","貫,官,関,観",かん,な,,かん,"かん, な",Quen,Quán
慮,kanji,59,"虍,思",,りょ,,,りょ,りょ,Kiềm Chế,Lự
慰,kanji,69,"尸,示,寸,心",,い,なぐさ,,い,"い, なぐさ",An Ủi,
憎,kanji,45,"忄,丷,田,日","僧,贈,増,層",ぞう,にく,,ぞう,"ぞう, にく",Căm Ghét,Thù Hận
憧,kanji,69,"忄,立,里",瞳,,あこが,,あこが,あこが,Ngưỡng Mộ,
憩,kanji,59,"舌,自,心",,けい,いこ,,けい,"けい, いこ",Nghỉ Ngơi,Giải Lao
憲,kanji,46,"宀,生,罒,心",,けん,,,けん,けん,Hiến Pháp,Hiến
憶,kanji,41,"忄,意",億,おく,,,おく,おく,Ký Ức,Ức
懐,kanji,56,"忄,十,罒,衣",壊,かい,なつ,,なつ,"なつ, かい",Hoài Niệm,
懸,kanji,46,"県,系,心",,"けん, け",か,,けん,"けん, け, か",Treo,Hết Sức
成,kanji,7,"戊,勹",,せい,な,,せい,"せい, な",Thành,
我,kanji,29,"手,戈",,が,"われ, わ",,が,"が, われ, わ",Tôi,
戒,kanji,31,"戈,廾",,かい,いまし,,かい,"かい, いまし",Cảnh Báo,
戚,kanji,58,"戊,上,小",,せき,,,せき,せき,Họ Hàng,
戦,kanji,20,"𭕄,田,十,戈",占,せん,たたか,,せん,"せん, たたか",Chiến,
戯,kanji,17,"虍,业,戈",劇,ぎ,たわむ,,ぎ,"ぎ, たわむ",Nô Đùa,"Nghịch Ngợm, Chơi Khăm"
戴,kanji,58,"十,戈,田,共",,たい,いただ,,たい,"たい, いただ",Nhận,
戸,kanji,5,戸,,こ,と,,と,"と, こ",Cửa,
戻,kanji,16,"戸,大",,,もど,,もど,もど,Quay Lại,Để Lại
房,kanji,36,"戸,方","坊,妨,防",ぼう,ふさ,,ぼう,"ぼう, ふさ",Máy Lạnh,Máy Sưởi
所,kanji,6,"戸,斤","初,署",しょ,ところ,,しょ,"しょ, ところ",Chỗ,Sở
扇,kanji,56,"戸,羽",,せん,"おうぎ, あお",,せん,"せん, おうぎ, あお",Quạt,
扉,kanji,66,"戸,非",,,とびら,,とびら,とびら,Cánh Cửa,Cửa
手,kanji,3,手,"首,守,殊","しゅ, ず",て,,て,"て, しゅ, ず",Tay,Thủ
才,kanji,2,"一,亅,丿","丈,再,災,財",さい,,,さい,さい,Tài Năng,Tài
打,kanji,33,"扌,丁",,だ,"う, ぶ",,だ,"だ, う, ぶ",Đập,Đả
払,kanji,16,"扌,ム",私,,はら,,はら,はら,Trả Tiền,Phủi
扱,kanji,37,"扌,及","級,吸,汲",,あつか,,あつか,あつか,Xử Lý,Đối Xử
批,kanji,42,"扌,比",,ひ,,,ひ,ひ,Phê,
承,kanji,48,"子,二,水",,しょう,うけたまわ,,しょう,"しょう, うけたまわ",Chấp Nhận,
技,kanji,39,"扌,支",伎,ぎ,わざ,,ぎ,"ぎ, わざ",Kỹ Năng,Kỹ
抑,kanji,31,"扌,匚,卩",仰,よく,おさ,,よく,"よく, おさ",Kiềm Chế,
投,kanji,26,"扌,殳",,とう,な,,とう,"とう, な",Ném,
抗,kanji,41,"扌,亠,几",航,こう,,,こう,こう,Kháng,
折,kanji,17,"扌,斤",,せつ,"お, おり",,せつ,"せつ, お, おり",Gãy,"Gập, Gấp"
抜,kanji,38,"扌,友",,ばつ,ぬ,,ぬ,"ぬ, ばつ",Rút,Nhổ
択,kanji,43,"扌,尸,丶",沢,たく,えら,,たく,"たく, えら",Lựa Chọn,
披,kanji,60,"扌,皮","被,疲",ひ,,,ひ,ひ,Công Khai,
抱,kanji,28,"扌,包",,ほう,"だ, いだ, かか",,だ,"だ, いだ, かか, ほう",Ôm,
抵,kanji,41,"扌,氏,一","低,底",てい,,,てい,てい,Ngại Ngần,Phản Kháng
抹,kanji,50,"扌,末",,まつ,,,まつ,まつ,Xóa,Mạt
押,kanji,43,"扌,甲",抽,おう,お,,お,"お, おう",Ấn,Đẩy
抽,kanji,50,"扌,由",押,ちゅう,,,ちゅう,ちゅう,Trừu Tượng,Trừu
担,kanji,44,"扌,旦",,たん,"にな, かつ",,たん,"たん, にな, かつ",Gánh Vác,"Vác, Khiêng"
拉,kanji,50,"扌,立",,ら,,,ら,ら,Bắt Cóc,
拍,kanji,29,"扌,白","迫,泊",はく,,,はく,はく,Nhịp,Phách
拐,kanji,42,"扌,口,刀",,かい,,,かい,かい,Bắt Cóc,
拒,kanji,21,"扌,匚",距,きょ,こば,,きょ,"きょ, こば",Từ Chối,
拘,kanji,33,"扌,句",,こう,,,こう,こう,Giam,
招,kanji,9,"扌,刀,口","昭,紹,照,沼",しょう,まね,,しょう,"しょう, まね",Mời,
拝,kanji,48,"扌,干","俳,排",はい,おが,,はい,"はい, おが",Khấn Vái,Bái
拠,kanji,50,"扌,処","居,挙,距","きょ, こ",よ,,きょ,"きょ, こ, よ",Căn Cứ,Cứ
拡,kanji,50,"扌,広",,かく,ひろ,,かく,"かく, ひろ",Khuếch Đại,Khuếch
括,kanji,42,"扌,舌",活,かつ,くく,,かつ,"かつ, くく",Buộc,Quát
拭,kanji,51,"扌,式",,,"ふ, ぬぐ",,ふ,"ふ, ぬぐ",Chùi,Lau
拳,kanji,43,"关,手",挙,"けん, げん",こぶし,,けん,"けん, げん, こぶし",Nắm Đấm,Quyền
拶,kanji,18,"扌,巛,夕",,さつ,,,さつ,さつ,Chào Hỏi,
拷,kanji,54,"扌,考",,ごう,,,ごう,ごう,Tra Tấn,
拾,kanji,51,"扌,合",,,ひろ,,ひろ,ひろ,Nhặt,
持,kanji,8,"扌,土,寸","待,寺,時,詩,侍",じ,も,,じ,"じ, も",Giữ,"Trì, Cầm"
指,kanji,18,"扌,匕,日",旨,し,"ゆび, さ",,し,"し, ゆび, さ",Ngón,Chỉ
挑,kanji,40,"扌,兆",跳,ちょう,いど,,ちょう,"ちょう, いど",Thử Thách,
挙,kanji,43,"𭕄,一,ハ,手","拳,居,距,拠",きょ,あ,,きょ,"きょ, あ",Giơ Lên,Cử
挟,kanji,52,"扌,夫,丷",狭,きょう,はさ,,はさ,"はさ, きょう",Kẹp,Chèn
挨,kanji,18,"扌,ム,矢",,あい,,,あい,あい,Chào Hỏi,
振,kanji,56,"扌,辰","娠,震",しん,ふ,,しん,"しん, ふ",Vẫy,Chấn
挿,kanji,57,"扌,千,日",,そう,さ,,そう,"そう, さ",Đút Vào,
捕,kanji,33,"扌,十,丶,用","補,舗",ほ,"つか, とら",,ほ,"ほ, つか, とら",Bắt,
捗,kanji,56,"扌,歩",,ちょく,はかど,,ちょく,"ちょく, はかど",Tiến Triển,
捜,kanji,38,"扌,申,又",痩,そう,さが,,そう,"そう, さが",Tìm Kiếm,
捨,kanji,48,"扌,𠆢,土,口",,しゃ,す,,す,"す, しゃ",Vứt,
掃,kanji,59,"扌,ヨ,冖,巾",,そう,は,,そう,"そう, は",Quét,
授,kanji,62,"扌,受",,じゅ,さず,,じゅ,"じゅ, さず",Dạy Học,
掌,kanji,66,"𭕄,冖,口,手",,しょう,てのひら,,しょう,"しょう, てのひら",Lòng Bàn Tay,
排,kanji,59,"扌,非","拝,俳",はい,,,はい,はい,Thải,
掘,kanji,59,"扌,屈",,くつ,ほ,,くつ,"くつ, ほ",Đào,Quật
掛,kanji,25,"扌,土,ト",,,か,,か,か,Treo,
採,kanji,58,"扌,⺤,木",彩,さい,と,,さい,"さい, と",Hái,Lượm
探,kanji,58,"扌,冖,儿,木","炭,嘆",たん,"さが, さぐ",,たん,"たん, さが, さぐ",Tìm Kiếm,Thám
接,kanji,52,"扌,立,女","切,説,節,設",せつ,つ,,せつ,"せつ, つ",Tiếp Xúc,Tiếp
控,kanji,59,"扌,空",,こう,ひか,,ひか,"ひか, こう",Kiềm Chế,
推,kanji,60,"扌,隹",,すい,お,,すい,"すい, お",Ủng Hộ,Suy Luận
掲,kanji,44,"扌,日,勹,匕",,けい,かか,,けい,"けい, かか",Treo Lên,
揃,kanji,64,"扌,前",,せん,そろ,,そろ,"そろ, せん",Đầy Đủ,
描,kanji,62,"扌,艹,田","猫,苗",びょう,"か, えが",,びょう,"びょう, か, えが",Vẽ,Miêu
提,kanji,56,"扌,日,正",帝,てい,,,てい,てい,Đề Xuất,Đề
揚,kanji,55,"扌,易",,よう,あ,,あ,"あ, よう",Chiên Ngập Dầu,
換,kanji,49,"扌,勹,四,大",,かん,か,,かん,"かん, か",Đổi,Hoán
握,kanji,65,"扌,屋",,あく,にぎ,,あく,"あく, にぎ",Nắm,
揮,kanji,41,"扌,軍",,き,,,き,き,Chỉ Huy,Huy
援,kanji,41,"扌,⺤,一,友","園,遠",えん,,,えん,えん,Cổ Vũ,Viện
揺,kanji,40,"扌,⺤,缶",謡,よう,ゆ,,よう,"よう, ゆ",Rung,Dao
損,kanji,66,"扌,員","存,遜,尊",そん,そこ,,そん,"そん, そこ",Mất,"Tổn, Tốn"
搬,kanji,67,"扌,般",,はん,,,はん,はん,Vận Chuyển,
搭,kanji,66,"扌,艹,合",塔,とう,,,とう,とう,Lên Máy Bay,
携,kanji,66,"扌,隹,乃",,けい,たずさ,,けい,"けい, たずさ",Mang Theo,
摂,kanji,67,"扌,耳,丶",,せつ,と,,せつ,"せつ, と",Hấp Thụ,
摘,kanji,68,"扌,立,冂,古","適,滴,敵,的",てき,つ,,てき,"てき, つ",Nhúm,"Ngắt, Vặt"
摩,kanji,69,"广,木,手",磨,ま,さす,,ま,"ま, さす",Xoa Bóp,Ma
撃,kanji,22,"車,殳,手","劇,激",げき,う,,げき,"げき, う",Công Kích,Kích
撮,kanji,31,"扌,最",,さつ,と,,さつ,"さつ, と",Chụp,Quay
撲,kanji,56,"扌,業",僕,ぼく,,もう,ぼく,"ぼく, もう",Vật,
操,kanji,70,"扌,品,木","燥,繰,藻",そう,"あやつ, みさお",,そう,"そう, あやつ, みさお",Điều Khiển,Thao
擦,kanji,69,"扌,察",,さつ,"こす, す",,さつ,"さつ, こす, す",Chà Xát,Sát
擬,kanji,45,"扌,疑",凝,ぎ,,,ぎ,ぎ,Mô Phỏng,
支,kanji,16,"十,又","市,氏,示,施,志",し,ささ,,し,"し, ささ",Hỗ Trợ,Chi
改,kanji,34,"己,夂","海,開,階,怪",かい,あらた,,かい,"かい, あらた",Sửa Đổi,Cải
攻,kanji,22,"工,夂",,こう,せ,,こう,"こう, せ",Tấn Công,Công
放,kanji,21,"方,夂","豊,封",ほう,"はな, ほう",,ほう,"ほう, はな, ほう",Thả,Phóng
政,kanji,27,"正,夂",,せい,,,せい,せい,Chính Trị,Chính
故,kanji,52,"古,夂",,こ,,,こ,こ,Sự Cố,Cố
敏,kanji,57,"毎,夂",,びん,,,びん,びん,Nhạy Cảm,Mẫn
救,kanji,17,"求,夂",,きゅう,すく,,きゅう,"きゅう, すく",Cứu,
敗,kanji,18,"貝,夂",,はい,やぶ,,はい,"はい, やぶ",Thua,Bại
教,kanji,17,"耂,子,夂",,きょう,"おし, おそ",,きょう,"きょう, おし, おそ",Dạy,Giáo
敢,kanji,46,"丆,耳,夂",,かん,あ,,かん,"かん, あ",Dũng Cảm,Cảm
散,kanji,63,"艹,一,月,夂",,さん,ち,,さん,"さん, ち",Rải Rác,Tán
敬,kanji,64,敬,"驚,警",けい,うやま,,けい,"けい, うやま",Kính Trọng,Kính
数,kanji,30,"米,女,夂",,すう,"かぞ, かず",,すう,"すう, かぞ, かず",Số,
整,kanji,70,"束,夂,正",,せい,ととの,,せい,"せい, ととの",Chỉnh Chu,Chỉnh
敵,kanji,37,"立,冂,古,夂","摘,適,滴,的",てき,,,てき,てき,Địch,
敷,kanji,69,"丶,十,田,方,夂",,ふ,"しき, し",,しき,"しき, し, ふ",Trải,Bố Trí
文,kanji,5,文,"聞,問,門","ぶん, もん",ふみ,,ぶん,"ぶん, もん, ふみ",Văn,"Câu Văn, Câu"
斉,kanji,50,斉,,せい,,,せい,せい,Đồng Loạt,
斎,kanji,62,"斉,示","剤,済",さい,,,さい,さい,Thư Phòng,
斐,kanji,35,"非,文",,い,,,い,い,Đáng,
料,kanji,17,"米,斗",,りょう,,,りょう,りょう,Nguyên Liệu,Liệu
斜,kanji,62,"余,斗",,しゃ,なな,,しゃ,"しゃ, なな",Nghiêng,Chéo
斬,kanji,62,"車,斤",暫,ざん,き,,ざん,"ざん, き",Chém,Trảm
断,kanji,38,"L,米,斤","団,段",だん,"ことわ, た",,だん,"だん, ことわ, た",Chấm Dứt,Đoán
新,kanji,15,"立,木,斤",親,しん,"あたら, あら",,しん,"しん, あたら, あら",Mới,Tân
方,kanji,4,方,万,ほう,かた,,ほう,"ほう, かた",Hướng,Phương
施,kanji,36,"方,𠂉,也","市,氏,支,示,志","し, せ",,,し,"し, せ",Thi Hành,Thi
旅,kanji,17,"方,𠂉,𧘇",侶,りょ,たび,,りょ,"りょ, たび",Chuyến Đi,Lữ
族,kanji,13,"方,𠂉,矢","続,賊,俗,属",ぞく,,,ぞく,ぞく,Bộ Tộc,Tộc
旗,kanji,54,"方,𠂉,其","期,奇,記,紀",き,はた,,き,"き, はた",Cờ,Kỳ
既,kanji,47,"艮,牙",,き,すで,,き,"き, すで",Đã,
日,kanji,2,日,,"にち, じつ","ひ, か",,にち,"にち, じつ, ひ, か",Mặt Trời,"Nhật, Ngày"
旦,kanji,27,"日,一",,"たん, だん",,,たん,"たん, だん",Sáng Sớm,Tạm Thời
旧,kanji,34,"丨,日",,きゅう,,,きゅう,きゅう,Kiểu Cũ,Cựu
旨,kanji,37,"匕,日",指,し,うま,,し,"し, うま",Ngon,
早,kanji,3,"日,十",,そう,"はや, さ",,はや,"はや, さ, そう",Sớm,Nhanh
旬,kanji,37,"勹,日",,"じゅん, しゅん",,,じゅん,"じゅん, しゅん",Mười Ngày,Mùa
昆,kanji,11,"日,比",,こん,,,こん,こん,Côn Trùng,Côn
昇,kanji,48,"日,丶,廾",,しょう,のぼ,,しょう,"しょう, のぼ",Lên Cao,Thăng
明,kanji,16,"日,月","命,迷",めい,"あ, あか, あき",,めい,"めい, あ, あか, あき",Sáng,Minh
易,kanji,23,"日,勿",,"い, えき","やさ, やす",,い,"い, えき, やさ, やす",Dễ,
昔,kanji,18,"艹,一,日",,,むかし,,むかし,むかし,Xưa,Ngày Xưa
星,kanji,21,"日,生",,せい,ほし,,せい,"せい, ほし",Sao,Tinh
映,kanji,8,"日,央",英,えい,うつ,,えい,"えい, うつ",Ảnh,
春,kanji,17,"𡗗,日",,しゅん,はる,,はる,"はる, しゅん",Xuân,
昧,kanji,54,"日,未",,,まい,,まい,まい,Mơ Hồ,Muội
昨,kanji,47,"日,乍","酢,作",さく,,,さく,さく,Trước,
昭,kanji,34,"日,召","招,紹,照,沼",しょう,,,しょう,しょう,Shouwa,Shou
是,kanji,23,"日,正",,ぜ,,,ぜ,ぜ,Zehi,Ze
昼,kanji,14,"尸,丶,日,一",,ちゅう,ひる,,ひる,"ひる, ちゅう",Trưa,
時,kanji,9,"日,土,寸","寺,持,詩,侍",じ,とき,,じ,"じ, とき",Thời Gian,"Thời, Giờ, Lúc, Khi"
晩,kanji,23,"日,免",,ばん,,,ばん,ばん,Tối,
普,kanji,24,"丷,一,业,日",,ふ,,,ふ,ふ,Phổ Biến,Phổ
景,kanji,63,"日,京","影,警,競",けい,,,けい,けい,Cảnh,
晴,kanji,63,"日,青",,せい,は,,は,"は, せい",Trời Đẹp,"Quang Đãng, Sáng Tỏ"
晶,kanji,66,日,,しょう,,,しょう,しょう,Pha Lê,Tinh
暇,kanji,59,"日,卩,二,匚,又",,か,ひま,,か,"か, ひま",Rảnh,
暑,kanji,42,"日,者",署,しょ,あつ,,あつ,"あつ, しょ",Nóng,
暖,kanji,36,"日,⺤,一,友",,だん,あたた,,だん,"だん, あたた",Ấm,
暗,kanji,41,"日,立","安,闇,案",あん,くら,,あん,"あん, くら",Tối,Ám
暦,kanji,34,"厂,木,日","歴,磨",れき,こよみ,,れき,"れき, こよみ",Lịch,
暫,kanji,59,"車,斤,日","斬,残",ざん,しばら,,ざん,"ざん, しばら",Tạm Thời,
暮,kanji,45,"莫,日","募,墓",ぼ,く,,ぼ,"ぼ, く",Sống,Tối Đi
暴,kanji,44,"日,共,水",冒,"ぼう, ばく",あば,,ぼう,"ぼう, ばく, あば",Bạo Lực,Bạo
曇,kanji,70,"日,雲",,,くも,,くも,くも,Nhiều Mây,
曖,kanji,54,"日,愛",,あい,,,あい,あい,Mơ Hồ,Ái
曜,kanji,25,"日,ヨ,隹",,よう,,,よう,よう,Thứ,
曰,kanji,33,"口,一",,,いわ,,いわ,いわ,Theo Lời,
曲,kanji,17,"口,廾",局,きょく,ま,,きょく,"きょく, ま",Cong,"Khúc, Ca Khúc"
更,kanji,38,"一,田,メ",,こう,"さら, ふ",,こう,"こう, さら, ふ",Làm Mới,Hơn Nữa
書,kanji,14,"聿,日",処,しょ,か,,か,"か, しょ",Viết,Thư
替,kanji,39,"夫,日",,,か,,か,か,Thay Thế,
最,kanji,9,"日,取",,さい,もっと,,さい,"さい, もっと",Nhất,
月,kanji,3,月,,"げつ, がつ",つき,,げつ,"げつ, がつ, つき",Mặt Trăng,"Nguyệt, Tháng"
有,kanji,4,"ナ,月","右,友",ゆう,あ,,ゆう,"ゆう, あ",Có,Hữu
服,kanji,16,"月,卩,又","伏,復,福",ふく,,,ふく,ふく,Quần Áo,Phục
朗,kanji,56,"良,月","郎,浪",ろう,ほが,,ろう,"ろう, ほが",Vui Tươi,
望,kanji,20,"亡,月,王",,ぼう,のぞ,,ぼう,"ぼう, のぞ",Mong,Vọng
朝,kanji,14,"十,早,月",,ちょう,あさ,,あさ,"あさ, ちょう",Sáng,
期,kanji,9,"其,月","奇,記,紀,旗",き,,,き,き,Thời Kỳ,Kỳ
木,kanji,3,木,,もく,"き, こ",,もく,"もく, き, こ",Cây,"Mộc, Gỗ"
未,kanji,9,"一,木",末,み,"ま, いま",,み,"み, ま, いま",Chưa,Vị
末,kanji,11,"一,木",未,まつ,すえ,,まつ,"まつ, すえ",Cuối,Mạt
本,kanji,3,"木,一",,ほん,もと,,ほん,"ほん, もと",Sách,Bản
札,kanji,33,"木,乚","冊,刷",さつ,ふだ,,さつ,"さつ, ふだ",Thẻ,"Bảng, Lá Bài, Tờ Tiền"
机,kanji,36,"木,几",,き,つくえ,,つくえ,"つくえ, き",Bàn,
材,kanji,20,"木,才",財,ざい,,,ざい,ざい,Gỗ,Tài
村,kanji,27,"木,寸",,そん,むら,,むら,"むら, そん",Làng,Thôn
束,kanji,24,"木,口",,そく,たば,,そく,"そく, たば",Bó,
条,kanji,23,"夂,木",,じょう,,,じょう,じょう,Điều Khoản,Điều
来,kanji,9,"一,米",,らい,"く, き",,らい,"らい, く, き",Đến,Lai
杯,kanji,18,"木,不",,はい,,,はい,はい,Cốc,"Chén, Ly"
東,kanji,10,"木,日",冬,とう,ひがし,,とう,"とう, ひがし",Hướng Đông,Đông
松,kanji,49,"木,公",,しょう,まつ,,まつ,"まつ, しょう",Cây Thông,Thông
板,kanji,44,"木,反",,"ばん, はん",いた,,ばん,"ばん, はん, いた",Bảng,"Tấm, Ván"
析,kanji,50,"木,斤","跡,積,績",せき,,,せき,せき,Phân Tích,Tích
枕,kanji,28,"木,冖,丿,L",,,まくら,,まくら,まくら,Gối,
林,kanji,4,木,"隣,臨",りん,はやし,,りん,"りん, はやし",Rừng,Lâm
枚,kanji,49,"木,夂",,まい,,,まい,まい,Tờ,
果,kanji,22,"田,木",,か,"くだ, は",,か,"か, くだ, は",Quả,
枝,kanji,22,"木,支",,,えだ,,えだ,えだ,Cành,
枠,kanji,31,"木,九,十",,,わく,,わく,わく,Khung,"Khuôn Khổ, Phạm Vi"
枯,kanji,29,"木,古",,,か,,か,か,Héo,
架,kanji,53,"力,口,木",,か,か,,か,"か, か",Giá,
柄,kanji,53,"木,丙",,え,がら,,がら,"がら, え",Cán,"Chuôi, Hoa Văn, Nhân Cách"
染,kanji,29,"氵,九,木",,せん,そ,,せん,"せん, そ",Nhiễm,
柔,kanji,51,"矛,木",,じゅう,やわ,,じゅう,"じゅう, やわ",Mềm,Dẻo
柱,kanji,29,"木,主","注,駐",ちゅう,はしら,,ちゅう,"ちゅう, はしら",Cột,Trụ
柴,kanji,36,"止,匕,木",紫,さい,しば,,しば,"しば, さい",Củi,
柵,kanji,53,"木,冊",,さく,,,さく,さく,Hàng Rào,
査,kanji,37,"木,且",,さ,,,さ,さ,Điều Tra,Tra
栄,kanji,46,"𭕄,冖,木",永,えい,さか,,えい,"えい, さか",Vinh Dự,Vinh
栓,kanji,38,"木,𠆢,王",,せん,,,せん,せん,Nắp Chai,
校,kanji,9,"木,交",,こう,,,こう,こう,Trường,
株,kanji,56,"木,丿,未",殊,しゅ,かぶ,,かぶ,"かぶ, しゅ",Cổ Phiếu,Gốc Cây
核,kanji,39,"木,亥",,かく,,,かく,かく,Hạt Nhân,
根,kanji,50,"木,艮",恨,こん,ね,,こん,"こん, ね",Rễ,Căn
格,kanji,33,"木,各","客,革,隔",かく,,,かく,かく,Cách,
栽,kanji,58,"二,木,戈","載,裁,歳",さい,,,さい,さい,Trồng Trọt,
桃,kanji,57,"木,兆",,,もも,,もも,もも,Đào,
案,kanji,56,"安,木","安,暗,闇",あん,,,あん,あん,Đề Án,Án
桜,kanji,26,"木,𭕄,女",,,さくら,,さくら,さくら,Anh Đào,Hoa Anh Đào
梅,kanji,4,"木,毎",,,うめ,,うめ,うめ,Quả Mơ,Mơ
械,kanji,60,"木,戒",,かい,,,かい,かい,Máy,Giới
棄,kanji,66,"亠,ム,果",,き,,,き,き,Tiêu Hủy,
棋,kanji,47,"木,其","期,欺",き,,,き,き,Shougi,Ki
棒,kanji,48,"木,𡗗,干",,ぼう,,,ぼう,ぼう,Gậy,
棚,kanji,64,"木,月",,,たな,,たな,たな,Giá,Tủ
森,kanji,7,木,,しん,もり,,もり,"もり, しん",Rừng,
椅,kanji,63,"木,奇",,い,,,い,い,Ghế,
植,kanji,50,"木,直","殖,食",しょく,う,,しょく,"しょく, う",Trồng,Thực
椒,kanji,37,"木,上,小,又",,しょう,,,しょう,しょう,Hạt Tiêu,Tiêu
検,kanji,38,"木,㑒","験,険,倹,鹸,剣",けん,,,けん,けん,Kiểm Tra,Kiểm
業,kanji,15,"业,羊,ハ",,ぎょう,,,ぎょう,ぎょう,Công Việc,Nghiệp
極,kanji,63,"木,一,勹,口,又",,"きょく, ごく",きわ,,きょく,"きょく, ごく, きわ",Cực Kỳ,Cực
楽,kanji,15,"白,冫,木","落,絡","らく, がく",たの,,らく,"らく, がく, たの",Thoải Mái,"Lạc, Nhạc"
概,kanji,46,"木,艮,牙","外,害",がい,,,がい,がい,Đại Khái,Khái
構,kanji,21,"木,冓","講,購,横",こう,かま,,こう,"こう, かま",Cấu Tạo,Cấu
様,kanji,21,"木,羊,水",,よう,さま,,さま,"さま, よう",Tình Trạng,"Bộ Dạng, Sama"
標,kanji,37,"木,覀,示","表,票",ひょう,しるし,,ひょう,"ひょう, しるし",Biển Báo,Tiêu
模,kanji,45,"木,莫","墓,募","も, ぼ",,,も,"も, ぼ",Mô Hình,Mô
権,kanji,48,"木,矢,隹",,けん,,,けん,けん,Quyền,
横,kanji,38,"木,黄",構,おう,よこ,,よこ,"よこ, おう",Ngang,Hoành
樹,kanji,50,"木,十,豆,寸",受,じゅ,き,いつき,じゅ,"じゅ, き, いつき",Cây,Thụ
橋,kanji,23,"木,天,口,冋",,きょう,はし,,はし,"はし, きょう",Cầu,
機,kanji,32,"木,幺,戈,人","幾,基",き,,,き,き,Máy,Cơ
欄,kanji,46,"木,門,東",,らん,,,らん,らん,Cột,
欠,kanji,10,"𠂉,人",決,けつ,か,,けつ,"けつ, か",Thiếu,Sứt
次,kanji,24,"冫,欠",,"じ, し","つぎ, つ",,じ,"じ, し, つぎ, つ",Tiếp,
欧,kanji,35,"区,欠",殴,おう,,,おう,おう,Châu Âu,Âu
欲,kanji,32,"谷,欠",浴,よく,ほ,,よく,"よく, ほ",Muốn,Dục
欺,kanji,66,"其,欠",,ぎ,あざむ,,ぎ,"ぎ, あざむ",Lừa,
歌,kanji,13,"可,欠",,か,うた,,か,"か, うた",Bài Hát,"Ca, Hát"
歓,kanji,39,"矢,隹,欠","観,勧",かん,,,かん,かん,Hoan Hỉ,Hoan
止,kanji,5,"丨,上",,し,"と, や",,し,"し, と, や",Dừng,
正,kanji,8,"一,止","生,青","せい, しょう","ただ, まさ",,せい,"せい, しょう, ただ, まさ",Đúng,Chính
武,kanji,15,"一,弋,止",舞,ぶ,,,ぶ,ぶ,Võ,Vũ
歩,kanji,11,"止,少",,ほ,"ある, あゆ",,ほ,"ほ, ある, あゆ",Đi Bộ,Bộ
歯,kanji,16,"止,凵,米",,し,は,,は,"は, し",Răng,
歳,kanji,23,"止,戊,一,小","載,裁,栽","さい, せい",とし,,さい,"さい, せい, とし",Tuổi,
歴,kanji,34,"厂,木,止",暦,れき,,,れき,れき,Lịch Sử,Lịch
死,kanji,8,"歹,匕","四,子,自,私,思,司",し,し,,し,"し, し",Chết,Tử
殊,kanji,39,"歹,丿,未","株,手,首,守",しゅ,こと,,しゅ,"しゅ, こと",Đặc Thù,Thù
残,kanji,41,"歹,戈,二",暫,ざん,のこ,,ざん,"ざん, のこ",Còn Lại,Tàn
殖,kanji,48,"歹,直","植,食",しょく,ふ,,しょく,"しょく, ふ",Phồn Thực,Thực
殴,kanji,33,"区,殳",欧,おう,なぐ,,おう,"おう, なぐ",Đấm,Ẩu
段,kanji,23,"乍,殳","団,断",だん,,,だん,だん,Cầu Thang,Đoạn
殺,kanji,26,"メ,木,殳",察,さつ,ころ,,さつ,"さつ, ころ",Giết,Sát
殻,kanji,40,"士,冖,几,殳",確,かく,"から, がら",,かく,"かく, から, がら",Vỏ,Xác
殿,kanji,57,"尸,共,殳",電,でん,どの,,でん,"でん, どの",Điện Hạ,Điện
母,kanji,3,毋,,ぼ,"はは, かあ",,ぼ,"ぼ, はは, かあ",Mẹ,Mẫu
毎,kanji,3,"𠂉,毋",,まい,ごと,,まい,"まい, ごと",Mỗi,Hằng
毒,kanji,36,"生,毋","読,独",どく,,,どく,どく,Độc,
比,kanji,7,比,,ひ,くら,,ひ,"ひ, くら",So Sánh,Tỷ
毛,kanji,11,毛,,もう,け,,もう,"もう, け",Lông,
氏,kanji,15,氏,"市,支,示,施,志",し,,,し,し,Họ,Thị
民,kanji,13,"口,氏",,みん,,,みん,みん,Dân,
気,kanji,7,"气,メ",器,"き, け",き,,き,"き, け, き",Khí,Tinh Thần
水,kanji,3,水,,すい,みず,,すい,"すい, みず",Nước,Thủy
氷,kanji,34,"丶,水",,ひょう,こおり,,こおり,"こおり, ひょう",Băng,
永,kanji,28,"丶,水","泳,栄",えい,なが,,えい,"えい, なが",Vĩnh Viễn,Vĩnh
汁,kanji,35,"氵,十",,じゅう,しる,,じゅう,"じゅう, しる",Nước Cốt,
求,kanji,13,"一,水,丶",,きゅう,もと,,きゅう,"きゅう, もと",Yêu Cầu,Cầu
汗,kanji,20,"氵,干",,,あせ,,あせ,あせ,Mồ Hôi,
汚,kanji,29,"氵,二,勹",,お,"きたな, よご, けが",,お,"お, きたな, よご, けが",Bẩn,Ô
江,kanji,37,"氵,工",,,え,,え,え,Edo,E
池,kanji,20,"氵,也","他,地",ち,いけ,,ち,"ち, いけ",Ao,
汲,kanji,41,"氵,及","級,扱,吸",,く,,く,く,Múc,
決,kanji,10,"氵,ユ,人","欠,結,潔,傑",けつ,き,,けつ,"けつ, き",Quyết Định,Quyết
汽,kanji,42,"氵,气",,き,,,き,き,Hơi Nước,Khí
沈,kanji,40,"氵,冖,丿,L",,ちん,しず,,ちん,"ちん, しず",Chìm,
沖,kanji,27,"氵,中",,,おき,,おき,おき,Okinawa,Oki
没,kanji,40,"氵,殳",役,ぼつ,,,ぼつ,ぼつ,Đắm,Chìm
沢,kanji,42,"氵,尸,丶",択,たく,さわ,,たく,"たく, さわ",Khe Nước,
河,kanji,25,"氵,可",川,か,かわ,,か,"か, かわ",Sông,Hà
沸,kanji,48,"氵,弓,丿,丨",,ふつ,わ,,ふつ,"ふつ, わ",Sôi,
油,kanji,38,"氵,由",,ゆ,あぶら,,ゆ,"ゆ, あぶら",Dầu,
治,kanji,6,"氵,台","知,置,値","じ, ち",なお,,じ,"じ, ち, なお",Chữa,Trị
沼,kanji,48,"氵,召","招,昭,紹,照",しょう,ぬま,,ぬま,"ぬま, しょう",Đầm,Đầm Lầy
沿,kanji,44,"氵,ハ,口",鉛,えん,そ,,えん,"えん, そ",Dọc Theo,Ven
況,kanji,38,"氵,兄",,きょう,,,きょう,きょう,Tình Hình,
泉,kanji,28,"白,水",,せん,いずみ,,せん,"せん, いずみ",Suối,
泊,kanji,48,"氵,白","迫,拍",はく,と,,はく,"はく, と",Trọ,
法,kanji,28,"氵,去",,ほう,,,ほう,ほう,Luật,Pháp
泡,kanji,49,"氵,包",,ほう,"あわ, あぶく",,ほう,"ほう, あわ, あぶく",Bọt,Bong Bóng
波,kanji,34,"氵,皮","破,派",は,なみ,,は,"は, なみ",Sóng,
泣,kanji,14,"氵,立",,きゅう,な,,な,"な, きゅう",Khóc,
泥,kanji,48,"氵,尸,匕",,でい,どろ,,どろ,"どろ, でい",Bùn,
注,kanji,16,"氵,主","住,柱,駐",ちゅう,"そそ, つ",,ちゅう,"ちゅう, そそ, つ",Rót,Chú
泳,kanji,20,"氵,丶,水",永,えい,およ,,およ,"およ, えい",Bơi,
洋,kanji,14,"氵,羊","陽,養",よう,,,よう,よう,Kiểu Tây,Dương
洒,kanji,46,"氵,西",,しゃ,,,しゃ,しゃ,Đùa,
洗,kanji,27,"氵,先",,せん,あら,,せん,"せん, あら",Rửa,
津,kanji,34,"氵,聿",,しん,つ,,つ,"つ, しん",Tsunami,Tsu
洪,kanji,54,"氵,共",港,こう,,,こう,こう,Lũ Lụt,Hồng
活,kanji,18,"氵,舌",括,かつ,,,かつ,かつ,Sinh Hoạt,Hoạt
派,kanji,51,"氵,厂,𧘇","破,波",は,,,は,は,Phe,Phái
流,kanji,22,"氵,亠,ム,川","留,竜",りゅう,なが,,りゅう,"りゅう, なが",Trôi,Lưu
浄,kanji,27,"氵,争",情,じょう,,,じょう,じょう,Thanh Tịnh,Tịnh
浅,kanji,33,"氵,戈,二","銭,践",せん,あさ,,あさ,"あさ, せん",Nông,
浜,kanji,47,"氵,兵",,,はま,,はま,はま,Bãi Biển,
浪,kanji,58,"氵,良","郎,朗",ろう,,,ろう,ろう,Lãng Du,Lãng
浮,kanji,42,"氵,⺤,子",,ふ,"う, うわ",,う,"う, うわ, ふ",Nổi,
浴,kanji,53,"氵,谷","俗,欲",よく,あ,,よく,"よく, あ",Tắm,
海,kanji,7,"氵,毎","悔,開,階,怪,改",かい,うみ,,かい,"かい, うみ",Biển,Hải
浸,kanji,56,"氵,ヨ,冖,又","寝,侵",しん,"ひた, つ",,しん,"しん, ひた, つ",Ngâm,Thẩm
消,kanji,13,"氵,⺌,月",,しょう,"き, け",,しょう,"しょう, き, け",Xóa,Tiêu
涙,kanji,24,"氵,戸,大",,,なみだ,,なみだ,なみだ,Nước Mắt,
液,kanji,25,"氵,夜","役,疫",えき,,,えき,えき,Thể Lỏng,Dịch
涼,kanji,59,"氵,京",,りょう,すず,,すず,"すず, りょう",Mát,
淡,kanji,62,"氵,火",,たん,あわ,,たん,"たん, あわ",Nước Ngọt,
深,kanji,32,"氵,冖,儿,木","心,針",しん,ふか,,しん,"しん, ふか",Sâu,Thâm
混,kanji,39,"氵,昆","困,婚,魂",こん,"ま, こ",,こん,"こん, ま, こ",Trộn,Hỗn
添,kanji,61,"氵,天,小,丶",,てん,そ,,てん,"てん, そ",Đính Kèm,
清,kanji,27,"氵,青","請,精","せい, しょう",きよ,,せい,"せい, しょう, きよ",Trong Sạch,Thanh
渇,kanji,35,"氵,日,勹,匕",,かつ,かわ,,かわ,"かわ, かつ",Khát,
済,kanji,14,"氵,斉","剤,斎",さい,す,,さい,"さい, す",Kết Thúc,Tế
渉,kanji,62,"氵,歩",,しょう,わた,,しょう,"しょう, わた",Can Thiệp,Thiệp
渋,kanji,25,"氵,止,丷,ハ",,じゅう,しぶ,,じゅう,"じゅう, しぶ",Chát,
減,kanji,24,"氵,戊,一,口",,げん,へ,,げん,"げん, へ",Giảm,
渡,kanji,46,"氵,度",,と,わた,,わた,"わた, と",Đưa,Băng Qua
温,kanji,28,"氵,日,皿",,おん,あたた,,おん,"おん, あたた",Ấm,Ôn
測,kanji,60,"氵,則",側,そく,はか,,そく,"そく, はか",Đo,
港,kanji,46,"氵,共,己",洪,こう,みなと,,こう,"こう, みなと",Cảng,
湖,kanji,48,"氵,古,月",潮,こ,みずうみ,,こ,"こ, みずうみ",Hồ,
湧,kanji,66,"氵,勇",,ゆう,わ,,ゆう,"ゆう, わ",Trỗi Dậy,
湯,kanji,63,"氵,易",,とう,ゆ,,ゆ,"ゆ, とう",Nước Nóng,
湾,kanji,64,"氵,亠,儿,ハ,弓",,わん,,,わん,わん,Vịnh,Loan
湿,kanji,63,"氵,日,业",,しつ,しめ,,しつ,"しつ, しめ",Ẩm,
満,kanji,34,"氵,艹,両",,まん,み,,まん,"まん, み",Đầy,Mãn
源,kanji,66,"氵,原",,げん,みなもと,,げん,"げん, みなもと",Nguồn,
準,kanji,37,"氵,隹,十",,じゅん,,,じゅん,じゅん,Chuẩn,
溜,kanji,54,"氵,留",,りょう,"た, ため",,た,"た, ため, りょう",Tích Tụ,
溢,kanji,66,"氵,丶,一,皿",,,"あふ, こぼ",,あふ,"あふ, こぼ",Tràn,
溶,kanji,48,"氵,容",,よう,と,,よう,"よう, と",Tan,Dung
滅,kanji,36,"氵,戊,一,火",,めつ,ほろ,,めつ,"めつ, ほろ",Diệt,
滑,kanji,46,"氵,骨",,,"すべ, なめ",,すべ,"すべ, なめ",Trơn,
滝,kanji,67,"氵,竜",,,たき,,たき,たき,Thác,
滞,kanji,67,"氵,帯",,たい,とどこお,,たい,"たい, とどこお",Trì Trệ,Trệ
滴,kanji,68,"氵,立,冂,古","摘,適,敵,的",てき,しずく,,てき,"てき, しずく",Giọt,
漁,kanji,43,"氵,魚",,"ぎょ, りょう",あさ,,ぎょ,"ぎょ, りょう, あさ",Đánh Cá,Ngư
漂,kanji,68,"氵,票",,ひょう,ただよ,,ひょう,"ひょう, ただよ",Trôi Dạt,Trôi Nổi
漏,kanji,68,"氵,尸,雨",,ろう,も,,ろう,"ろう, も",Rỉ,Rò Rỉ
演,kanji,29,"氵,宀,丁,田,ハ",,えん,,,えん,えん,Diễn,
漠,kanji,46,"氵,莫","漢,幕",ばく,,,ばく,ばく,Mơ Hồ,Mạc
漢,kanji,46,"氵,𦰩",漠,かん,,,かん,かん,Trung Quốc,Hán
漫,kanji,32,"氵,日,罒,又",慢,まん,,,まん,まん,Manga,Man
漬,kanji,58,"氵,責",,,つ,,つ,つ,Muối,Ngâm
潔,kanji,59,"氵,生,刀,糸","決,結,傑",けつ,いさぎよ,,けつ,"けつ, いさぎよ",Trong Sạch,Khiết
潜,kanji,47,"氵,替",,せん,"くぐ, もぐ",,せん,"せん, くぐ, もぐ",Lặn,
潤,kanji,69,"氵,門,王",,じゅん,うるお,,じゅん,"じゅん, うるお",Ẩm,Nhuận
潮,kanji,69,"氵,十,早,月","湖,兆",ちょう,しお,,ちょう,"ちょう, しお",Thủy Triều,Trào
潰,kanji,69,"氵,中,一,貝",,,つぶ,,つぶ,つぶ,Nghiền Nát,
澄,kanji,69,"氵,登",,ちょう,す,,す,"す, ちょう",Trong Trẻo,Trong
激,kanji,42,"氵,白,方,夂","撃,劇",げき,はげ,,げき,"げき, はげ",Khốc Liệt,Kích
濁,kanji,70,"氵,罒,勹,虫",,だく,にご,,だく,"だく, にご",Đục,
濃,kanji,57,"氵,農",,のう,こ,,のう,"のう, こ",Đặc,"Nồng, Đậm"
濡,kanji,70,"氵,需",,,ぬ,,ぬ,ぬ,Ướt,
濯,kanji,70,"氵,ヨ,隹","宅,卓,託",たく,すす,,たく,"たく, すす",Giặt,
火,kanji,3,火,化,か,"ひ, ほ",,か,"か, ひ, ほ",Lửa,Hỏa
灯,kanji,35,"火,丁","等,登,党",とう,とも,,とう,"とう, とも",Đèn,Đăng
灰,kanji,20,"厂,火",,,はい,,はい,はい,Tro,Tàn
災,kanji,23,"巛,火","才,再,財",さい,,,さい,さい,Thiên Tai,Tai
炉,kanji,36,"火,戸","呂,路,賂",ろ,,,ろ,ろ,Lò,
炊,kanji,22,"火,欠",,すい,た,,すい,"すい, た",Nấu,
炎,kanji,38,火,,えん,ほのお,,えん,"えん, ほのお",Ngọn Lửa,Lửa
炒,kanji,48,"火,少",,,"いた, い",,いた,"いた, い",Chiên,"Rang, Xào"
炭,kanji,51,"山,厂,火","探,嘆",たん,すみ,,たん,"たん, すみ",Than,
点,kanji,10,"ト,口,灬","店,典",てん,つ,,てん,"てん, つ",Điểm,
為,kanji,34,"丶,ナ,ユ,亅,灬","位,囲,偉",い,"ため, す",,い,"い, ため, す",Hành Vi,Vi
烈,kanji,42,"列,灬",劣,れつ,はげ,,れつ,"れつ, はげ",Mãnh Liệt,Liệt
無,kanji,13,"𠂉,二,丨,灬",務,"む, ぶ",な,,む,"む, ぶ, な",Không,Vô
焦,kanji,65,"隹,灬",,しょう,"こ, あせ",,しょう,"しょう, こ, あせ",Cháy,Tiêu
然,kanji,26,"月,犬,灬","前,禅,善","ぜん, ねん",,,ぜん,"ぜん, ねん",Tự Nhiên,Nhiên
焼,kanji,12,"火,十,艹,一,儿",,しょう,や,,や,"や, しょう",Nướng,
煎,kanji,58,"前,灬",,せん,い,,せん,"せん, い",Rang,
煙,kanji,33,"火,覀,土",,えん,"けむ, けむり",,えん,"えん, けむ, けむり",Khói,
照,kanji,65,"日,召,灬","招,昭,紹,沼",しょう,て,,しょう,"しょう, て",Chiếu Sáng,Chiếu
煩,kanji,36,"火,頁",,ぼん,うるさ,,ぼん,"ぼん, うるさ",Phiền,
煮,kanji,64,"者,灬",,しゃ,に,,に,"に, しゃ",Luộc,"Hầm, Ninh"
煽,kanji,45,"火,尸,羽",,,"おだ, あお",,おだ,"おだ, あお",Khiêu Khích,Nịnh
熊,kanji,68,"能,灬",,,くま,,くま,くま,Gấu,
熟,kanji,69,"享,丸,灬",塾,じゅく,う,,じゅく,"じゅく, う",Chín,
熱,kanji,28,"坴,丸,灬",,ねつ,あつ,,ねつ,"ねつ, あつ",Nóng,Nhiệt
燃,kanji,58,"火,然",,ねん,も,,ねん,"ねん, も",Đốt,Nhiên
燥,kanji,70,"火,品,木","操,繰,藻",そう,はしゃ,,そう,"そう, はしゃ",Khô,
爆,kanji,44,"火,暴",,ばく,は,,ばく,"ばく, は",Nổ,Bộc
爪,kanji,29,爪,,,"つめ, つま",,つめ,"つめ, つま",Móng,
父,kanji,3,父,"夫,府,富",ふ,"ちち, とう",,ふ,"ふ, ちち, とう",Bố,Phụ
爽,kanji,62,"大,メ",創,そう,さわ,,さわ,"さわ, そう",Sảng Khoái,Sảng
片,kanji,12,片,,へん,かた,,かた,"かた, へん",Một Bên,
版,kanji,48,"片,反","半,販,班",はん,,,はん,はん,Xuất Bản,Bản
牛,kanji,5,牛,午,ぎゅう,うし,,ぎゅう,"ぎゅう, うし",Bò,Ngưu
牧,kanji,49,"牛,夂",,ぼく,まき,,ぼく,"ぼく, まき",Chăn Nuôi,Mục
物,kanji,10,"牛,勿",,"ぶつ, もつ",もの,,ぶつ,"ぶつ, もつ, もの",Vật,
牲,kanji,54,"牛,生",,せい,,,せい,せい,Hy Sinh,Sinh
特,kanji,17,"牛,土,寸","督,得,徳",とく,,,とく,とく,Đặc Biệt,Đặc
犠,kanji,54,"牛,義","儀,議",ぎ,,,ぎ,ぎ,Hy Sinh,Hy
犬,kanji,2,犬,"太,大",けん,いぬ,,いぬ,"いぬ, けん",Chó,
犯,kanji,25,"犭,卩","反,判,範",はん,おか,,はん,"はん, おか",Phạm Tội,Phạm
状,kanji,38,"冫,丨,犬",,じょう,,,じょう,じょう,Tình Trạng,Trạng
狂,kanji,42,"犭,王",,きょう,くる,,きょう,"きょう, くる",Điên,Cuồng
狐,kanji,33,"犭,几,ム","弧,孤",こ,きつね,,きつね,"きつね, こ",Cáo,Hồ
狙,kanji,29,"犭,且","粗,祖,組",そ,ねら,,そ,"そ, ねら",Nhắm,
狩,kanji,52,"犭,守",,しゅ,か,,か,"か, しゅ",Săn,Hái
独,kanji,24,"犭,虫","読,毒",どく,ひと,,どく,"どく, ひと",Một Mình,Độc
狭,kanji,52,"犭,夫,丷",挟,きょう,"せま, せば",,せま,"せま, せば, きょう",Hẹp,
狼,kanji,55,"犭,良",,ろう,おおかみ,,おおかみ,"おおかみ, ろう",Sói,
猛,kanji,42,"犭,子,皿",,もう,,,もう,もう,Mãnh Thú,Mãnh
猟,kanji,52,"犭,𭕄,用",,りょう,,,りょう,りょう,Săn,
猫,kanji,9,"犭,艹,田","描,苗",びょう,ねこ,,ねこ,"ねこ, びょう",Mèo,Miêu
献,kanji,57,"南,犬",,"けん, こん",たてまつ,,けん,"けん, こん, たてまつ",Hiến,
猿,kanji,22,"犭,袁",,,さる,,さる,さる,Khỉ,
獄,kanji,41,"犭,言,犬",,ごく,,,ごく,ごく,Tù,Ngục
獣,kanji,42,"𭕄,田,一,口,犬",住,じゅう,けもの,,じゅう,"じゅう, けもの",Thú,
獲,kanji,33,"犭,艹,隹,又",穫,かく,え,,かく,"かく, え",Thu Được,
玄,kanji,23,"亠,幺",,げん,くろ,,げん,"げん, くろ",Đen,Huyền
率,kanji,44,"亠,幺,丶,十",,"りつ, そつ",ひき,,りつ,"りつ, そつ, ひき",Tỷ Lệ,Suất
玉,kanji,5,"王,丶",,,たま,,たま,たま,Bóng,Ngọc
王,kanji,2,"一,土",,おう,,,おう,おう,Vua,Vương
珍,kanji,51,"王,𠆢,彡",診,ちん,めずら,,ちん,"ちん, めずら",Hiếm,
班,kanji,38,"王,刂","半,販,版",はん,,,はん,はん,Nhóm,"Ban, Đội"
現,kanji,14,"王,見",,げん,あらわ,,げん,"げん, あらわ",Xuất Hiện,"Hiện, Hiện Tại"
球,kanji,13,"王,求",,きゅう,たま,,きゅう,"きゅう, たま",Bóng,Cầu
理,kanji,13,"王,里","埋,離",り,,,り,り,Lý Do,Lý
璧,kanji,70,"尸,口,辛,玉","壁,癖",へき,,,へき,へき,Hoàn Hảo,
環,kanji,41,"王,睘",還,かん,わ,,かん,"かん, わ",Vòng,Hoàn
瓜,kanji,37,"几,ム",,か,り,,か,"か, り",Dưa,
瓶,kanji,60,"丷,开,万,丶",,びん,,,びん,びん,Chai,"Bình, Lọ"
甘,kanji,19,"凵,一",,かん,あま,,あま,"あま, かん",Ngọt,
生,kanji,5,"牛,一","正,青","せい, しょう","なま, い, う, は",,せい,"せい, しょう, なま, い, う, は",Sống,Sinh
産,kanji,26,"立,厂,生",,さん,う,,さん,"さん, う",Đẻ,Sản
用,kanji,11,用,容,よう,もち,,よう,"よう, もち",Tận Dụng,Dụng
田,kanji,3,田,,でん,た,,でん,"でん, た",Ruộng,Điền
由,kanji,13,"十,口","遊,誘","ゆう, ゆ",,,ゆう,"ゆう, ゆ",Lý Do,Do
甲,kanji,35,"田,丨",,こう,か,,こう,"こう, か",Giáp,
申,kanji,9,"十,口",,しん,もう,,もう,"もう, しん",Tên Là,
男,kanji,6,"田,力",,だん,おとこ,,だん,"だん, おとこ",Nam,"Trai, Đàn Ông"
町,kanji,10,"田,丁",,,まち,,まち,まち,Thị Trấn,
画,kanji,11,"一,丨,田,凵","両,穫","が, かく",,,が,"が, かく",Hình Ảnh,"Họa, Hoạch"
界,kanji,10,"田,介",,かい,,,かい,かい,Thế Giới,Giới
畑,kanji,43,"火,田",,,はたけ,,はたけ,はたけ,Ruộng,Cánh Đồng
留,kanji,23,"ム,刀,田","流,竜","る, りゅう",と,,る,"る, りゅう, と",Ở Lại,Lưu
畜,kanji,55,"玄,田",,ちく,,,ちく,ちく,Gia Súc,Súc
略,kanji,51,"田,各",,りゃく,,,りゃく,りゃく,Viết Tắt,Lược
番,kanji,22,"一,米,田",,ばん,,,ばん,ばん,Số,Lượt
異,kanji,30,"田,共","移,遺",い,こと,,い,"い, こと",Khác,Dị
畳,kanji,64,"田,冖,且",,じょう,たたみ,,じょう,"じょう, たたみ",Tatami,Chiếu
疎,kanji,65,"正,束",,そ,おろそ,,そ,"そ, おろそ",Lơ Là,Chểnh Mảng
疑,kanji,42,"匕,矢,マ,正",偽,ぎ,うたが,,ぎ,"ぎ, うたが",Nghi,
疫,kanji,53,"疒,殳","役,益,訳,液","えき, やく",,,えき,"えき, やく",Dịch,
疲,kanji,23,"疒,皮","被,披",ひ,つか,,ひ,"ひ, つか",Mệt,
病,kanji,18,"疒,丙",,びょう,や,,びょう,"びょう, や",Bệnh,
症,kanji,38,"疒,正",,しょう,,,しょう,しょう,Bệnh,
痒,kanji,60,"疒,羊",,,かゆ,,かゆ,かゆ,Ngứa,
痛,kanji,35,"疒,マ,用",通,つう,いた,,つう,"つう, いた",Đau,
痢,kanji,67,"疒,利",,り,,,り,り,Tiêu Chảy,
痩,kanji,62,"疒,申,又",捜,そう,や,,そう,"そう, や",Gầy,
痴,kanji,67,"疒,矢,口",,ち,おろか,,ち,"ち, おろか",Than Thở,
痺,kanji,62,"疒,白,丿,十",,ひ,しび,,ひ,"ひ, しび",Tê,"Liệt, Tê Liệt"
療,kanji,70,"疒,癶,日,小","僚,寮",りょう,,,りょう,りょう,Trị Liệu,Liệu
癖,kanji,70,"疒,尸,口,辛",璧,へき,くせ,,くせ,"くせ, へき",Tật,
発,kanji,14,"癶,二,儿",,はつ,,,はつ,はつ,Phát,
登,kanji,40,"癶,豆","灯,等,党","とう, と",のぼ,,とう,"とう, と, のぼ",Trèo,Đăng
白,kanji,4,白,,はく,"しろ, しら",,しろ,"しろ, しら, はく",Trắng,Bạch
百,kanji,3,"丆,日",,ひゃく,,,ひゃく,ひゃく,Trăm,
的,kanji,12,"白,勹,丶","適,摘,滴,敵",てき,まと,,てき,"てき, まと",Đích,
皆,kanji,21,"比,白",,,"みな, みんな",,みな,"みな, みんな",Mọi Người,
皇,kanji,52,"白,王",,"こう, おう",,,こう,"こう, おう",Hoàng Đế,Hoàng
皮,kanji,15,"丿,十,又",,ひ,かわ,,ひ,"ひ, かわ",Vỏ,Da
皿,kanji,20,皿,血,,さら,,さら,さら,Đĩa,
盆,kanji,45,"分,皿",,ぼん,,,ぼん,ぼん,Bon,
益,kanji,47,"丷,一,ハ,皿","役,疫","えき, やく",,,えき,"えき, やく",Ích,
盗,kanji,31,"次,皿","刀,逃,島,倒",とう,ぬす,,とう,"とう, ぬす",Trộm,Đạo
盛,kanji,61,"成,皿",,せい,も,,も,"も, せい",Làm Đầy,"Khuấy Động, Hào Hứng"
盟,kanji,43,"明,皿",,めい,,,めい,めい,Liên Minh,Minh
監,kanji,32,"臣,𠂉,一,皿",,かん,,,かん,かん,Giám Sát,
盤,kanji,49,"舟,殳,皿",般,ばん,,,ばん,ばん,Bàn,
目,kanji,5,目,,もく,め,,め,"め, もく",Mắt,Mục
盲,kanji,41,"亡,目",,もう,,,もう,もう,Mù,Manh
直,kanji,17,"L,十,目",,"ちょく, じき",なお,,ちょく,"ちょく, じき, なお",Sửa,"Trực, Thẳng"
相,kanji,25,"木,目",将,"そう, しょう",あい,,そう,"そう, しょう, あい",Tương Đương,Tương
盾,kanji,35,"厂,十,目","順,純",じゅん,たて,,じゅん,"じゅん, たて",Mâu Thuẫn,Thuẫn
省,kanji,51,"少,目",,"しょう, せい",はぶ,,しょう,"しょう, せい, はぶ",Lược Bỏ,
眉,kanji,51,"尸,丨,目",,,まゆ,,まゆ,まゆ,Lông Mày,
看,kanji,45,"手,目",,かん,み,,かん,"かん, み",Chăm Sóc,
県,kanji,21,"目,L,小",,けん,,,けん,けん,Tỉnh,
真,kanji,15,"十,目,一,ハ",,しん,ま,,しん,"しん, ま",Chân Thật,
眠,kanji,52,"目,民",,みん,ねむ,,みん,"みん, ねむ",Ngủ,Buồn Ngủ
眩,kanji,55,"目,玄",,,"まぶ, まい",,まぶ,"まぶ, まい",Chói,"Rạng Rỡ, Hoa Mắt"
眺,kanji,62,"目,兆",,ちょう,なが,,ちょう,"ちょう, なが",Ngắm,
眼,kanji,29,"目,艮","顔,岩",がん,め,,がん,"がん, め",Mắt,Nhãn
着,kanji,18,"羊,目",,ちゃく,"き, つ",,ちゃく,"ちゃく, き, つ",Mặc,Đến Nơi
睡,kanji,52,"目,垂",,すい,,,すい,すい,Giấc Ngủ,
督,kanji,32,"上,小,又,目","特,得,徳",とく,,,とく,とく,Đạo Diễn,
瞬,kanji,65,"目,⺤,冖,舛",,しゅん,"またた, まばた",,しゅん,"しゅん, またた, まばた",Khoảnh Khắc,
瞳,kanji,70,"目,立,里",憧,どう,ひとみ,,ひとみ,"ひとみ, どう",Con Ngươi,Con Mắt
矛,kanji,35,矛,予,む,ほこ,,む,"む, ほこ",Cây Giáo,Mâu
矢,kanji,7,矢,失,,や,,や,や,Mũi Tên,
知,kanji,8,"矢,口","和,治,置,値",ち,し,,ち,"ち, し",Biết,Tri
短,kanji,7,"矢,豆",端,たん,みじか,,たん,"たん, みじか",Ngắn,Đoản
石,kanji,5,"丆,口",右,せき,いし,,せき,"せき, いし",Viên Đá,Thạch
砂,kanji,46,"石,少",,さ,すな,,さ,"さ, すな",Cát,Sa
研,kanji,12,"石,开",,けん,と,,けん,"けん, と",Mài,Nghiên
砕,kanji,53,"石,九,十",,さい,くだ,,くだ,"くだ, さい",Đập Tan,
砲,kanji,56,"石,包",,ほう,,,ほう,ほう,Pháo,
破,kanji,26,"石,皮","波,派",は,やぶ,,は,"は, やぶ",Rách,Phá
硬,kanji,59,"石,更","堅,固",こう,かた,,こう,"こう, かた",Cứng,
碁,kanji,49,"其,石",,ご,,,ご,ご,Go,Cờ Vây
確,kanji,32,"石,冖,隹",殻,かく,たし,,かく,"かく, たし",Xác Nhận,Xác
磁,kanji,68,"石,丷,一,幺",慈,じ,,,じ,じ,Nam Châm,Từ
磨,kanji,70,"广,木,石","摩,暦",ま,みが,,みが,"みが, ま",Mài Dũa,Đánh Bóng
礎,kanji,49,"石,木,正",,そ,いしずえ,,そ,"そ, いしずえ",Nền Tảng,Sở
示,kanji,19,示,"市,氏,支,施,志",じ,しめ,,じ,"じ, しめ",Thể Hiện,Thị
礼,kanji,19,"ネ,乚","隷,励,例",れい,,,れい,れい,Sự Biết Ơn,Lễ
社,kanji,7,"ネ,土","車,射",しゃ,,,しゃ,しゃ,Công Ty,Xã
祈,kanji,48,"ネ,斤",,き,いの,,き,"き, いの",Cầu Nguyện,
祉,kanji,49,"ネ,止",,し,,,し,し,Phúc Lợi,
祖,kanji,24,"ネ,且","粗,狙,組",そ,,,そ,そ,Tổ Tiên,Tổ
祝,kanji,50,"ネ,兄",就,"しゅく, しゅう",いわ,,しゅく,"しゅく, しゅう, いわ",Chúc,
神,kanji,9,"ネ,申","紳,身,親,慎","しん, じん",かみ,,しん,"しん, じん, かみ",Thần,
票,kanji,62,"覀,示","表,標",ひょう,,,ひょう,ひょう,Phiếu,
祭,kanji,31,"月,又,示",察,さい,"まつり, まつ",,さい,"さい, まつり, まつ",Lễ Hội,
禁,kanji,33,"木,示","近,勤",きん,,,きん,きん,Cấm,
禅,kanji,33,"ネ,単","前,然,善",ぜん,,,ぜん,ぜん,Thiền,
福,kanji,49,"ネ,一,口,田","副,服,伏,復",ふく,,,ふく,ふく,Phúc,
秀,kanji,24,"禾,乃",,しゅう,,,しゅう,しゅう,Ưu Tú,Tú
私,kanji,16,"禾,ム","払,四,子,自,死,思,司",し,"わたし, わたくし",,し,"し, わたし, わたくし",Tôi,Tư
秋,kanji,14,"禾,火",,しゅう,あき,,あき,"あき, しゅう",Thu,
科,kanji,6,"丿,木,斗",課,か,,,か,か,Khoa Học,Khoa
秒,kanji,51,"禾,少",,びょう,,,びょう,びょう,Giây,
秘,kanji,40,"禾,必","悲,被",ひ,ひ,,ひ,"ひ, ひ",Giấu,Bí
秩,kanji,38,"禾,失",窒,ちつ,,,ちつ,ちつ,Trật Tự,Trật
称,kanji,57,"禾,𠂉,小",,しょう,たた,,しょう,"しょう, たた",Tên Gọi,Xưng
移,kanji,45,"禾,多","異,遺",い,うつ,,い,"い, うつ",Di Chuyển,Di
程,kanji,24,"禾,口,王",,てい,ほど,,てい,"てい, ほど",Khoảng,Trình
税,kanji,27,"禾,丷,兄",勢,ぜい,,,ぜい,ぜい,Thuế,
稚,kanji,34,"禾,隹",,ち,,,ち,ち,Trẻ Con,
種,kanji,40,"禾,重",腫,しゅ,たね,,しゅ,"しゅ, たね",Hạt,Chủng
稲,kanji,20,"禾,⺤,一,日",,,"いね, いな",,いね,"いね, いな",Lúa,
稼,kanji,59,"禾,家",,か,かせ,,か,"か, かせ",Kiếm Tiền,
稽,kanji,68,"禾,犬,旨",,けい,かんが,,けい,"けい, かんが",Luyện Tập,
稿,kanji,62,"禾,高",,こう,,,こう,こう,Bản Thảo,
積,kanji,35,"禾,責","跡,績,析",せき,つ,,せき,"せき, つ",Tích Tụ,Tích
穏,kanji,70,"禾,⺤,ヨ,心",隠,おん,おだ,,おん,"おん, おだ",Ổn,
穫,kanji,67,"禾,艹,隹,又","獲,画",かく,,,かく,かく,Thu Hoạch,Hoạch
穴,kanji,6,穴,六,,あな,,あな,あな,Lỗ,
究,kanji,12,"穴,九",,きゅう,,,きゅう,きゅう,Nghiên Cứu,Cứu
空,kanji,10,"穴,工",,くう,"そら, から, あ, す",,くう,"くう, そら, から, あ, す",Trời,Không
突,kanji,26,"穴,大",,とつ,つ,,とつ,"とつ, つ",Đâm,Đột
窒,kanji,54,"穴,至",秩,ちつ,,,ちつ,ちつ,Ngạt Thở,
窓,kanji,31,"穴,ム,心",,そう,まど,,まど,"まど, そう",Cửa Sổ,
立,kanji,5,立,律,りつ,た,,りつ,"りつ, た",Đứng,Lập
竜,kanji,44,"立,田,L","流,留",りゅう,たつ,,りゅう,"りゅう, たつ",Rồng,Long
章,kanji,57,"立,早",,しょう,,,しょう,しょう,Chương,
童,kanji,39,"立,里","同,動",どう,,,どう,どう,Nhi Đồng,Đồng
端,kanji,63,"立,山,而",短,たん,"はし, は",,たん,"たん, はし, は",Mép,"Đoan, Rìa"
競,kanji,68,"立,兄","境,警,景","きょう, けい",きそ,,きょう,"きょう, けい, きそ",Cạnh Tranh,Cạnh
竹,kanji,4,竹,築,ちく,たけ,,たけ,"たけ, ちく",Tre,Trúc
笑,kanji,14,"竹,天",,しょう,"わら, え",,わら,"わら, え, しょう",Cười,
笛,kanji,38,"竹,由",,てき,ふえ,,てき,"てき, ふえ",Sáo,
笠,kanji,62,"竹,立",,,かさ,,かさ,かさ,Nón Lá,
符,kanji,59,"竹,付",府,ふ,,,ふ,ふ,Dấu,Vé
第,kanji,25,"竹,弟",,だい,,,だい,だい,Thứ,
筆,kanji,40,"竹,聿",,ひつ,ふで,,ひつ,"ひつ, ふで",Bút,
等,kanji,37,"竹,寺","灯,登,党",とう,"ひと, など",,とう,"とう, ひと, など",Bằng,Đẳng
筋,kanji,61,"竹,月,力",,きん,すじ,,きん,"きん, すじ",Gân,Cơ Bắp
筒,kanji,51,"竹,同",,とう,つつ,,とう,"とう, つつ",Ống,
答,kanji,23,"竹,合",,とう,こた,,こた,"こた, とう",Trả Lời,Đáp
策,kanji,27,"竹,木,冂","削,索",さく,,,さく,さく,Chính Sách,Sách
算,kanji,25,"竹,目,廾",,さん,そろ,,さん,"さん, そろ",Phép Toán,Toán
管,kanji,45,"竹,官",,かん,くだ,,かん,"かん, くだ",Ống,Quản
箱,kanji,63,"竹,相",,,はこ,,はこ,はこ,Hộp,Thùng
箸,kanji,33,"竹,者",著,,はし,,はし,はし,Đũa,
節,kanji,36,"竹,艮,卩","切,説,設,接",せつ,ふし,,せつ,"せつ, ふし",Điều Tiết,Tiết
範,kanji,46,"竹,車,卩","反,犯,判",はん,,,はん,はん,Quy Phạm,Phạm
築,kanji,21,"竹,工,凡,木",竹,ちく,きず,,ちく,"ちく, きず",Xây Dựng,Trúc
簡,kanji,28,"竹,間",,かん,,,かん,かん,Đơn Giản,Giản
籍,kanji,68,"竹,二,木,昔",夕,せき,,,せき,せき,Quốc Tịch,Tịch
米,kanji,12,米,,べい,こめ,,べい,"べい, こめ",Gạo,Mỹ
粉,kanji,28,"米,分","紛,奮",ふん,"こな, こ",,ふん,"ふん, こな, こ",Bột,Phấn
粋,kanji,55,"米,九,十","酔,衰",すい,いき,,すい,"すい, いき",Thuần Túy,Túy
粒,kanji,60,"米,立",,りゅう,つぶ,,りゅう,"りゅう, つぶ",Hạt,
粗,kanji,61,"米,且","祖,狙,組",そ,あら,,そ,"そ, あら",Thô,
粘,kanji,61,"米,占",貼,ねん,ねば,,ねん,"ねん, ねば",Dính,
粧,kanji,63,"米,广,土",,しょう,,,しょう,しょう,Trang Điểm,
精,kanji,31,"米,青","請,清",せい,,,せい,せい,Tinh Túy,Tinh
糖,kanji,46,"米,广,ヨ,口",,とう,,,とう,とう,Đường,
糧,kanji,67,"米,量",,りょう,,,りょう,りょう,Lương Thực,Lương
糸,kanji,20,糸,,し,いと,,いと,"いと, し",Sợi Chỉ,Chỉ
系,kanji,23,"一,糸",係,けい,,,けい,けい,Hệ Thống,Hệ
紀,kanji,52,"糸,己","記,起,期,奇,旗",き,,,き,き,Thế Kỷ,Kỷ
約,kanji,24,"糸,勹,丶",薬,やく,,,やく,やく,Ước,
紅,kanji,51,"工,糸",虹,こう,べに,,こう,"こう, べに",Đỏ Thẫm,
紋,kanji,57,"糸,文",,もん,,,もん,もん,Vân Tay,
納,kanji,47,"糸,内","能,農","のう, な",おさ,,のう,"のう, な, おさ",Nộp,
紐,kanji,24,"糸,五,丨",,,ひも,,ひも,ひも,Dây,
純,kanji,55,"糸,七,凵","盾,順",じゅん,,,じゅん,じゅん,Thuần,
紙,kanji,17,"糸,氏",,し,かみ,,かみ,"かみ, し",Giấy,
級,kanji,52,"糸,及","扱,吸,汲",きゅう,,,きゅう,きゅう,Cấp,
紛,kanji,56,"糸,分",粉,ふん,"まぎ, まぐ",,ふん,"ふん, まぎ, まぐ",Phân Tâm,Phân
素,kanji,21,"生,糸",訴,"そ, す",,,そ,"そ, す",Chất,Tố
索,kanji,38,"十,冖,糸","削,策",さく,,,さく,さく,Tra Cứu,
紫,kanji,65,"止,匕,糸",柴,し,むらさき,,し,"し, むらさき",Tím,Tử
細,kanji,53,"糸,田",際,さい,"ほそ, こま",,さい,"さい, ほそ, こま",Mỏng,Tế
紳,kanji,62,"糸,申",神,しん,,,しん,しん,Quý Ông,
紹,kanji,28,"糸,刀,口","招,昭,照,沼",しょう,,,しょう,しょう,Giới Thiệu,Thiệu
終,kanji,11,"糸,夂,二","衆,周",しゅう,"おわ, お",,しゅう,"しゅう, おわ, お",Kết Thúc,Chung
組,kanji,31,"糸,且","粗,祖,狙",そ,"くみ, く",,くみ,"くみ, く, そ",Nhóm,Tổ
経,kanji,14,"糸,又,土","径,軽",けい,"た, へ",,けい,"けい, た, へ",Trôi Qua,Kinh
結,kanji,22,"糸,吉","決,潔,傑",けつ,むす,,けつ,"けつ, むす",Buộc,Kết
絞,kanji,65,"糸,交",,こう,しぼ,,こう,"こう, しぼ",Vắt,
絡,kanji,43,"糸,各","楽,落",らく,から,,らく,"らく, から",Bị Rối,Lạc
給,kanji,25,"糸,合",,きゅう,,,きゅう,きゅう,Cung Cấp,Cấp
統,kanji,22,"糸,亠,ム,儿",,とう,,,とう,とう,Thống Trị,Thống
絵,kanji,11,"糸,会",,え,,,え,え,Tranh,Hội
絶,kanji,29,"糸,色",,ぜつ,た,,ぜつ,"ぜつ, た",Tuyệt Chủng,Tuyệt
絹,kanji,67,"糸,口,月",,けん,きぬ,,きぬ,"きぬ, けん",Vải Lụa,Lụa
継,kanji,46,"糸,L,米",,けい,つ,,けい,"けい, つ",Kế Thừa,
続,kanji,32,"糸,売","族,賊,俗,属",ぞく,つづ,,ぞく,"ぞく, つづ",Tiếp Tục,Tục
維,kanji,68,"糸,隹",,い,,,い,い,Duy,"Duy Trì, Duy Tân"
綱,kanji,68,"糸,岡",網,こう,つな,,つな,"つな, こう",Dây,
網,kanji,64,"糸,冂,丷,一,亡",綱,,あみ,,あみ,あみ,Lưới,
綺,kanji,49,"糸,奇",,き,,,き,き,Đẹp,
綿,kanji,45,"糸,白,巾","縁,線",めん,わた,,めん,"めん, わた",Bông,
緊,kanji,32,"臣,又,糸",菌,きん,,,きん,きん,Khẩn Cấp,Khẩn
総,kanji,41,"糸,公,心",,そう,,,そう,そう,Tổng,
緑,kanji,45,"糸,ヨ,水","録,六",りょく,みどり,,みどり,"みどり, りょく",Xanh,Lục
緒,kanji,45,"糸,者",諸,"しょ, ちょ",,,しょ,"しょ, ちょ",Cùng,
線,kanji,17,"糸,白,水","縁,綿",せん,,,せん,せん,Đường,Tuyến
締,kanji,69,"糸,立,巾",諦,てい,し,,てい,"てい, し",Buộc,Thắt
編,kanji,69,"糸,戸,冊","偏,辺,遍",へん,あ,,へん,"へん, あ",Đan,Biên
緩,kanji,69,"糸,⺤,一,友",,かん,ゆる,,ゆる,"ゆる, かん",Lỏng,
練,kanji,45,"糸,東","陳,恋,連",れん,ね,,れん,"れん, ね",Luyện,
縁,kanji,59,"糸,ヨ,豕","線,綿",えん,ふち,,えん,"えん, ふち",Duyên,
縄,kanji,27,"糸,亀",,,なわ,,なわ,なわ,Dây,
縛,kanji,70,"糸,専,丶","博,薄",ばく,しば,,ばく,"ばく, しば",Buộc,Ràng Buộc
縦,kanji,70,"糸,彳,丷,正",従,じゅう,たて,,たて,"たて, じゅう",Dọc,Túng
縫,kanji,70,"糸,⻌,夂,王",,ほう,ぬ,,ほう,"ほう, ぬ",Khâu,
縮,kanji,62,"糸,宿",,しゅく,ちぢ,,しゅく,"しゅく, ちぢ",Co,
績,kanji,35,"糸,責","跡,積,析",せき,,,せき,せき,Thành Tích,Tích
繁,kanji,48,"毎,夂,糸",,はん,,,はん,はん,Phồn Vinh,Phồn
繋,kanji,64,"車,殳,糸",,けい,つな,,つな,"つな, けい",Nối,
織,kanji,70,"糸,音,戈","職,識",しき,お,,しき,"しき, お",Dệt,Chức
繕,kanji,67,"糸,善",,ぜん,つくろ,,ぜん,"ぜん, つくろ",Sửa,
繰,kanji,68,"糸,品,木","操,燥,藻",そう,く,,く,"く, そう",Lặp Lại,
缶,kanji,28,"午,凵",,かん,,,かん,かん,Lon,Can
罪,kanji,25,"罒,非","在,財",ざい,つみ,,ざい,"ざい, つみ",Tội,
置,kanji,28,"罒,直","治,知,値",ち,お,,ち,"ち, お",Đặt,Trí
罰,kanji,33,"罒,言,刂",,ばつ,,,ばつ,ばつ,Phạt,
署,kanji,12,"罒,者","暑,所,初",しょ,,,しょ,しょ,Sở,
羊,kanji,15,羊,,よう,ひつじ,,よう,"よう, ひつじ",Cừu,
美,kanji,25,"羊,大",,"み, び",うつく,,み,"み, び, うつく",Đẹp,Mỹ
群,kanji,65,"君,羊",軍,ぐん,"む, むら",,ぐん,"ぐん, む, むら",Đàn,"Quần, Bầy"
羨,kanji,47,"羊,次",,せん,うらや,,せん,"せん, うらや",Ghen Tị,
義,kanji,29,"丷,王,我",,ぎ,,,ぎ,ぎ,Nghĩa,
羽,kanji,26,羽,,,"はね, は, わ",,はね,"はね, は, わ",Lông,Cánh
翌,kanji,26,"羽,立",翼,よく,,,よく,よく,Tiếp Theo,
習,kanji,26,"羽,白","集,襲",しゅう,なら,,しゅう,"しゅう, なら",Học Tập,Tập
翻,kanji,60,"番,羽",,ほん,ひるがえ,,ほん,"ほん, ひるがえ",Lật,Phiên
翼,kanji,70,"羽,田,共",翌,よく,つばさ,,よく,"よく, つばさ",Cánh,
老,kanji,24,"耂,匕",労,ろう,,,ろう,ろう,Cao Tuổi,Lão
考,kanji,15,"耂,𠂉,𠃌",孝,こう,かんが,,こう,"こう, かんが",Suy Nghĩ,Khảo
者,kanji,11,"耂,日",,しゃ,もの,,しゃ,"しゃ, もの",Người,Giả
耐,kanji,30,"而,寸",,たい,た,,たい,"たい, た",Chịu Đựng,Nại
耕,kanji,55,"二,木,井",,こう,たがや,,こう,"こう, たがや",Canh Tác,Canh
耳,kanji,6,耳,,じ,みみ,,みみ,"みみ, じ",Tai,
聖,kanji,67,"耳,口,王",,せい,,,せい,せい,Thánh,
聞,kanji,15,"門,耳",文,ぶん,き,,ぶん,"ぶん, き",Nghe,Hỏi
聴,kanji,32,"耳,十,罒,心",,ちょう,き,,ちょう,"ちょう, き",Nghe,
職,kanji,18,"耳,音,戈","織,識",しょく,,,しょく,しょく,Việc,Chức
肉,kanji,5,肉,,にく,,,にく,にく,Thịt,
肌,kanji,13,"月,几",,,はだ,,はだ,はだ,Da,
肝,kanji,43,"月,干",刊,かん,きも,,かん,"かん, きも",Gan,
股,kanji,50,"月,殳",,こ,また,,また,"また, こ",Háng,
肢,kanji,43,"月,支",,し,,,し,し,Lựa Chọn,
肥,kanji,49,"月,卩,丨",,ひ,こ,,ひ,"ひ, こ",Béo Lên,Màu Mỡ
肩,kanji,48,"戸,月",,,かた,,かた,かた,Vai,
肪,kanji,60,"月,方",,ぼう,,,ぼう,ぼう,Mỡ,
肯,kanji,49,"止,月",,こう,,,こう,こう,Khẳng Định,Khẳng
育,kanji,39,"亠,ム,月",,いく,そだ,,いく,"いく, そだ",Nuôi Dạy,Dục
肺,kanji,53,"月,市",,はい,,,はい,はい,Phổi,
胃,kanji,50,"田,月",冒,い,,,い,い,Dạ Dày,
背,kanji,19,"北,月",輩,はい,せ,,はい,"はい, せ",Lưng,"Bối, Chiều Cao"
胞,kanji,53,"月,包",飽,ほう,,,ほう,ほう,Tế Bào,Bào
胡,kanji,37,"古,月",,こ,,きゅう,こ,"こ, きゅう",Nhỏ,
胸,kanji,55,"月,勹,凶",,きょう,むね,,むね,"むね, きょう",Ngực,
能,kanji,10,"ム,月,匕","農,納",のう,,,のう,のう,Khả Năng,Năng
脂,kanji,60,"月,旨",,し,あぶら,,し,"し, あぶら",Mỡ,
脅,kanji,57,"力,月",,きょう,"おど, おびや",,きょう,"きょう, おど, おびや",Đe Dọa,Hiếp
脇,kanji,55,"月,力",,,わき,,わき,わき,Nách,
脈,kanji,56,"月,厂,𧘇",,みゃく,,,みゃく,みゃく,Mạch,
脚,kanji,62,"月,却",,きゃく,あし,,きゃく,"きゃく, あし",Chân,
脱,kanji,61,"月,兄,丷",奪,だつ,ぬ,,だつ,"だつ, ぬ",Cởi,Thoát
脳,kanji,35,"月,𭕄,凶",悩,のう,,,のう,のう,Não,
腐,kanji,42,"广,付,肉",,ふ,くさ,,ふ,"ふ, くさ",Thối Rữa,
腕,kanji,31,"月,宀,夕,卩",,,うで,,うで,うで,Tay,Cánh Tay
腫,kanji,67,"月,重",種,しゅ,は,,は,"は, しゅ",Sưng,
腰,kanji,35,"月,要",,よう,こし,,こし,"こし, よう",Hông,
腸,kanji,50,"月,易",,ちょう,,,ちょう,ちょう,Ruột,Tràng
腹,kanji,23,"月,复",,ふく,"はら, なか",,ふく,"ふく, はら, なか",Bụng,
膚,kanji,69,"虍,胃",,ふ,はだ,,ふ,"ふ, はだ",Da,
膝,kanji,68,"月,木,𠆢,水",,,ひざ,,ひざ,ひざ,Đầu Gối,
膨,kanji,70,"月,十,豆,彡",,ぼう,ふく,,ぼう,"ぼう, ふく",Phồng,Bành
臓,kanji,43,"月,蔵",,ぞう,,,ぞう,ぞう,Nội Tạng,Tạng
臣,kanji,41,臣,,じん,,,じん,じん,Bộ Trưởng,
臨,kanji,66,"臣,𠂉,品","林,隣",りん,のぞ,,りん,"りん, のぞ",Đối Mặt,Lâm
自,kanji,5,"丶,目","四,子,死,私,思,司,字","じ, し",みずか,,じ,"じ, し, みずか",Bản Thân,Tự
臭,kanji,29,"自,大",,,"くさ, にお",,くさ,"くさ, にお",Hôi,
至,kanji,30,至,,し,いた,,し,"し, いた",Dẫn Đến,Chí
致,kanji,50,"至,夂",到,ち,いた,,ち,"ち, いた",Làm,Trí
興,kanji,70,"乍,同,一,ハ","兄,凶,恐","きょう, こう",,,きょう,"きょう, こう",Hứng,Hưng
舌,kanji,9,"千,口",,,した,,した,した,Lưỡi,
舎,kanji,50,"𠆢,土,口",,しゃ,,,しゃ,しゃ,Tòa Nhà,Xá
舗,kanji,69,"舎,十,丶,用","補,捕",ほ,,,ほ,ほ,Cửa Hàng,"Lát, Trải"
舞,kanji,37,"無,舛",武,ぶ,"まい, ま",,ぶ,"ぶ, まい, ま",Múa,Vũ
舟,kanji,30,舟,,,"ふね, ふな",,ふね,"ふね, ふな",Thuyền,
航,kanji,44,"舟,亠,几",抗,こう,,,こう,こう,Định Vị,Hàng
般,kanji,55,"舟,殳",盤,はん,,,はん,はん,Thông Thường,
船,kanji,42,"舟,ハ,口",,せん,ふね,,せん,"せん, ふね",Tàu,Thuyền
艦,kanji,47,"舟,監",鑑,かん,,,かん,かん,Hạm,
良,kanji,12,"丶,艮",量,りょう,"よ, い",,りょう,"りょう, よ, い",Tốt,Lương
色,kanji,7,色,,"しき, しょく",いろ,,いろ,"いろ, しき, しょく",Màu,Sắc
芋,kanji,12,"艹,干",,,いも,,いも,いも,Khoai,
芝,kanji,37,"艹,マ,𠆢",,,しば,,しば,しば,Bãi Cỏ,
花,kanji,6,"艹,⺅,匕","鼻,華","か, け",はな,,はな,"はな, か, け",Hoa,
芸,kanji,39,"艹,云",迎,げい,,,げい,げい,Nghệ Thuật,Nghệ
芽,kanji,49,"艹,牙",,が,め,,め,"め, が",Mầm,Nha
苗,kanji,49,"艹,田","描,猫",みょう,なえ,,みょう,"みょう, なえ",Cây Non,
苛,kanji,49,"艹,可",,,"いじ, いら",,いじ,"いじ, いら",Bắt Nạt,
若,kanji,43,"艹,右",苦,じゃく,わか,,わか,"わか, じゃく",Trẻ,
苦,kanji,22,"艹,古",若,く,"くる, にが",,く,"く, くる, にが",Khổ,Đắng
英,kanji,12,"艹,央",映,えい,,,えい,えい,Anh Hùng,Anh
苺,kanji,43,"艹,母",,,いちご,,いちご,いちご,Dâu,Dâu Tây
茂,kanji,61,"艹,戊",,も,しげ,,も,"も, しげ",Um Tùm,Bụi Rậm
茎,kanji,50,"艹,又,土",,,くき,,くき,くき,Cuống,
茶,kanji,7,"艹,𠆢,ホ",,"ちゃ, さ",,,ちゃ,"ちゃ, さ",Trà,
草,kanji,18,"艹,早",莫,そう,くさ,,くさ,"くさ, そう",Cỏ,Thảo
荒,kanji,44,"艹,亡,川",,こう,"あ, あら",,あ,"あ, あら, こう",Dữ Dội,
荷,kanji,55,"艹,⺅,可",,か,に,,に,"に, か",Hành Lý,
菌,kanji,53,"艹,口,禾",緊,きん,,,きん,きん,Vi Khuẩn,Khuẩn
菓,kanji,45,"艹,果",,か,,,か,か,Bánh Kẹo,
菜,kanji,59,"艹,⺤,木",,さい,,,さい,さい,Rau,Món Ăn Kèm
華,kanji,49,"艹,田,十",花,"か, け",はな,,か,"か, け, はな",Lộng Lẫy,Hoa
萌,kanji,61,"艹,明",,ほう,も,,も,"も, ほう",Nảy Mầm,Manh
落,kanji,18,"艹,氵,夂,口","楽,絡",らく,お,,らく,"らく, お",Rơi,Ngã
葉,kanji,10,"艹,世,木",,よう,"は, ば",,は,"は, よう, ば",Lá,
著,kanji,59,"艹,者","箸,貯",ちょ,"いちじる, あらわ",,ちょ,"ちょ, いちじる, あらわ",Đáng Kể,Trứ
葬,kanji,55,"艹,歹,匕,廾",喪,そう,ほうむ,,そう,"そう, ほうむ",Chôn Cất,Táng
葵,kanji,67,"艹,癶,天",,,"わさび, あおい",,わさび,"わさび, あおい",Wasabi,
蒸,kanji,42,"艹,水,一,灬",,じょう,む,,じょう,"じょう, む",Hấp,
蓄,kanji,63,"艹,畜",,ちく,たくわ,,ちく,"ちく, たくわ",Tích Trữ,Tích Lũy
蓋,kanji,67,"艹,去,皿",,,ふた,,ふた,ふた,Vung,Nắp
蓮,kanji,50,"艹,連",,れん,はす,,れん,"れん, はす",Hoa Sen,Sen
蔑,kanji,68,"艹,罒,戊,丶",別,べつ,さげす,,べつ,"べつ, さげす",Coi Thường,Miệt
蔵,kanji,37,"艹,戈,臣","倉,庫",ぞう,くら,,ぞう,"ぞう, くら",Kho,Tàng
薄,kanji,70,"艹,氵,丶,専","縛,博",はく,うす,,はく,"はく, うす",Mỏng,"Bạc, Nhạt, Loãng"
薦,kanji,60,"艹,广,覀,鳥",践,せん,すす,,せん,"せん, すす",Tiến Cử,
薬,kanji,30,"艹,楽",約,やく,くすり,,やく,"やく, くすり",Thuốc,Dược
藻,kanji,68,"艹,氵,品,木","操,燥,繰",そう,も,,そう,"そう, も",Tảo,
蘇,kanji,68,"艹,魚,禾",,そ,よみがえ,,そ,"そ, よみがえ",Sống Lại,Hồi Sinh
虎,kanji,25,"虍,儿",,,とら,,とら,とら,Hổ,
虐,kanji,55,"虍,ヨ",逆,ぎゃく,,,ぎゃく,ぎゃく,Ngược Đãi,Ngược
虚,kanji,45,"虍,业",,きょ,むな,,きょ,"きょ, むな",Trống Rỗng,Hư
虫,kanji,11,虫,,ちゅう,むし,,むし,"むし, ちゅう",Côn Trùng,Trùng
虹,kanji,54,"虫,工",紅,こう,にじ,,にじ,"にじ, こう",Cầu Vồng,
蚊,kanji,57,"虫,文",,,か,,か,か,Muỗi,
蛇,kanji,61,"虫,宀,匕",,じゃ,へび,,へび,"へび, じゃ",Rắn,
蛍,kanji,35,"𭕄,冖,虫",,けい,ほたる,,ほたる,"ほたる, けい",Đom Đóm,Huỳnh
蛛,kanji,45,"虫,丿,未",,,くも,,くも,くも,Nhện,
蜂,kanji,67,"虫,夂,王",,,はち,,はち,はち,Ong,
蜘,kanji,45,"虫,知",,,くも,,くも,くも,Nhện,
蜜,kanji,67,"宀,必,虫",密,みつ,,,みつ,みつ,Mật Ong,Mật
蝶,kanji,69,"虫,世,木",喋,ちょう,,,ちょう,ちょう,Bướm,
融,kanji,70,"一,口,冂,儿,丆,虫",勇,ゆう,,,ゆう,ゆう,Dung Hợp,Dung
蟹,kanji,68,"角,刀,牛,虫",,,かに,,かに,かに,Cua,
蟻,kanji,45,"虫,義",,ぎ,あり,,あり,"あり, ぎ",Kiến,
血,kanji,25,"皿,丶",皿,けつ,ち,,けつ,"けつ, ち",Máu,Huyết
衆,kanji,65,"血,彡,𧘇","終,周",しゅう,,,しゅう,しゅう,Quần Chúng,Chúng
行,kanji,3,行,幸,"こう, ぎょう","い, ゆ, おこな",,こう,"こう, ぎょう, い, ゆ, おこな",Đi,Hành
術,kanji,39,"行,ホ,丶",述,じゅつ,,,じゅつ,じゅつ,Kỹ Thuật,Thuật
街,kanji,19,"土,行",,"がい, かい",まち,,がい,"がい, かい, まち",Phố,
衛,kanji,26,"行,韋",,えい,,,えい,えい,Bảo Vệ,Vệ
衝,kanji,44,"行,重",,しょう,,,しょう,しょう,Sốc,Va Chạm
衣,kanji,16,衣,,い,"ころも, きぬ",,い,"い, ころも, きぬ",Quần Áo,"Y, Lớp Ngoài"
表,kanji,19,"生,𧘇","標,票",ひょう,"あらわ, おもて",,ひょう,"ひょう, あらわ, おもて",Diễn Đạt,"Biểu, Mặt Trước"
衰,kanji,57,"亠,日,𧘇","哀,粋,酔",すい,おとろ,,すい,"すい, おとろ",Suy Thoái,Suy
袋,kanji,60,"代,衣",,,ふくろ,,ふくろ,ふくろ,Túi,
袖,kanji,55,"ネ,由",,,そで,,そで,そで,Tay Áo,
被,kanji,54,"ネ,皮","披,疲,悲,秘",ひ,かぶ,,ひ,"ひ, かぶ",Đội,"Bị, Che Phủ, Trùng"
裁,kanji,38,"十,戈,衣","載,歳,栽",さい,さば,,さい,"さい, さば",Xét Xử,Tài
裂,kanji,64,"列,衣",劣,れつ,さ,,れつ,"れつ, さ",Chia Cắt,Liệt
装,kanji,17,"冫,丨,士,衣",争,"そう, しょう",よそお,,そう,"そう, しょう, よそお",Trang Phục,Trang
裏,kanji,47,"亠,里,𧘇",,り,うら,,うら,"うら, り",Mặt Sau,
裕,kanji,49,"ネ,谷",,ゆう,,,ゆう,ゆう,Giàu,
補,kanji,29,"ネ,十,丶,用","捕,舗",ほ,おぎな,,ほ,"ほ, おぎな",Bổ Sung,Bổ
裸,kanji,67,"ネ,果",,ら,はだか,,ら,"ら, はだか",Trần Truồng,Khỏa
製,kanji,68,"制,衣",,せい,,,せい,せい,Sản Xuất,
複,kanji,45,"ネ,复",復,ふく,,,ふく,ふく,Số Nhiều,Phức
褒,kanji,62,"亠,保,𧘇",,ほう,ほ,,ほう,"ほう, ほ",Khen,
襟,kanji,70,"ネ,禁",,,えり,,えり,えり,Cổ Áo,
襲,kanji,44,"立,月,弓,衣","集,習",しゅう,おそ,,しゅう,"しゅう, おそ",Tấn Công,Tập
西,kanji,5,"一,儿,口",,"せい, さい",にし,,せい,"せい, さい, にし",Hướng Tây,Tây
要,kanji,11,"覀,女",妖,よう,い,,よう,"よう, い",Cần,Yếu
覆,kanji,66,"覀,彳,复",,ふく,おお,,ふく,"ふく, おお",Bao Phủ,
見,kanji,6,"目,儿","建,件",けん,み,,み,"み, けん",Nhìn,Kiến
規,kanji,13,"夫,見","視,季,鬼,軌,貴",き,,,き,き,Quy Tắc,Quy
視,kanji,11,"ネ,見",規,し,,,し,し,Nhìn Kỹ,Thị
覗,kanji,64,"司,見",,,のぞ,,のぞ,のぞ,Ngó,
覚,kanji,11,"𭕄,冖,見",角,かく,"おぼ, さ",,かく,"かく, おぼ, さ",Đánh Thức,Giác
覧,kanji,40,"臣,𠂉,一,見",,らん,,,らん,らん,Xem,Lãm
親,kanji,15,"立,木,見","神,身,慎",しん,"おや, した",,しん,"しん, おや, した",Bố Mẹ,Thân
観,kanji,40,"矢,隹,見","歓,勧,官,関,慣",かん,み,,かん,"かん, み",Nhìn,Quan
角,kanji,9,"勹,用",覚,かく,"かど, つの",,かく,"かく, かど, つの",Góc,Giác
解,kanji,9,"角,刀,牛",,かい,と,,かい,"かい, と",Lý Giải,Giải
触,kanji,52,"角,虫",,しょく,"さわ, ふ",,しょく,"しょく, さわ, ふ",Chạm,Xúc
言,kanji,9,言,"元,原,厳","げん, ごん","い, こと",,げん,"げん, ごん, い, こと",Nói,Ngôn
訂,kanji,53,"言,丁","定,庭",てい,,,てい,てい,Đính Chính,Đính
計,kanji,11,"言,十",契,けい,はか,,けい,"けい, はか",Kế Hoạch,Kế
討,kanji,57,"言,寸",,とう,う,,とう,"とう, う",Xem Xét,Thảo
訓,kanji,45,"言,川",,くん,よ,,くん,"くん, よ",Huấn Luyện,Huấn
託,kanji,48,"言,一,七","宅,卓,濯",たく,,,たく,たく,Ủy Thác,Thác
記,kanji,40,"言,己","紀,起,期,奇,旗",き,しる,,き,"き, しる",Ghi Chép,Ký
訛,kanji,65,"言,化",,,なま,,なま,なま,Giọng,Giọng Địa Phương
訟,kanji,62,"言,公",,しょう,,,しょう,しょう,Tố Tụng,Tụng
訪,kanji,58,"言,方",,ほう,"たず, おとず",,ほう,"ほう, たず, おとず",Thăm,
設,kanji,36,"言,殳","切,説,節,接",せつ,もう,,せつ,"せつ, もう",Thiết Lập,Thiết
許,kanji,19,"言,午",,きょ,ゆる,,きょ,"きょ, ゆる",Cho Phép,"Bỏ Qua, Tha"
訳,kanji,60,"言,尸,丶","役,疫",やく,わけ,,やく,"やく, わけ",Dịch,"Lý Do, Nghĩa"
訴,kanji,62,"言,斤,丶",素,そ,うった,,そ,"そ, うった",Kiện,Tố
診,kanji,65,"言,𠆢,彡",珍,しん,み,,しん,"しん, み",Khám Bệnh,Chẩn
証,kanji,29,"言,正",,しょう,あかし,,しょう,"しょう, あかし",Chứng Cứ,Cứ
詐,kanji,66,"言,乍",,さ,,,さ,さ,Lừa Đảo,
評,kanji,42,"言,平",,ひょう,,,ひょう,ひょう,Phê Bình,Bình
詞,kanji,20,"言,司",,し,,,し,し,Từ,
試,kanji,25,"言,弋,工",,し,"ため, こころ",,し,"し, ため, こころ",Thử,
詩,kanji,66,"言,寺","寺,時,持,侍",し,うた,,し,"し, うた",Thơ,Thi
詰,kanji,65,"言,吉",,,"つ, づ",,つ,"つ, づ",Lấp Đầy,
話,kanji,9,"言,舌",,わ,"はな, はなし",,わ,"わ, はな, はなし",Nói Chuyện,Thoại
詳,kanji,53,"言,羊",,しょう,くわ,,しょう,"しょう, くわ",Chi Tiết,Rõ Ràng
誇,kanji,67,"言,大,二,勹",,こ,ほこ,,こ,"こ, ほこ",Tự Hào,
誉,kanji,46,"𭕄,一,ハ,言","予,余",よ,,,よ,よ,Vinh Dự,Dự
誌,kanji,45,"言,士,心",,し,,,し,し,Ghi Chép,Chí
認,kanji,32,"言,忍",,にん,みと,,にん,"にん, みと",Công Nhận,Nhận
誓,kanji,52,"折,言","世,制,勢",せい,ちか,,せい,"せい, ちか",Thề,Thệ
誕,kanji,57,"言,延",,たん,,,たん,たん,Sinh Nhật,
誘,kanji,42,"言,秀","由,遊",ゆう,さそ,,ゆう,"ゆう, さそ",Mời,"Dụ, Rủ"
語,kanji,12,"言,五,口",,ご,かた,,ご,"ご, かた",Ngôn Ngữ,"Ngữ, Kể"
誠,kanji,10,"言,成",,せい,まこと,,せい,"せい, まこと",Thành Thật,Thành
誤,kanji,46,"言,口,丨,ユ,ハ",,ご,あやま,,ご,"ご, あやま",Nhầm,
説,kanji,22,"言,兄,丷","切,節,設,接",せつ,と,,せつ,"せつ, と",Giả Thuyết,Thuyết
読,kanji,13,"言,売","独,毒","どく, とう",よ,,よ,"よ, どく, とう",Đọc,Độc
誰,kanji,9,"言,隹",,,だれ,,だれ,だれ,Ai,
課,kanji,21,"言,田,木",科,か,,,か,か,Bài Học,Khóa
調,kanji,36,"言,周","彫,鳥",ちょう,しら,,ちょう,"ちょう, しら",Tìm Hiểu,Điều
談,kanji,33,"言,火",,だん,,,だん,だん,Thảo Luận,Đàm
請,kanji,14,"言,青","清,精","せい, しょう",う,,せい,"せい, しょう, う",Yêu Cầu,Thỉnh
論,kanji,26,"言,𠆢,一,冊",,ろん,,,ろん,ろん,Tranh Luận,Luận
諦,kanji,59,"言,立,巾",締,,あきら,,あきら,あきら,Bỏ Cuộc,
諸,kanji,38,"言,者",緒,しょ,,,しょ,しょ,Các,Nhiều
諾,kanji,48,"言,艹,右",,だく,,,だく,だく,Cho Phép,
謀,kanji,61,"言,甘,木",,ぼう,はか,,ぼう,"ぼう, はか",Âm Mưu,Mưu
謎,kanji,59,"言,迷",,,なぞ,,なぞ,なぞ,Câu Đố,Bí Ẩn
謙,kanji,45,"言,兼",嫌,けん,,,けん,けん,Khiêm Tốn,Khiêm
講,kanji,29,"言,冓","構,購",こう,,,こう,こう,Giảng,
謝,kanji,69,"言,射",写,しゃ,あやま,,しゃ,"しゃ, あやま",Xin Lỗi,Tạ
謡,kanji,39,"言,⺤,缶",揺,よう,,,よう,よう,Ca Dao,Dao
識,kanji,32,"言,音,戈","織,職",しき,,,しき,しき,Ý Thức,Thức
警,kanji,12,"敬,言","驚,敬,景,競",けい,,,けい,けい,Cảnh Giác,Cảnh
議,kanji,39,"言,義","儀,犠",ぎ,,,ぎ,ぎ,Họp,Nghị
譲,kanji,45,"言,㐮",嬢,じょう,ゆず,,じょう,"じょう, ゆず",Nhường,Nhượng
護,kanji,45,"言,艹,隹,又",,ご,,,ご,ご,Bảo Hộ,Hộ
谷,kanji,25,"ハ,𠆢,口",,,"たに, や",,たに,"たに, や",Thung Lũng,
豆,kanji,22,豆,,とう,まめ,,とう,"とう, まめ",Đậu,
豊,kanji,46,"曲,豆","封,放",ほう,ゆた,,ほう,"ほう, ゆた",Phong Phú,Phong
豚,kanji,12,"月,豕",,とん,ぶた,,ぶた,"ぶた, とん",Lợn,
象,kanji,13,象,,"ぞう, しょう",,,ぞう,"ぞう, しょう",Voi,Tượng
豪,kanji,67,"高,豕",,ごう,,,ごう,ごう,Hào Hoa,Hào
貝,kanji,40,貝,,ばい,かい,,かい,"かい, ばい",Vỏ,"Sò, Ngao, Hến, Trai, Động Vật Có Vỏ"
負,kanji,19,"勹,貝",,ふ,"ま, お",,ふ,"ふ, ま, お",Thua,Đánh Bại
財,kanji,26,"貝,才","材,在,罪,才,再,災","さい, ざい",,,さい,"さい, ざい",Tài Sản,Tài
貢,kanji,57,"工,貝",,こう,,,こう,こう,Cống Hiến,Cống
貧,kanji,33,"分,貝",,"びん, ひん",まず,,びん,"びん, ひん, まず",Nghèo,
貨,kanji,59,"化,貝",賀,か,,,か,か,Tiền Tệ,Hóa
販,kanji,32,"貝,反","半,班,版",はん,,,はん,はん,Bán,
貫,kanji,61,"毋,貝",慣,かん,つらぬ,,かん,"かん, つらぬ",Xuyên Suốt,Quán
責,kanji,22,"生,貝",,せき,せ,,せき,"せき, せ",Trách Nhiệm,Trách
貯,kanji,63,"貝,宀,丁",著,ちょ,たくわ,,ちょ,"ちょ, たくわ",Trữ,
貰,kanji,22,"世,貝",,,もら,,もら,もら,Nhận,
貴,kanji,64,"中,一,貝","規,季,鬼,軌",き,とうと,,き,"き, とうと",Quý Giá,Quý
買,kanji,23,"罒,貝",売,ばい,か,,か,"か, ばい",Mua,
貸,kanji,24,"代,貝",,たい,か,,か,"か, たい",Cho Mượn,Cho Vay
費,kanji,58,"弓,丿,丨,貝","非,飛",ひ,つい,,ひ,"ひ, つい",Chi Phí,Phí
貼,kanji,24,"貝,占",粘,,は,,は,は,Dán,
貿,kanji,64,"ム,刀,貝",,ぼう,,,ぼう,ぼう,Thương Mại,
賀,kanji,50,"力,口,貝",貨,が,,,が,が,Mừng,
賂,kanji,67,"貝,各","呂,路,炉",ろ,,,ろ,ろ,Hối Lộ,Lộ
賃,kanji,24,"任,貝",,ちん,,,ちん,ちん,Thuê,
賄,kanji,67,"貝,有",,わい,まかな,,わい,"わい, まかな",Hối Lộ,Hối
資,kanji,26,"次,貝",姿,し,,,し,し,Đầu Tư,Tư
賊,kanji,32,"貝,戈,十","族,続,俗,属",ぞく,,,ぞく,ぞく,Tặc,
賑,kanji,30,"貝,辰",,しん,にぎ,,にぎ,"しん, にぎ",Nhộn Nhịp,Náo Nhiệt
賛,kanji,69,"夫,貝",,さん,,,さん,さん,Tán Thành,Tán
賞,kanji,30,"𭕄,冖,口,貝",,しょう,,,しょう,しょう,Thưởng,
賠,kanji,60,"貝,咅","倍,培",ばい,,,ばい,ばい,Bồi Thường,Bồi
賢,kanji,53,"臣,又,貝",,けん,かしこ,,けん,"けん, かしこ",Khôn,"Hiền, Thông Minh"
質,kanji,20,"斤,貝","失,執","しつ, しち",,,しつ,"しつ, しち",Chất Lượng,Chất
賭,kanji,46,"貝,者",,と,か,,か,"か, と",Cược,
購,kanji,41,"貝,冓","構,講",こう,,,こう,こう,Mua,
贅,kanji,42,"土,方,夂,貝",,ぜい,,,ぜい,ぜい,Xa Hoa,
贈,kanji,54,"貝,丷,田,日","憎,僧,増,層",ぞう,おく,,ぞう,"ぞう, おく",Tặng,
赤,kanji,8,"土,ハ,儿",,せき,あか,,あか,"あか, せき",Đỏ,
走,kanji,16,"口,止",,そう,はし,,そう,"そう, はし",Chạy,Tẩu
起,kanji,17,"走,己","紀,記",き,お,,お,"お, き",Dậy,Khởi
超,kanji,49,"走,召",,ちょう,こ,,ちょう,"ちょう, こ",Vượt,Siêu
越,kanji,46,"走,成",,えつ,こ,,えつ,"えつ, こ",Vượt,Việt
趣,kanji,37,"走,取",,しゅ,,,しゅ,しゅ,Sở Thích,
足,kanji,7,"口,止",,そく,"あし, た",,そく,"そく, あし, た",Chân,Đủ
距,kanji,47,"足,巨","拒,居,挙,拠",きょ,,,きょ,きょ,Khoảng Cách,Cự
跡,kanji,31,"足,亠,儿,ハ","積,績,析",せき,あと,,せき,"せき, あと",Dấu Vết,Tích
路,kanji,32,"足,各","呂,炉,賂",ろ,じ,,ろ,"ろ, じ",Đường,Lộ
跳,kanji,47,"足,兆",挑,ちょう,"と, は",,ちょう,"ちょう, と, は",Nhảy,
践,kanji,67,"足,戈,二","銭,浅,薦",せん,ふ,,せん,"せん, ふ",Thực Tiễn,Tiễn
踊,kanji,45,"足,マ,用",,,おど,,おど,おど,Nhảy,Múa
踏,kanji,69,"足,水,日",,とう,ふ,,とう,"とう, ふ",Dẫm,Đạp
蹴,kanji,68,"足,京,犬",,しゅう,け,,け,"け, しゅう",Đá,Sút
躍,kanji,47,"足,ヨ,隹",,やく,おど,,やく,"やく, おど",Nhảy,
身,kanji,9,"自,丿","神,親,慎",しん,み,,しん,"しん, み",Thân,
車,kanji,6,車,"社,射",しゃ,くるま,,しゃ,"しゃ, くるま",Xe,
軌,kanji,53,"車,九","規,季,鬼,貴",き,,,き,き,Vết Bánh Xe,Quỹ
軍,kanji,39,"冖,車",群,ぐん,,,ぐん,ぐん,Quân,
軒,kanji,60,"車,干",,けん,のき,,けん,"けん, のき",Mái Hiên,
軟,kanji,51,"車,欠",,なん,やわ,,なん,"なん, やわ",Mềm,Dẻo
転,kanji,19,"車,云",展,てん,ころ,,てん,"てん, ころ",Lăn,Chuyển
軽,kanji,36,"車,又,土","径,経",けい,かる,,かる,"かる, けい",Nhẹ,Khinh
較,kanji,13,"車,交",,かく,,,かく,かく,So Sánh,
載,kanji,66,"十,戈,車","裁,歳,栽",さい,の,,さい,"さい, の",Đặt Lên,
輝,kanji,69,"光,冖,車",,き,かがや,,かがや,"かがや, き",Tỏa Sáng,Rực Rỡ
輩,kanji,24,"非,車",背,はい,,,はい,はい,Bối,
輪,kanji,41,"車,𠆢,一,冊",,りん,わ,,りん,"りん, わ",Vòng,
輸,kanji,40,"車,𠆢,前",愉,ゆ,,,ゆ,ゆ,Truyền,"Nhập Khẩu, Xuất Khẩu"
辛,kanji,15,辛,幸,しん,"から, つら",,から,"から, つら, しん",Cay,"Khổ, Khó"
辞,kanji,17,"舌,辛","字,慈",じ,や,,じ,"じ, や",Nghỉ Việc,Từ
農,kanji,27,"曲,辰","能,納",のう,,,のう,のう,Nông Nghiệp,Nông
辺,kanji,34,"⻌,刀","遍,編",へん,"あた, べ",,へん,"へん, あた, べ",Cạnh,Biên
込,kanji,26,"⻌,入",,,こ,,こ,こ,Đông Đúc,
辿,kanji,39,"丶,⻌,山",,,たど,,たど,たど,Theo Dấu,
迎,kanji,39,"⻌,匚,卩",芸,げい,むか,,げい,"げい, むか",Đón,Nghênh
近,kanji,6,"⻌,斤","勤,禁",きん,ちか,,きん,"きん, ちか",Gần,Cận
返,kanji,29,"⻌,反",,へん,かえ,,へん,"へん, かえ",Trả,
迫,kanji,32,"⻌,白","拍,泊",はく,せま,,はく,"はく, せま",Đến Sát,Bách
述,kanji,41,"⻌,ホ,丶",術,じゅつ,の,,じゅつ,"じゅつ, の",Bày Tỏ,Thuật
迷,kanji,21,"⻌,米","明,命",めい,まよ,,めい,"めい, まよ",Lạc,Mê
追,kanji,47,"⻌,㠯,丶",墜,つい,お,,お,"お, つい",Truy Đuổi,Truy
退,kanji,27,"⻌,艮",,たい,しりぞ,,たい,"たい, しりぞ",Nghỉ Việc,
送,kanji,17,"⻌,关",,そう,おく,,そう,"そう, おく",Gửi,Tiễn
逃,kanji,27,"⻌,丷,丿,L","刀,島,倒,盗",とう,"に, のが",,とう,"とう, に, のが",Đào Tẩu,Đào
逆,kanji,38,"⻌,丷,一,凵,丿",虐,ぎゃく,さか,,ぎゃく,"ぎゃく, さか",Ngược,Nghịch
透,kanji,56,"⻌,秀",,とう,す,,とう,"とう, す",Trong Suốt,Thấu
途,kanji,55,"⻌,余",,と,,,と,と,Đường,
通,kanji,17,"⻌,マ,用",痛,つう,"とお, かよ",,つう,"つう, とお, かよ",Thông,
速,kanji,22,"⻌,木,口","則,即",そく,はや,,そく,"そく, はや",Nhanh,Tốc
造,kanji,21,"⻌,告",,ぞう,つく,,ぞう,"ぞう, つく",Tạo,
連,kanji,32,"⻌,車","恋,練",れん,つ,,れん,"れん, つ",Dẫn Theo,Liên
逮,kanji,33,"⻌,聿,水",,たい,,,たい,たい,Bắt Giữ,
週,kanji,11,"⻌,冂,土,口",周,しゅう,,,しゅう,しゅう,Tuần,
進,kanji,22,"⻌,隹",,しん,すす,,しん,"しん, すす",Tiến,
遂,kanji,64,"⻌,丷,豕",,すい,"と, つい",,すい,"すい, と, つい",Hoàn Thành,
遅,kanji,43,"⻌,尸,羊",,ち,"おそ, おく",,ち,"ち, おそ, おく",Muộn,
遇,kanji,43,"⻌,田,冂,ム","偶,隅",ぐう,,,ぐう,ぐう,Cảnh Ngộ,Ngộ
遊,kanji,24,"⻌,方,𠂉,子","由,誘",ゆう,あそ,,ゆう,"ゆう, あそ",Chơi,Du
運,kanji,19,"⻌,冖,車",雲,うん,はこ,,うん,"うん, はこ",Bê,"Vận, Vận May"
遍,kanji,66,"⻌,戸,冊","辺,編,偏",へん,あまね,,へん,"へん, あまね",Phổ Biến,Biến
過,kanji,31,"⻌,冋",,か,す,,か,"か, す",Quá,Qua
道,kanji,7,"⻌,首",堂,どう,みち,,どう,"どう, みち",Đường,Đạo
達,kanji,16,"⻌,幸",,たつ,たち,,たつ,"たつ, たち",Đạt,
違,kanji,26,"⻌,韋",偉,い,ちが,,ちが,"ちが, い",Khác,Vi
遜,kanji,45,"⻌,子,系","存,尊,損,孫",そん,,,そん,そん,Khiêm Tốn,Tốn
遠,kanji,28,"⻌,袁","園,援",えん,とお,,えん,"えん, とお",Xa,Viễn
遣,kanji,51,"⻌,虫,㠯",,けん,"つか, や",,けん,"けん, つか, や",Làm,"Trót, Dùng, Cử"
適,kanji,40,"⻌,立,冂,古","摘,滴,敵,的",てき,,,てき,てき,Thích Hợp,Thích
遭,kanji,68,"⻌,一,曲,日",,そう,あ,,そう,"そう, あ",Gặp Nạn,
遮,kanji,68,"⻌,广,凵,一,灬",,しゃ,さえぎ,,しゃ,"しゃ, さえぎ",Chắn,Ngắt Lời
選,kanji,43,"⻌,己,共",宣,せん,えら,,せん,"せん, えら",Chọn,Tuyển
遺,kanji,53,"⻌,中,一,貝","異,移","い, ゆい",,,い,"い, ゆい",Di Tích,Di
避,kanji,35,"⻌,尸,口,辛",,ひ,"さ, よ",,ひ,"ひ, さ, よ",Tránh,Tị
還,kanji,68,"⻌,睘",環,かん,かえ,,かん,"かん, かえ",Trả Lại,Hoàn
那,kanji,27,"刀,二,阝",,な,,,な,な,Chồng,
邦,kanji,43,"三,丿,阝",,ほう,くに,,ほう,"ほう, くに",Bang,
邪,kanji,31,"牙,阝",,じゃ,よこしま,,じゃ,"じゃ, よこしま",Cảm Lạnh,
郊,kanji,51,"交,阝",,こう,,,こう,こう,Ngoại Thành,
郎,kanji,30,"良,阝","朗,浪",ろう,,,ろう,ろう,Yarou,Rou
部,kanji,6,"咅,阝",,ぶ,へ,,ぶ,"ぶ, へ",Bộ Phận,Bộ
郵,kanji,22,"工,田,阝",,ゆう,,,ゆう,ゆう,Bưu Điện,
郷,kanji,52,"幺,郎","響,享",きょう,さと,,きょう,"きょう, さと",Quê Hương,Hương
都,kanji,12,"者,阝",図,"と, つ",,,と,"と, つ",Đô Thị,Đô
配,kanji,54,"酉,己",,はい,くば,,はい,"はい, くば",Phân Phối,Phối
酎,kanji,57,"酉,寸",,ちゅう,,,ちゅう,ちゅう,Shouchuu,Chuu
酒,kanji,16,"氵,酉",,しゅ,"さけ, さか",,しゅ,"しゅ, さけ, さか",Rượu,Tửu
酔,kanji,61,"酉,九,十","粋,衰",すい,よ,,すい,"すい, よ",Say,Túy
酢,kanji,65,"酉,乍","昨,作",さく,す,,す,"す, さく",Giấm,
酷,kanji,68,"酉,告","克,刻",こく,ひど,,こく,"こく, ひど",Tệ,Khốc
酸,kanji,51,"酉,ム,儿,夂",,さん,す,,さん,"さん, す",Chua,
醜,kanji,70,"酉,鬼",,,みにく,,みにく,みにく,Khó Coi,Xấu Xí
醤,kanji,57,"将,酉",,しょう,,,しょう,しょう,Xì Dầu,Nước Tương
釈,kanji,62,"一,米,尸,丶",借,しゃく,,,しゃく,しゃく,Giải Nghĩa,
里,kanji,30,里,理,り,さと,,さと,"さと, り",Làng,
重,kanji,11,"一,車",,"じゅう, ちょう","おも, かさ",,じゅう,"じゅう, ちょう, おも, かさ",Nặng,Trọng
野,kanji,13,"里,予",,や,の,,や,"や, の",Hoang,Dã
量,kanji,60,"旦,里",良,りょう,はか,,りょう,"りょう, はか",Lượng,
金,kanji,8,"𠆢,王,丷",全,きん,かね,,きん,"きん, かね",Vàng,"Kim, Tiền"
針,kanji,51,"金,十","心,深",しん,はり,,しん,"しん, はり",Kim,Châm
釣,kanji,61,"金,勹,丶",,,つ,,つ,つ,Câu Cá,
鈍,kanji,63,"金,七,凵",,どん,にぶ,,どん,"どん, にぶ",Cùn,Chậm Hiểu
鈴,kanji,67,"金,令",,りん,すず,,りん,"りん, すず",Chuông,Lục Lạc
鉄,kanji,44,"金,失","徹,哲",てつ,,,てつ,てつ,Sắt,"Thiết, Thép"
鉛,kanji,59,"金,ハ,口",沿,えん,なまり,,えん,"えん, なまり",Chì,
鉢,kanji,50,"金,本",,はち,,,はち,はち,Chậu,
鉱,kanji,51,"金,広",,こう,,,こう,こう,Khoáng Sản,Khoáng
銀,kanji,26,"金,艮",,ぎん,,,ぎん,ぎん,Bạc,Ngân
銃,kanji,43,"金,充",,じゅう,,,じゅう,じゅう,Súng,
銅,kanji,45,"金,同",,どう,,,どう,どう,Đồng,
銭,kanji,63,"金,戈,二","践,浅",せん,ぜに,,せん,"せん, ぜに",Xu,Tiền
鋭,kanji,63,"金,兄,丷",,えい,するど,,えい,"えい, するど",Sắc,Nhọn
錠,kanji,70,"金,宀,正",,じょう,,,じょう,じょう,Ổ Khóa,
錯,kanji,46,"金,昔",,さく,,,さく,さく,Sai Lầm,
録,kanji,40,"金,ヨ,水","緑,六",ろく,,,ろく,ろく,Lưu,Lục
鍋,kanji,69,"金,冋",,か,なべ,,なべ,"なべ, か",Nồi,
鍵,kanji,70,"金,廴,聿",,けん,かぎ,,かぎ,"かぎ, けん",Khóa,Chìa Khóa
鎌,kanji,67,"金,兼",,,かま,,かま,かま,Liềm,
鎖,kanji,51,"金,⺌,貝",,さ,くさり,,さ,"さ, くさり",Xích,Tỏa
鎮,kanji,65,"金,真",陳,ちん,しず,,ちん,"ちん, しず",Trấn Áp,Trấn
鏡,kanji,29,"金,立,見",境,きょう,かがみ,,かがみ,"かがみ, きょう",Kính,Gương
鑑,kanji,47,"金,監",艦,かん,,,かん,かん,Giám Định,Thưởng Thức
長,kanji,6,長,徴,ちょう,なが,,ちょう,"ちょう, なが",Dài,"Trường, Trưởng"
門,kanji,48,門,文,もん,,,もん,もん,Cổng,Môn
閉,kanji,7,"門,才",開,へい,"し, と",,へい,"へい, し, と",Đóng,Bế
開,kanji,7,"門,开","閉,海,階,怪,改",かい,"あ, ひら",,かい,"かい, あ, ひら",Mở,Khai
間,kanji,10,"門,日",,"かん, けん","あいだ, ま",,かん,"かん, けん, あいだ, ま",Khoảng,Gian
関,kanji,21,"門,关","官,慣,観",かん,かか,,かん,"かん, かか",Liên Quan,Quan
闇,kanji,41,"門,音","安,暗,案",あん,やみ,,やみ,"やみ, あん",Bóng Tối,Ám
闘,kanji,40,"門,豆,寸",,とう,たたか,,とう,"とう, たたか",Đấu,
阪,kanji,22,"阝,反",坂,,さか,,さか,さか,Oosaka,Saka
防,kanji,13,"阝,方","坊,妨,房",ぼう,ふせ,,ぼう,"ぼう, ふせ",Phòng Ngừa,Phòng
降,kanji,30,"阝,夂,牛",,こう,"お, ふ",,こう,"こう, お, ふ",Rơi,
限,kanji,12,"阝,艮",,げん,かぎ,,げん,"げん, かぎ",Giới Hạn,Hạn
院,kanji,18,"阝,宀,元",員,いん,,,いん,いん,Viện,
陣,kanji,57,"阝,車",,じん,,,じん,じん,Nhóm,Đội Hình
除,kanji,20,"阝,余","徐,序","じょ, じ",のぞ,,じょ,"じょ, じ, のぞ",Ngoại Trừ,Trừ
陥,kanji,58,"阝,勹,旧",,かん,おちい,,かん,"かん, おちい",Rơi Vào,
陰,kanji,61,"阝,今,云","印,飲",いん,かげ,,いん,"いん, かげ",Bóng,Âm
陳,kanji,42,"阝,東","練,鎮",ちん,,,ちん,ちん,Trưng Bày,Trần
陸,kanji,39,"阝,坴",,りく,,,りく,りく,Lục Địa,Lục
険,kanji,32,"阝,㑒","験,検,倹,鹸,剣",けん,けわ,,けん,"けん, けわ",Nguy Hiểm,Hiểm
陽,kanji,23,"阝,易","洋,養",よう,ひ,,よう,"よう, ひ",Thái Dương,Dương
隅,kanji,64,"阝,田,冂,ム","遇,偶",ぐう,すみ,,すみ,"すみ, ぐう",Góc,
隊,kanji,39,"阝,丷,豕","対,待,帯",たい,,,たい,たい,Đội,
階,kanji,23,"阝,比,白","海,開,怪,改",かい,,,かい,かい,Tầng,Giai
随,kanji,65,"阝,有,⻌",,ずい,,,ずい,ずい,Tùy,
隔,kanji,65,"阝,一,口,冂,儿,丆","革,格",かく,へだ,,かく,"かく, へだ",Cách,
隙,kanji,66,"阝,小,日",,,すき,,すき,すき,Khe Hở,
際,kanji,58,"阝,祭",細,さい,きわ,,さい,"さい, きわ",Dịp,Tế
障,kanji,52,"阝,立,早",,しょう,さわ,,しょう,"しょう, さわ",Chướng,
隠,kanji,65,"阝,⺤,ヨ,心",穏,いん,かく,,いん,"いん, かく",Giấu,Ẩn
隣,kanji,37,"阝,米,舛","林,臨",りん,となり,,りん,"りん, となり",Bên Cạnh,Lân
隷,kanji,34,"士,示,聿,水","礼,励,例",れい,,,れい,れい,Nô Lệ,Lệ
雄,kanji,31,"ナ,ム,隹",,ゆう,おす,,おす,"おす, ゆう",Đực,Hùng
集,kanji,13,"隹,木","習,襲",しゅう,あつ,,しゅう,"しゅう, あつ",Tập Hợp,Tập
雇,kanji,64,"戸,隹",,こ,やと,,こ,"こ, やと",Thuê,Tuyển
雌,kanji,31,"止,匕,隹",,し,めす,,めす,"めす, し",Cái,
雑,kanji,45,"九,木,隹",,"ざつ, ぞう",,,ざつ,"ざつ, ぞう",Lẫn Lộn,Tạp
離,kanji,47,"亠,凵,メ,隹",理,り,はな,,り,"り, はな",Rời Xa,Ly
難,kanji,23,"𦰩,隹",,なん,"むずか, にく",,なん,"なん, むずか, にく",Khó,Nan
雨,kanji,5,雨,宇,う,"あめ, あま",,あめ,"あめ, あま, う",Mưa,Vũ
雪,kanji,38,"雨,ヨ",,,ゆき,,ゆき,ゆき,Tuyết,
雰,kanji,34,"雨,分",,ふん,,,ふん,ふん,Bầu Không Khí,
雲,kanji,41,"雨,云",運,うん,くも,,くも,"くも, うん",Mây,Vân
零,kanji,66,"雨,令","齢,冷,霊",れい,こぼ,,れい,"れい, こぼ",Không,
雷,kanji,67,"雨,田",,らい,かみなり,,らい,"らい, かみなり",Sấm,Lôi
電,kanji,14,"雨,田,乚",殿,でん,,,でん,でん,Điện,
需,kanji,40,"雨,而",,じゅ,,,じゅ,じゅ,Nhu Cầu,Nhu
震,kanji,36,"雨,辰","娠,振",しん,ふる,,しん,"しん, ふる",Rung,
霊,kanji,54,"雨,二,业","冷,零,齢",れい,,,れい,れい,Ma,Linh
霧,kanji,69,"雨,務",,む,きり,,きり,"きり, む",Sương Mù,
露,kanji,60,"雨,路",,"ろ, ろう",つゆ,,ろ,"ろ, ろう, つゆ",Giọt Sương,Lộ
青,kanji,8,"生,月","生,正","せい, しょう",あお,,せい,"せい, しょう, あお",Xanh,Thanh
静,kanji,21,"青,争",情,せい,しず,,せい,"せい, しず",Yên Tĩnh,Tĩnh
非,kanji,23,"三,丿,乍","飛,費",ひ,,,ひ,ひ,Không Phải,Phi
面,kanji,21,面,,めん,おも,,めん,"めん, おも",Mặt,Diện
革,kanji,23,"凵,一,中","格,隔",かく,かわ,,かく,"かく, かわ",Da,Cách
靴,kanji,24,"革,化",,,くつ,,くつ,くつ,Giày,
韓,kanji,26,"十,早,韋",寒,かん,,,かん,かん,Hàn Quốc,Hàn
音,kanji,9,"立,日",,おん,"おと, ね",,おん,"おん, おと, ね",Tiếng,Âm
響,kanji,31,"幺,郎,音","享,郷",きょう,ひび,,きょう,"きょう, ひび",Vang,"Hưởng, Vọng"
頂,kanji,58,"丁,頁",,ちょう,いただ,,ちょう,"ちょう, いただ",Đỉnh,Nhận
頃,kanji,58,"匕,頁",,,"ころ, ごろ",,ころ,"ころ, ごろ",Khoảng,
項,kanji,65,"工,頁",,こう,,,こう,こう,Mục,
順,kanji,37,"川,頁","盾,純",じゅん,,,じゅん,じゅん,Thứ Tự,Thuận Lợi
須,kanji,67,"彡,頁",,す,,,す,す,Bắt Buộc,
預,kanji,66,"予,頁",,よ,あず,,よ,"よ, あず",Giữ Hộ,
頑,kanji,49,"元,頁","顔,願",がん,,,がん,がん,Ngoan Cố,Ngoan
領,kanji,22,"令,頁",,りょう,,,りょう,りょう,Lãnh Thổ,Lãnh
頬,kanji,54,"夫,丷,頁",,,"ほお, ほほ",,ほお,"ほお, ほほ",Má,
頭,kanji,35,"豆,頁",,"ず, とう",あたま,,あたま,"あたま, ず, とう",Đầu,
頷,kanji,66,"今,口,頁",,,うなず,,うなず,うなず,Gật Đầu,
頻,kanji,48,"歩,頁",,ひん,しき,,ひん,"ひん, しき",Liên Tục,Tần
頼,kanji,48,"束,頁",,らい,"たの, たよ",,らい,"らい, たの, たよ",Xin,"Nhờ, Dựa Vào"
題,kanji,20,"日,正,頁",,だい,,,だい,だい,Chủ Đề,Đề
額,kanji,58,"客,頁",,がく,ひたい,,がく,"がく, ひたい",Khoản Tiền,"Khung Tranh, Trán"
顔,kanji,13,"立,厂,彡,頁","頑,願,眼,岩",がん,かお,,かお,"かお, がん",Mặt,Nhan
顕,kanji,66,"日,业,頁",,けん,,,けん,けん,Hiển Vi,Hiển
願,kanji,48,"原,頁","顔,頑",がん,"ねが, ねがい",,がん,"がん, ねが, ねがい",Cầu Mong,Nguyện
類,kanji,40,"米,大,頁",,るい,,,るい,るい,Loài,Loại
顧,kanji,68,"雇,頁",,こ,かえり,,こ,"こ, かえり",Nhìn Lại,
風,kanji,14,"几,一,虫",封,"ふう, ふ",かぜ,,ふう,"ふう, ふ, かぜ",Gió,Phong
飛,kanji,35,飛,"非,費",ひ,と,,ひ,"ひ, と",Bay,Phi
食,kanji,14,"𠆢,良","殖,植",しょく,"た, く",,しょく,"しょく, た, く",Ăn,Thực
飢,kanji,57,"食,几",,き,う,,き,"き, う",Đói,
飯,kanji,22,"食,反",,はん,めし,,はん,"はん, めし",Cơm,Bữa Ăn
飲,kanji,16,"食,欠","印,陰",いん,の,,の,"の, いん",Uống,Ẩm
飴,kanji,68,"食,台",,,あめ,,あめ,あめ,Kẹo,
飼,kanji,59,"食,司",,し,か,,か,"か, し",Nuôi,
飽,kanji,67,"食,包",胞,ほう,あ,,ほう,"ほう, あ",Ngán,"Bão, Chán"
飾,kanji,67,"食,𠂉,巾",,しょく,かざ,,しょく,"しょく, かざ",Trang Trí,
餅,kanji,57,"食,丷,开",,へい,もち,,もち,"もち, へい",Mochi,
養,kanji,47,"羊,ハ,良","洋,陽",よう,やしな,,よう,"よう, やしな",Nuôi Nấng,Dưỡng
餌,kanji,68,"食,耳",,,えさ,,えさ,えさ,Mồi,
餓,kanji,57,"食,我",,が,う,,が,"が, う",Đói,
館,kanji,14,"食,官",,かん,,,かん,かん,Quán,
首,kanji,7,首,"手,守,殊",しゅ,くび,,くび,"くび, しゅ",Cổ,Thủ
香,kanji,46,"禾,日",,こう,"かお, か",,こう,"こう, かお, か",Hương,
馬,kanji,7,馬,,ば,うま,,ば,"ば, うま",Ngựa,Mã
駄,kanji,46,"馬,太",,"だ, た",,,だ,"だ, た",Dame,"Da, Ta"
駅,kanji,20,"馬,尸,丶",,えき,,,えき,えき,Ga,
駆,kanji,68,"馬,区",,く,か,,か,"か, く",Xông,"Lao, Chạy"
駐,kanji,59,"馬,主","注,柱",ちゅう,,,ちゅう,ちゅう,Đỗ,Trú
騎,kanji,66,"馬,奇",,き,,,き,き,Cưỡi Ngựa,Kỵ
騒,kanji,65,"馬,又,虫",,そう,さわ,,そう,"そう, さわ",Làm Ồn,
験,kanji,25,"馬,㑒","検,険,倹,鹸,剣",けん,,,けん,けん,Trải Nghiệm,Nghiệm
騰,kanji,68,"月,关,馬",,とう,,,とう,とう,Tăng,
驚,kanji,47,"敬,馬","警,敬",きょう,おどろ,,きょう,"きょう, おどろ",Bất Ngờ,Kinh
骨,kanji,43,"冋,冖,月",,こつ,ほね,,こつ,"こつ, ほね",Xương,Cốt
高,kanji,9,"亠,口,冋",,こう,たか,,こう,"こう, たか",Cao,
髪,kanji,25,"長,彡,友",,はつ,かみ,,かみ,"かみ, はつ",Tóc,
髭,kanji,29,"長,彡,止,匕",,,ひげ,,ひげ,ひげ,Râu,Ria
鬼,kanji,28,"丶,田,儿,ム","規,季,軌,貴",き,おに,,き,"き, おに",Quỷ,
魂,kanji,54,"云,鬼","困,混,婚",こん,たましい,,こん,"こん, たましい",Linh Hồn,Hồn
魅,kanji,59,"鬼,未",,み,,,み,み,Quyến Rũ,
魔,kanji,28,"广,木,鬼",,ま,,,ま,ま,Ma,
魚,kanji,24,魚,,ぎょ,さかな,,ぎょ,"ぎょ, さかな",Cá,
鮭,kanji,70,"魚,土",,,"さけ, しゃけ",,さけ,"さけ, しゃけ",Cá Hồi,
鮮,kanji,24,"魚,羊",,せん,あざ,,せん,"せん, あざ",Tươi,
鯉,kanji,68,"魚,里",,り,こい,,こい,"こい, り",Cá Chép,
鳥,kanji,13,鳥,"調,彫",ちょう,とり,,ちょう,"ちょう, とり",Chim,Điểu
鳩,kanji,67,"九,鳥",,く,はと,,はと,"はと, く",Bồ Câu,
鳴,kanji,28,"口,鳥",,めい,な,,な,"な, めい",Kêu,"Hót, Gáy"
鶏,kanji,49,"⺤,夫,鳥",,,"とり, にわとり",,とり,"とり, にわとり",Gà,
鶴,kanji,47,"宀,隹,鳥",,,つる,,つる,つる,Hạc,
鹸,kanji,49,"ト,口,メ,㑒","験,検,険,倹,剣",,けん,,けん,けん,Xà Phòng,
鹿,kanji,62,"广,覀,比",,,"か, しか",,か,"か, しか",Hươu,Lộc
麗,kanji,49,"一,凵,丶,广,覀,比",,れい,,,れい,れい,Đẹp,Lệ
麦,kanji,28,"生,夂",,,むぎ,,むぎ,むぎ,Lúa Mì,Mạch
麺,kanji,50,"麦,面",,めん,,,めん,めん,Mỳ,
麻,kanji,62,"广,木",,ま,,,ま,ま,Cần Sa,Ma
黄,kanji,9,"艹,一,田,丶",,おう,き,,き,"き, おう",Vàng,
黒,kanji,15,"里,灬",国,こく,くろ,,くろ,"こく, くろ",Đen,Hắc
黙,kanji,40,"里,犬,灬",,もく,だま,,もく,"もく, だま",Im Lặng,
鼓,kanji,67,"十,豆,支",,こ,つづみ,,こ,"こ, つづみ",Trống,
鼻,kanji,6,"自,田,廾",花,び,はな,,はな,"はな, び",Mũi,
齢,kanji,50,"歯,令","冷,零,霊",れい,,,れい,れい,Tuổi,
莫,kanji,35,"艹,日,大",草,ばく,,,ばく,ばく,Khổng Lồ,
尿,kanji,60,"尸,水",,にょう,,,にょう,にょう,Nước Tiểu,Niệu
騙,kanji,57,"馬,戸,冊",,,"だま, かた",,だま,"だま, かた",Lừa,
馴,kanji,62,"馬,川",,,な,,な,な,Thuần Hóa,"Tuần, Quen"
腎,kanji,61,"臣,又,月",,じん,,,じん,じん,Thận,
嗅,kanji,52,"口,臭",,きゅう,か,,きゅう,"きゅう, か",Ngửi,Khứu
～か国,vocab,12,国,N/A,N/A,N/A,N/A,かこく,かこく,Kakoku,Đếm Nước
～か国語,vocab,12,"国,語",N/A,N/A,N/A,N/A,かこくご,かこくご,Kakokugo,Đếm Ngôn Ngữ
～か所,vocab,6,所,N/A,N/A,N/A,N/A,かしょ,かしょ,Kasho,Đếm Chỗ
～か月,vocab,3,月,N/A,N/A,N/A,N/A,かげつ,かげつ,Kagetsu,Đếm Tháng
～か条,vocab,23,条,N/A,N/A,N/A,N/A,かじょう,かじょう,Kajou,Đếm Đề Mục
～丁目,vocab,5,"丁,目",N/A,N/A,N/A,N/A,ちょうめ,ちょうめ,Choume,
～世,vocab,10,世,N/A,N/A,N/A,N/A,せい,せい,Sei,Đếm Thế Hệ
～串,vocab,16,串,N/A,N/A,N/A,N/A,くし,くし,Kushi,Đếm Xiên
～代,vocab,14,代,N/A,N/A,N/A,N/A,だい,だい,Dai,"Thập Niên, Tiền, Phí"
～位,vocab,28,位,N/A,N/A,N/A,N/A,い,い,I,Đếm Thứ Hạng
～個,vocab,55,個,N/A,N/A,N/A,N/A,こ,こ,Ko,Đếm Vật Nhỏ
～倍,vocab,44,倍,N/A,N/A,N/A,N/A,ばい,ばい,Bai,Gấp
～円,vocab,1,円,N/A,N/A,N/A,N/A,えん,えん,En,Yên
～冊,vocab,26,冊,N/A,N/A,N/A,N/A,さつ,さつ,Satsu,Đếm Quyển Sách
～分,vocab,4,分,N/A,N/A,N/A,N/A,ふん,ふん,Fun,Phút
～割,vocab,25,割,N/A,N/A,N/A,N/A,わり,わり,Wari,
～匹,vocab,19,匹,N/A,N/A,N/A,N/A,ひき,ひき,Hiki,Đếm Con Vật Nhỏ
～区,vocab,4,区,N/A,N/A,N/A,N/A,く,く,Ku,
～台,vocab,4,台,N/A,N/A,N/A,N/A,だい,だい,Dai,Đếm Máy Móc
～号,vocab,22,号,N/A,N/A,N/A,N/A,ごう,ごう,Gou,Số
～名,vocab,3,名,N/A,N/A,N/A,N/A,めい,めい,Mei,
～君,vocab,37,君,N/A,N/A,N/A,N/A,くん,くん,Kun,
～周年,vocab,34,"周,年",N/A,N/A,N/A,N/A,しゅうねん,しゅうねん,Shuunen,Kỷ Niệm
～回,vocab,3,回,N/A,N/A,N/A,N/A,かい,かい,Kai,Đếm Lần
～巻,vocab,21,巻,N/A,N/A,N/A,N/A,かん,かん,Kan,"Đếm Tập Truyện, Đếm Cuốn"
～年,vocab,8,年,N/A,N/A,N/A,N/A,ねん,ねん,Nen,Năm
～度,vocab,12,度,N/A,N/A,N/A,N/A,ど,ど,Do,"Độ, Lần"
～戸,vocab,5,戸,N/A,N/A,N/A,N/A,こ,こ,Ko,
～房,vocab,36,房,N/A,N/A,N/A,N/A,ふさ,ふさ,Fusa,"Đếm Nải, Đếm Chùm"
～才,vocab,2,才,N/A,N/A,N/A,N/A,さい,さい,Sai,Tuổi
～時,vocab,9,時,N/A,N/A,N/A,N/A,じ,じ,Ji,Giờ
～時半,vocab,13,"時,半",N/A,N/A,N/A,N/A,じはん,じはん,Jihan,Giờ Rưỡi
～本,vocab,3,本,N/A,N/A,N/A,N/A,ほん,ほん,Hon,Đếm Vật Thon Dài
～札,vocab,33,札,N/A,N/A,N/A,N/A,さつ,さつ,Satsu,Tờ Tiền
～杯,vocab,18,杯,N/A,N/A,N/A,N/A,はい,はい,Hai,Đếm Cốc
～枚,vocab,49,枚,N/A,N/A,N/A,N/A,まい,まい,Mai,"Đếm Tờ, Đếm Vật Phẳng"
～柄,vocab,53,柄,N/A,N/A,N/A,N/A,がら,がら,Gara,Hoa Văn
～次第,vocab,25,"次,第",N/A,N/A,N/A,N/A,しだい,しだい,Shidai,"Phụ Thuộc Vào, Ngay Sau Khi"
～歳,vocab,23,歳,N/A,N/A,N/A,N/A,さい,さい,Sai,Tuổi
～段,vocab,23,段,N/A,N/A,N/A,N/A,だん,だん,Dan,"Đếm Bậc, Đếm Ngăn"
～殿,vocab,57,殿,N/A,N/A,N/A,N/A,どの,どの,Dono,
～氏,vocab,15,氏,N/A,N/A,N/A,N/A,し,し,Shi,
～気味,vocab,32,"気,味",N/A,N/A,N/A,N/A,ぎみ,ぎみ,Gimi,"Hơi, Cảm Giác"
～泊,vocab,48,泊,N/A,N/A,N/A,N/A,はく,はく,Haku,Đếm Đêm Trọ
～派,vocab,51,派,N/A,N/A,N/A,N/A,は,は,Ha,Phe
～湖,vocab,48,湖,N/A,N/A,N/A,N/A,こ,こ,Ko,Hồ
～畳,vocab,64,畳,N/A,N/A,N/A,N/A,じょう,じょう,Jou,Đếm Tatami
～票,vocab,62,票,N/A,N/A,N/A,N/A,ひょう,ひょう,Hyou,Đếm Phiếu Bầu
～秒,vocab,51,秒,N/A,N/A,N/A,N/A,びょう,びょう,Byou,Giây
～章,vocab,57,章,N/A,N/A,N/A,N/A,しょう,しょう,Shou,Chương
～粒,vocab,60,粒,N/A,N/A,N/A,N/A,つぶ,つぶ,Tsubu,"Đếm Hạt, Đếm Viên"
～組,vocab,31,組,N/A,N/A,N/A,N/A,くみ,くみ,Kumi,"Nhóm, Tổ, Lớp"
～羽,vocab,26,羽,N/A,N/A,N/A,N/A,わ,わ,Wa,"Đếm Chim, Đếm Thỏ"
～色,vocab,8,色,N/A,N/A,N/A,N/A,しょく,しょく,Shoku,Đếm Màu
～行き,vocab,3,行,N/A,N/A,N/A,N/A,いき,"いき, ゆき",Iki,Đi
～製,vocab,68,製,N/A,N/A,N/A,N/A,せい,せい,Sei,"Xuất Xứ, Làm Bằng"
～話,vocab,9,話,N/A,N/A,N/A,N/A,わ,わ,Wa,
～課,vocab,21,課,N/A,N/A,N/A,N/A,か,か,Ka,"Đếm Bài Học, Đếm Chương"
～軒,vocab,60,軒,N/A,N/A,N/A,N/A,けん,けん,Ken,Đếm Ngôi Nhà
～錠,vocab,70,錠,N/A,N/A,N/A,N/A,じょう,じょう,Jou,Đếm Viên Thuốc
～間,vocab,10,間,N/A,N/A,N/A,N/A,かん,かん,Kan,
～階,vocab,23,階,N/A,N/A,N/A,N/A,かい,かい,Kai,Đếm Tầng
～順,vocab,37,順,N/A,N/A,N/A,N/A,じゅん,じゅん,Jun,"Thứ Tự, Trình Tự"
～頭,vocab,35,頭,N/A,N/A,N/A,N/A,とう,とう,Tou,Đếm Con Vật To
あだ名,vocab,3,名,N/A,N/A,N/A,N/A,あだな,あだな,Biệt Danh,
うつ伏せ,vocab,30,伏,N/A,N/A,N/A,N/A,うつぶせ,うつぶせ,Nằm Sấp,
お互い,vocab,26,互,N/A,N/A,N/A,N/A,おたがい,おたがい,Cùng Nhau,Lẫn Nhau
お会計,vocab,11,"会,計",N/A,N/A,N/A,N/A,おかいけい,おかいけい,Hóa Đơn,
お兄さん,vocab,1,兄,N/A,N/A,N/A,N/A,おにいさん,おにいさん,Anh Trai,
お凸,vocab,34,凸,N/A,N/A,N/A,N/A,おでこ,おでこ,Trán,
お勘定,vocab,61,"勘,定",N/A,N/A,N/A,N/A,おかんじょう,おかんじょう,Hóa Đơn,
お化け屋敷,vocab,69,"化,屋,敷",N/A,N/A,N/A,N/A,おばけやしき,おばけやしき,Nhà Ma,
お召し物,vocab,34,"召,物",N/A,N/A,N/A,N/A,おめしもの,おめしもの,Quần Áo,
お土産,vocab,26,"土,産",N/A,N/A,N/A,N/A,おみやげ,おみやげ,Omiyage,Quà Lưu Niệm
お坊さん,vocab,26,坊,N/A,N/A,N/A,N/A,おぼうさん,おぼうさん,Nhà Sư,
お姉さん,vocab,16,姉,N/A,N/A,N/A,N/A,おねえさん,おねえさん,Chị Gái,
お婆さん,vocab,62,婆,N/A,N/A,N/A,N/A,おばあさん,おばあさん,Bà,
お嬢さん,vocab,41,嬢,N/A,N/A,N/A,N/A,おじょうさん,おじょうさん,Cô Nương,
お守り,vocab,23,守,N/A,N/A,N/A,N/A,おまもり,おまもり,Bùa,Bùa Hộ Mệnh
お客さん,vocab,27,客,N/A,N/A,N/A,N/A,おきゃくさん,おきゃくさん,Quý Khách,Khách
お寺,vocab,18,寺,N/A,N/A,N/A,N/A,おてら,おてら,Chùa,
お尻,vocab,33,尻,N/A,N/A,N/A,N/A,おしり,おしり,Mông,
お巡りさん,vocab,37,巡,N/A,N/A,N/A,N/A,おまわりさん,おまわりさん,Chú Cảnh Sát,Cô Cảnh Sát
お店,vocab,16,店,N/A,N/A,N/A,N/A,おみせ,おみせ,Cửa Hàng,Tiệm
お手洗い,vocab,27,"手,洗",N/A,N/A,N/A,N/A,おてあらい,おてあらい,Nhà Vệ Sinh,
お揃い,vocab,64,揃,N/A,N/A,N/A,N/A,おそろい,おそろい,Đồ Đôi,
お握り,vocab,65,握,N/A,N/A,N/A,N/A,おにぎり,おにぎり,Onigiri,Cơm Nắm
お正月,vocab,8,"正,月",N/A,N/A,N/A,N/A,おしょうがつ,おしょうがつ,Năm Mới,
お歳暮,vocab,45,"歳,暮",N/A,N/A,N/A,N/A,おせいぼ,おせいぼ,Oseibo,"Cuối Năm, Quà Cuối Năm"
お母さん,vocab,3,母,N/A,N/A,N/A,N/A,おかあさん,おかあさん,Mẹ,
お湯,vocab,63,湯,N/A,N/A,N/A,N/A,おゆ,おゆ,Nước Nóng,
お父さん,vocab,3,父,N/A,N/A,N/A,N/A,おとうさん,おとうさん,Bố,
お皿,vocab,20,皿,N/A,N/A,N/A,N/A,おさら,おさら,Đĩa,
お盆,vocab,45,盆,N/A,N/A,N/A,N/A,おぼん,おぼん,Obon,"Lễ Obon, Lễ Bon"
お知らせ,vocab,8,知,N/A,N/A,N/A,N/A,おしらせ,おしらせ,Thông Báo,
お礼,vocab,19,礼,N/A,N/A,N/A,N/A,おれい,おれい,Sự Biết Ơn,"Quà, Lễ Nghĩa"
お祝い,vocab,50,祝,N/A,N/A,N/A,N/A,おいわい,おいわい,Chúc Mừng,Quà
お節,vocab,36,節,N/A,N/A,N/A,N/A,おせち,おせち,Osechi,
お絞り,vocab,65,絞,N/A,N/A,N/A,N/A,おしぼり,おしぼり,Khăn Ướt,
お腹,vocab,23,腹,N/A,N/A,N/A,N/A,おなか,おなか,Bụng,
お茶,vocab,7,茶,N/A,N/A,N/A,N/A,おちゃ,おちゃ,Trà,
お菓子,vocab,45,"菓,子",N/A,N/A,N/A,N/A,おかし,おかし,Bánh Kẹo,
お菜,vocab,59,菜,N/A,N/A,N/A,N/A,おかず,おかず,Okazu,Món Ăn Kèm
お見合い,vocab,8,"見,合",N/A,N/A,N/A,N/A,おみあい,おみあい,Xem Mặt,Coi Mắt
お辞儀,vocab,55,"辞,儀",N/A,N/A,N/A,N/A,おじぎ,おじぎ,Cúi Chào,
お酒,vocab,16,酒,N/A,N/A,N/A,N/A,おさけ,おさけ,Rượu,
お金,vocab,8,金,N/A,N/A,N/A,N/A,おかね,おかね,Tiền,
かき氷,vocab,34,氷,N/A,N/A,N/A,N/A,かきごおり,かきごおり,Đá Bào,
カツ丼,vocab,34,丼,N/A,N/A,N/A,N/A,かつどん,かつどん,Katsudon,
ゴミ拾い,vocab,51,拾,N/A,N/A,N/A,N/A,ごみひろい,ごみひろい,Nhặt Rác,
ゴミ箱,vocab,63,箱,N/A,N/A,N/A,N/A,ごみばこ,ごみばこ,Thùng Rác,
ご褒美,vocab,62,"褒,美",N/A,N/A,N/A,N/A,ごほうび,ごほうび,Phần Thưởng,
ご覧,vocab,40,覧,N/A,N/A,N/A,N/A,ごらん,ごらん,Xem,
ご飯,vocab,22,飯,N/A,N/A,N/A,N/A,ごはん,ごはん,Cơm,Bữa Ăn
さつま芋,vocab,12,芋,N/A,N/A,N/A,N/A,さつまいも,さつまいも,Khoai Lang,
じゃが芋,vocab,12,芋,N/A,N/A,N/A,N/A,じゃがいも,じゃがいも,Khoai Tây,
じゃん拳,vocab,43,拳,N/A,N/A,N/A,N/A,じゃんけん,じゃんけん,Janken,Oẳn Tù Tì
バス停,vocab,29,停,N/A,N/A,N/A,N/A,ばすてい,ばすてい,Trạm Xe Buýt,
ハロン湾,vocab,64,湾,N/A,N/A,N/A,N/A,はろんわん,はろんわん,Vịnh Hạ Long,
ベトナム人,vocab,1,人,N/A,N/A,N/A,N/A,べとなむじん,べとなむじん,Người Việt,
ベトナム語,vocab,12,語,N/A,N/A,N/A,N/A,べとなむご,べとなむご,Tiếng Việt,
まな板,vocab,44,板,N/A,N/A,N/A,N/A,まないた,まないた,Thớt,
やり遂げる,vocab,64,遂,N/A,N/A,N/A,N/A,やりとげる,やりとげる,Hoàn Thành,Làm Đến Cùng
やる気,vocab,7,気,N/A,N/A,N/A,N/A,やるき,やるき,Động Lực,
ゆで卵,vocab,27,卵,N/A,N/A,N/A,N/A,ゆでたまご,ゆでたまご,Trứng Luộc,
一,vocab,1,一,N/A,N/A,N/A,N/A,いち,いち,Một,
一つ,vocab,1,一,N/A,N/A,N/A,N/A,ひとつ,ひとつ,Một Cái,
一人,vocab,1,"一,人",N/A,N/A,N/A,N/A,ひとり,ひとり,Một Người,Một Mình
一人っ子,vocab,2,"一,人,子",N/A,N/A,N/A,N/A,ひとりっこ,ひとりっこ,Con Một,
一人暮らし,vocab,45,"一,人,暮",N/A,N/A,N/A,N/A,ひとりぐらし,ひとりぐらし,Sống Một Mình,
一体,vocab,8,"一,体",N/A,N/A,N/A,N/A,いったい,いったい,Ittai,"Quái, Rốt Cuộc"
一千,vocab,1,"一,千",N/A,N/A,N/A,N/A,いっせん,いっせん,Một Nghìn,Nghìn
一口,vocab,1,"一,口",N/A,N/A,N/A,N/A,ひとくち,ひとくち,Một Miếng,Một Lời
一家,vocab,12,"一,家",N/A,N/A,N/A,N/A,いっか,いっか,Gia Đình,Nhà
一層,vocab,60,"一,層",N/A,N/A,N/A,N/A,いっそう,いっそう,Hơn Nữa,
一応,vocab,41,"一,応",N/A,N/A,N/A,N/A,いちおう,いちおう,Tạm Thời,Trước Mắt
一斉に,vocab,50,"一,斉",N/A,N/A,N/A,N/A,いっせいに,いっせいに,Đồng Loạt,
一日,vocab,2,"一,日",N/A,N/A,N/A,N/A,いちにち,"いちにち, ついたち",Một Ngày,Ngày Thứ Nhất
一旦,vocab,27,"一,旦",N/A,N/A,N/A,N/A,いったん,いったん,Tạm Thời,Một Khi Đã
一昨年,vocab,47,"一,昨,年",N/A,N/A,N/A,N/A,おととし,"おととし, いっさくねん",Năm Kia,
一昨日,vocab,47,"一,昨,日",N/A,N/A,N/A,N/A,おととい,"おととい, おとつい, いっさくじつ",Hôm Kia,
一時的,vocab,12,"一,時,的",N/A,N/A,N/A,N/A,いちじてき,いちじてき,Tạm Thời,
一杯,vocab,18,"一,杯",N/A,N/A,N/A,N/A,いっぱい,いっぱい,Đầy,"Nhiều, Hết Mức, Một Cốc"
一歩,vocab,11,"一,歩",N/A,N/A,N/A,N/A,いっぽ,いっぽ,Một Bước,
一流,vocab,22,"一,流",N/A,N/A,N/A,N/A,いちりゅう,いちりゅう,Hạng Nhất,
一生,vocab,5,"一,生",N/A,N/A,N/A,N/A,いっしょう,いっしょう,Cả Đời,
一生懸命,vocab,46,"一,生,懸,命",N/A,N/A,N/A,N/A,いっしょうけんめい,いっしょうけんめい,Hết Sức,Cố Hết Sức
一番,vocab,22,"一,番",N/A,N/A,N/A,N/A,いちばん,いちばん,Nhất,Số Một
一瞬,vocab,65,"一,瞬",N/A,N/A,N/A,N/A,いっしゅん,いっしゅん,Khoảnh Khắc,
一礼,vocab,19,"一,礼",N/A,N/A,N/A,N/A,いちれい,いちれい,Một Vái,
一種,vocab,40,"一,種",N/A,N/A,N/A,N/A,いっしゅ,いっしゅ,Một Chủng,"Một Loài, Một Loại"
一緒,vocab,45,"一,緒",N/A,N/A,N/A,N/A,いっしょ,いっしょ,Cùng,Giống
一致,vocab,50,"一,致",N/A,N/A,N/A,N/A,いっち,いっち,Trùng Khớp,Thống Nhất
一般,vocab,55,"一,般",N/A,N/A,N/A,N/A,いっぱん,いっぱん,Thông Thường,Bình Thường
一般人,vocab,55,"一,般,人",N/A,N/A,N/A,N/A,いっぱんじん,いっぱんじん,Người Bình Thường,
一覧,vocab,40,"一,覧",N/A,N/A,N/A,N/A,いちらん,いちらん,Danh Sách,
一言,vocab,10,"一,言",N/A,N/A,N/A,N/A,ひとこと,ひとこと,Một Lời,Đôi Lời
一貫,vocab,61,"一,貫",N/A,N/A,N/A,N/A,いっかん,いっかん,Nhất Quán,
一遍,vocab,66,"一,遍",N/A,N/A,N/A,N/A,いっぺん,いっぺん,Một Lần,
一部,vocab,6,"一,部",N/A,N/A,N/A,N/A,いちぶ,いちぶ,Một Phần,
丁寧,vocab,51,"丁,寧",N/A,N/A,N/A,N/A,ていねい,ていねい,Cẩn Thận,"Chỉnh Chu, Lịch Sự"
丁度,vocab,12,"丁,度",N/A,N/A,N/A,N/A,ちょうど,ちょうど,Vừa,Vừa Đúng
七,vocab,1,七,N/A,N/A,N/A,N/A,なな,"なな, しち",Bảy,
七つ,vocab,1,七,N/A,N/A,N/A,N/A,ななつ,ななつ,Bảy Cái,
七日,vocab,2,"七,日",N/A,N/A,N/A,N/A,なのか,なのか,Bảy Ngày,Ngày Thứ Bảy
七月,vocab,3,"七,月",N/A,N/A,N/A,N/A,しちがつ,しちがつ,Tháng Bảy,
万,vocab,3,万,N/A,N/A,N/A,N/A,まん,まん,Vạn,Mười Nghìn
万年筆,vocab,40,"万,年,筆",N/A,N/A,N/A,N/A,まんねんひつ,まんねんひつ,Bút Mực,
万引き,vocab,25,"万,引",N/A,N/A,N/A,N/A,まんびき,まんびき,Trộm Vặt,
丈,vocab,14,丈,N/A,N/A,N/A,N/A,たけ,たけ,Chiều Dài,
丈夫,vocab,13,"丈,夫",N/A,N/A,N/A,N/A,じょうぶ,じょうぶ,Bền,
三,vocab,1,三,N/A,N/A,N/A,N/A,さん,さん,Ba,
三つ,vocab,1,三,N/A,N/A,N/A,N/A,みっつ,"みっつ, みつ",Ba Cái,
三人,vocab,1,"三,人",N/A,N/A,N/A,N/A,さんにん,さんにん,Ba Người,
三十,vocab,1,"三,十",N/A,N/A,N/A,N/A,さんじゅう,さんじゅう,Ba Mươi,
三千,vocab,1,"三,千",N/A,N/A,N/A,N/A,さんぜん,さんぜん,Ba Nghìn,
三味線,vocab,17,"三,味,線",N/A,N/A,N/A,N/A,しゃみせん,"しゃみせん, さみせん",Shamisen,
三日,vocab,2,"三,日",N/A,N/A,N/A,N/A,みっか,"みっか, みか",Ba Ngày,Ngày Thứ Ba
三角,vocab,9,"三,角",N/A,N/A,N/A,N/A,さんかく,さんかく,Tam Giác,
上,vocab,2,上,N/A,N/A,N/A,N/A,うえ,うえ,Trên,
上がる,vocab,3,上,N/A,N/A,N/A,N/A,あがる,あがる,Lên,Đi Lên
上げる,vocab,2,上,N/A,N/A,N/A,N/A,あげる,あげる,Nâng Lên,Nâng
上り坂,vocab,20,"上,坂",N/A,N/A,N/A,N/A,のぼりざか,のぼりざか,Dốc Lên,
上る,vocab,4,上,N/A,N/A,N/A,N/A,のぼる,のぼる,Leo Lên,"Lên, Tăng Lên"
上京,vocab,10,"上,京",N/A,N/A,N/A,N/A,じょうきょう,じょうきょう,Đi Đến Toukyou,
上司,vocab,19,"上,司",N/A,N/A,N/A,N/A,じょうし,じょうし,Cấp Trên,
上品,vocab,14,"上,品",N/A,N/A,N/A,N/A,じょうひん,じょうひん,Tao Nhã,
上手,vocab,3,"上,手",N/A,N/A,N/A,N/A,じょうず,じょうず,Giỏi,
上手い,vocab,3,"上,手",N/A,N/A,N/A,N/A,うまい,うまい,Giỏi,
上旬,vocab,37,"上,旬",N/A,N/A,N/A,N/A,じょうじゅん,じょうじゅん,Joujun,Mười Ngày Đầu Tháng
上海,vocab,7,"上,海",N/A,N/A,N/A,N/A,しゃんはい,しゃんはい,Thượng Hải,
上着,vocab,18,"上,着",N/A,N/A,N/A,N/A,うわぎ,うわぎ,Áo Khoác,
上等,vocab,63,"上,等",N/A,N/A,N/A,N/A,じょうとう,じょうとう,Xịn,"Cao Cấp, Nhào Vô"
上級,vocab,52,"上,級",N/A,N/A,N/A,N/A,じょうきゅう,じょうきゅう,Thượng Cấp,
上達,vocab,16,"上,達",N/A,N/A,N/A,N/A,じょうたつ,じょうたつ,Tiến Bộ,
上野,vocab,59,"上,野",N/A,N/A,N/A,N/A,うえの,うえの,Ueno,
下,vocab,2,下,N/A,N/A,N/A,N/A,した,した,Dưới,
下がる,vocab,3,下,N/A,N/A,N/A,N/A,さがる,さがる,Xuống,
下げる,vocab,2,下,N/A,N/A,N/A,N/A,さげる,さげる,Hạ Xuống,Hạ
下さい,vocab,2,下,N/A,N/A,N/A,N/A,ください,ください,Xin,
下りる,vocab,4,下,N/A,N/A,N/A,N/A,おりる,おりる,Đi Xuống,Xuống
下り坂,vocab,20,"下,坂",N/A,N/A,N/A,N/A,くだりざか,くだりざか,Dốc Xuống,
下ろす,vocab,4,下,N/A,N/A,N/A,N/A,おろす,おろす,Lấy Xuống,Hạ Xuống
下品,vocab,14,"下,品",N/A,N/A,N/A,N/A,げひん,げひん,Khiếm Nhã,
下宿,vocab,48,"下,宿",N/A,N/A,N/A,N/A,げしゅく,げしゅく,Nhà Trọ,Trọ
下心,vocab,55,"下,心",N/A,N/A,N/A,N/A,したごころ,したごころ,Ý Đồ,Ý Đồ Riêng
下手,vocab,3,"下,手",N/A,N/A,N/A,N/A,へた,へた,Kém,Tệ
下旬,vocab,37,"下,旬",N/A,N/A,N/A,N/A,げじゅん,げじゅん,Gejun,Mười Ngày Cuối Tháng
下町,vocab,10,"下,町",N/A,N/A,N/A,N/A,したまち,したまち,Shitamachi,
下痢,vocab,67,"下,痢",N/A,N/A,N/A,N/A,げり,げり,Tiêu Chảy,
下着,vocab,18,"下,着",N/A,N/A,N/A,N/A,したぎ,したぎ,Đồ Lót,
下駄,vocab,46,"下,駄",N/A,N/A,N/A,N/A,げた,げた,Geta,Guốc Gỗ
不便,vocab,18,"不,便",N/A,N/A,N/A,N/A,ふべん,ふべん,Bất Tiện,
不倫,vocab,57,"不,倫",N/A,N/A,N/A,N/A,ふりん,ふりん,Ngoại Tình,
不可欠,vocab,10,"不,可,欠",N/A,N/A,N/A,N/A,ふかけつ,ふかけつ,Không Thể Thiếu,
不吉,vocab,6,"不,吉",N/A,N/A,N/A,N/A,ふきつ,ふきつ,Xui Xẻo,
不味い,vocab,16,"不,味",N/A,N/A,N/A,N/A,まずい,まずい,Tệ,
不器用,vocab,15,"不,器,用",N/A,N/A,N/A,N/A,ぶきよう,ぶきよう,Lúng Túng,
不孝,vocab,42,"不,孝",N/A,N/A,N/A,N/A,ふこう,ふこう,Bất Hiếu,
不安,vocab,6,"不,安",N/A,N/A,N/A,N/A,ふあん,ふあん,Bất An,
不審,vocab,69,"不,審",N/A,N/A,N/A,N/A,ふしん,ふしん,Đáng Nghi,
不平等,vocab,37,"不,平,等",N/A,N/A,N/A,N/A,ふびょうどう,ふびょうどう,Bất Bình Đẳng,
不幸,vocab,15,"不,幸",N/A,N/A,N/A,N/A,ふこう,ふこう,Bất Hạnh,
不思議,vocab,39,"不,思,議",N/A,N/A,N/A,N/A,ふしぎ,ふしぎ,Kỳ Lạ,
不慣れ,vocab,26,"不,慣",N/A,N/A,N/A,N/A,ふなれ,ふなれ,Chưa Quen,
不振,vocab,56,"不,振",N/A,N/A,N/A,N/A,ふしん,ふしん,Không Tốt,"Không Trôi Chảy, Trì Trệ"
不明,vocab,16,"不,明",N/A,N/A,N/A,N/A,ふめい,ふめい,Không Rõ,"Bất Minh, Không Xác Định"
不正,vocab,8,"不,正",N/A,N/A,N/A,N/A,ふせい,ふせい,Bất Chính,
不正解,vocab,9,"不,正,解",N/A,N/A,N/A,N/A,ふせいかい,ふせいかい,Sai,
不気味,vocab,32,"不,気,味",N/A,N/A,N/A,N/A,ぶきみ,ぶきみ,Ghê Rợn,
不況,vocab,38,"不,況",N/A,N/A,N/A,N/A,ふきょう,ふきょう,KHTK,Khủng Hoảng Kinh Tế
不満,vocab,34,"不,満",N/A,N/A,N/A,N/A,ふまん,ふまん,Bất Mãn,
不潔,vocab,59,"不,潔",N/A,N/A,N/A,N/A,ふけつ,ふけつ,Dơ Bẩn,
不穏,vocab,70,"不,穏",N/A,N/A,N/A,N/A,ふおん,ふおん,Bất Ổn,
不純,vocab,55,"不,純",N/A,N/A,N/A,N/A,ふじゅん,ふじゅん,Không Thuần Túy,Không Trong Sáng
不足,vocab,7,"不,足",N/A,N/A,N/A,N/A,ふそく,ふそく,Thiếu,
与えられる,vocab,26,与,N/A,N/A,N/A,N/A,あたえられる,あたえられる,Nhận,
与える,vocab,26,与,N/A,N/A,N/A,N/A,あたえる,あたえる,Cho,
与党,vocab,55,"与,党",N/A,N/A,N/A,N/A,よとう,よとう,Đảng Cầm Quyền,
世の中,vocab,10,"世,中",N/A,N/A,N/A,N/A,よのなか,よのなか,Xã Hội,Thế Giới
世界,vocab,10,"世,界",N/A,N/A,N/A,N/A,せかい,せかい,Thế Giới,
世界中,vocab,10,"世,界,中",N/A,N/A,N/A,N/A,せかいじゅう,せかいじゅう,Quanh Thế Giới,
世紀,vocab,52,"世,紀",N/A,N/A,N/A,N/A,せいき,せいき,Thế Kỷ,
世話,vocab,10,"世,話",N/A,N/A,N/A,N/A,せわ,せわ,Chăm Sóc,Quan Tâm
丘,vocab,34,丘,N/A,N/A,N/A,N/A,おか,おか,Đồi,
両側,vocab,58,"両,側",N/A,N/A,N/A,N/A,りょうがわ,りょうがわ,Hai Bên,
両国,vocab,20,"両,国",N/A,N/A,N/A,N/A,りょうこく,りょうこく,Hai Nước,
両思い,vocab,20,"両,思",N/A,N/A,N/A,N/A,りょうおもい,りょうおもい,Tình Song Phương,
両手,vocab,20,"両,手",N/A,N/A,N/A,N/A,りょうて,りょうて,Hai Tay,
両方,vocab,58,"両,方",N/A,N/A,N/A,N/A,りょうほう,りょうほう,Cả Hai,Hai Bên
両替,vocab,39,"両,替",N/A,N/A,N/A,N/A,りょうがえ,りょうがえ,Đổi Tiền,
両親,vocab,20,"両,親",N/A,N/A,N/A,N/A,りょうしん,りょうしん,Bố Mẹ,
並,vocab,34,並,N/A,N/A,N/A,N/A,なみ,なみ,Bình Thường,
並ぶ,vocab,34,並,N/A,N/A,N/A,N/A,ならぶ,ならぶ,Xếp Hàng,
並べる,vocab,34,並,N/A,N/A,N/A,N/A,ならべる,ならべる,Xếp,
並木,vocab,34,"並,木",N/A,N/A,N/A,N/A,なみき,なみき,Hàng Cây,
中,vocab,1,中,N/A,N/A,N/A,N/A,なか,なか,Trong,Giữa
中古,vocab,1,"中,古",N/A,N/A,N/A,N/A,ちゅうこ,ちゅうこ,Đồ Cũ,
中吉,vocab,6,"中,吉",N/A,N/A,N/A,N/A,ちゅうきち,ちゅうきち,Trung Cát,
中国,vocab,12,"中,国",N/A,N/A,N/A,N/A,ちゅうごく,ちゅうごく,Trung Quốc,
中央,vocab,8,"中,央",N/A,N/A,N/A,N/A,ちゅうおう,ちゅうおう,Trung Tâm,
中学,vocab,6,"中,学",N/A,N/A,N/A,N/A,ちゅうがく,ちゅうがく,Trung Học,
中年,vocab,8,"中,年",N/A,N/A,N/A,N/A,ちゅうねん,ちゅうねん,Trung Niên,
中心,vocab,5,"中,心",N/A,N/A,N/A,N/A,ちゅうしん,ちゅうしん,Trung Tâm,
中指,vocab,18,"中,指",N/A,N/A,N/A,N/A,なかゆび,なかゆび,Ngón Giữa,
中旬,vocab,37,"中,旬",N/A,N/A,N/A,N/A,ちゅうじゅん,ちゅうじゅん,Chuujun,Mười Ngày Giữa Tháng
中核,vocab,39,"中,核",N/A,N/A,N/A,N/A,ちゅうかく,ちゅうかく,Lõi,Cốt Lõi
中止,vocab,5,"中,止",N/A,N/A,N/A,N/A,ちゅうし,ちゅうし,Ngưng,Tạm Dừng
中毒,vocab,36,"中,毒",N/A,N/A,N/A,N/A,ちゅうどく,ちゅうどく,Nghiện,Trúng Độc
中火,vocab,11,"中,火",N/A,N/A,N/A,N/A,ちゅうび,ちゅうび,Lửa Vừa,
中華,vocab,49,"中,華",N/A,N/A,N/A,N/A,ちゅうか,ちゅうか,Trung Hoa,Ẩm Thực Trung Hoa
中身,vocab,9,"中,身",N/A,N/A,N/A,N/A,なかみ,なかみ,Đồ Bên Trong,Nhân
中途,vocab,55,"中,途",N/A,N/A,N/A,N/A,ちゅうと,ちゅうと,Dở Dang,Giữa Chừng
串揚げ,vocab,55,"串,揚",N/A,N/A,N/A,N/A,くしあげ,くしあげ,Kushiage,
串焼き,vocab,16,"串,焼",N/A,N/A,N/A,N/A,くしやき,くしやき,Kushiyaki,Xiên Nướng
丸,vocab,3,丸,N/A,N/A,N/A,N/A,まる,まる,Hình Tròn,Tròn
丸々,vocab,3,"丸,々",N/A,N/A,N/A,N/A,まるまる,まるまる,Tròn Tròn,
丸い,vocab,3,丸,N/A,N/A,N/A,N/A,まるい,まるい,Tròn,
主に,vocab,4,主,N/A,N/A,N/A,N/A,おもに,おもに,Chủ Yếu,
主人,vocab,4,"主,人",N/A,N/A,N/A,N/A,しゅじん,しゅじん,Chủ Nhân,
主人公,vocab,5,"主,人,公",N/A,N/A,N/A,N/A,しゅじんこう,しゅじんこう,Nhân Vật Chính,
主催,vocab,52,"主,催",N/A,N/A,N/A,N/A,しゅさい,しゅさい,Tổ Chức,Tài Trợ
主婦,vocab,36,"主,婦",N/A,N/A,N/A,N/A,しゅふ,しゅふ,Nội Trợ,
主役,vocab,38,"主,役",N/A,N/A,N/A,N/A,しゅやく,しゅやく,Vai Chính,Chủ Đạo
主義,vocab,29,"主,義",N/A,N/A,N/A,N/A,しゅぎ,しゅぎ,Chủ Nghĩa,
主観,vocab,40,"主,観",N/A,N/A,N/A,N/A,しゅかん,しゅかん,Chủ Quan,
丼,vocab,34,丼,N/A,N/A,N/A,N/A,どんぶり,どんぶり,Donburi,
久しい,vocab,28,久,N/A,N/A,N/A,N/A,ひさしい,ひさしい,Lâu Rồi,Đã Lâu
久しぶり,vocab,28,久,N/A,N/A,N/A,N/A,ひさしぶり,ひさしぶり,Lâu Rồi,Đã Lâu
乏しい,vocab,33,乏,N/A,N/A,N/A,N/A,とぼしい,とぼしい,Thiếu,Nghèo Nàn
乗せる,vocab,27,乗,N/A,N/A,N/A,N/A,のせる,のせる,Đặt Lên,"Cho Lên, Chở"
乗り口,vocab,27,"乗,口",N/A,N/A,N/A,N/A,のりぐち,のりぐち,Cửa Lên,
乗り場,vocab,27,"乗,場",N/A,N/A,N/A,N/A,のりば,のりば,Bến Xe,
乗り換える,vocab,49,"乗,換",N/A,N/A,N/A,N/A,のりかえる,のりかえる,Đổi Tuyến,
乗り物,vocab,27,"乗,物",N/A,N/A,N/A,N/A,のりもの,のりもの,Phương Tiện,Phương Tiện Đi Lại
乗る,vocab,27,乗,N/A,N/A,N/A,N/A,のる,のる,Ngồi Lên,"Lên, Cưỡi"
乗客,vocab,27,"乗,客",N/A,N/A,N/A,N/A,じょうきゃく,じょうきゃく,Hành Khách,
乙女,vocab,10,"乙,女",N/A,N/A,N/A,N/A,おとめ,おとめ,Cô Gái,
乙女座,vocab,10,"乙,女,座",N/A,N/A,N/A,N/A,おとめざ,おとめざ,Xử Nữ,
九,vocab,1,九,N/A,N/A,N/A,N/A,きゅう,"きゅう, く",Chín,
九つ,vocab,1,九,N/A,N/A,N/A,N/A,ここのつ,ここのつ,Chín Cái,
九九,vocab,1,九,N/A,N/A,N/A,N/A,くく,くく,Bảng Cửu Chương,
九十,vocab,1,"九,十",N/A,N/A,N/A,N/A,きゅうじゅう,きゅうじゅう,Chín Mươi,
九尾の狐,vocab,33,"九,尾,狐",N/A,N/A,N/A,N/A,きゅうびのきつね,きゅうびのきつね,Cáo Chín Đuôi,Cửu Vĩ Hồ
九州,vocab,35,"九,州",N/A,N/A,N/A,N/A,きゅうしゅう,きゅうしゅう,Kyuushuu,
九日,vocab,2,"九,日",N/A,N/A,N/A,N/A,ここのか,ここのか,Chín Ngày,Ngày Thứ Chín
九月,vocab,3,"九,月",N/A,N/A,N/A,N/A,くがつ,くがつ,Tháng Chín,
乱す,vocab,39,乱,N/A,N/A,N/A,N/A,みだす,みだす,Xáo Trộn,Làm Rối Bời
乱れる,vocab,39,乱,N/A,N/A,N/A,N/A,みだれる,みだれる,Bị Xáo Trộn,Rối Bời
乱暴,vocab,44,"乱,暴",N/A,N/A,N/A,N/A,らんぼう,らんぼう,Thô Lỗ,"Quấy Rối, Bạo Loạn"
乱用,vocab,39,"乱,用",N/A,N/A,N/A,N/A,らんよう,らんよう,Lợi Dụng,
乳,vocab,39,乳,N/A,N/A,N/A,N/A,ちち,ちち,Sữa,Vú
乳児,vocab,39,"乳,児",N/A,N/A,N/A,N/A,にゅうじ,にゅうじ,Trẻ Sơ Sinh,
乳首,vocab,39,"乳,首",N/A,N/A,N/A,N/A,ちくび,ちくび,Nhũ Hoa,Núm Vú
乾かす,vocab,18,乾,N/A,N/A,N/A,N/A,かわかす,かわかす,Làm Khô,
乾く,vocab,18,乾,N/A,N/A,N/A,N/A,かわく,かわく,Khô,
乾季,vocab,18,"乾,季",N/A,N/A,N/A,N/A,かんき,かんき,Mùa Khô,
乾杯,vocab,18,"乾,杯",N/A,N/A,N/A,N/A,かんぱい,かんぱい,Kanpai,Cạn Ly
乾燥,vocab,70,"乾,燥",N/A,N/A,N/A,N/A,かんそう,かんそう,Khô,
亀,vocab,4,亀,N/A,N/A,N/A,N/A,かめ,かめ,Rùa,
亀仙人,vocab,4,"亀,仙,人",N/A,N/A,N/A,N/A,かめせんにん,かめせんにん,Kamesennin,
了解,vocab,9,"了,解",N/A,N/A,N/A,N/A,りょうかい,りょうかい,Hiểu,Nắm Rõ
予め,vocab,11,予,N/A,N/A,N/A,N/A,あらかじめ,あらかじめ,Trước,
予告,vocab,10,"予,告",N/A,N/A,N/A,N/A,よこく,よこく,Báo Trước,
予報,vocab,21,"予,報",N/A,N/A,N/A,N/A,よほう,よほう,Dự Báo,
予定,vocab,10,"予,定",N/A,N/A,N/A,N/A,よてい,よてい,Dự Định,
予想,vocab,30,"予,想",N/A,N/A,N/A,N/A,よそう,よそう,Dự Đoán,
予測,vocab,60,"予,測",N/A,N/A,N/A,N/A,よそく,よそく,Dự Đoán,Ước Lượng
予算,vocab,25,"予,算",N/A,N/A,N/A,N/A,よさん,よさん,Dự Toán,Ngân Sách
予約,vocab,24,"予,約",N/A,N/A,N/A,N/A,よやく,よやく,Đặt Trước,
予言,vocab,10,"予,言",N/A,N/A,N/A,N/A,よげん,よげん,Tiên Đoán,Tiên Tri
予防,vocab,13,"予,防",N/A,N/A,N/A,N/A,よぼう,よぼう,Phòng Tránh,
争う,vocab,20,争,N/A,N/A,N/A,N/A,あらそう,あらそう,Tranh,Tranh Giành
争奪,vocab,61,"争,奪",N/A,N/A,N/A,N/A,そうだつ,そうだつ,Tranh Giành,
事,vocab,10,事,N/A,N/A,N/A,N/A,こと,こと,Việc,
事件,vocab,23,"事,件",N/A,N/A,N/A,N/A,じけん,じけん,Vụ Án,Sự Kiện
事例,vocab,43,"事,例",N/A,N/A,N/A,N/A,じれい,じれい,Tiền Lệ,Ví Dụ
事務,vocab,32,"事,務",N/A,N/A,N/A,N/A,じむ,じむ,Jimu,Công Việc Văn Phòng
事実,vocab,10,"事,実",N/A,N/A,N/A,N/A,じじつ,じじつ,Sự Thật,
事情,vocab,20,"事,情",N/A,N/A,N/A,N/A,じじょう,じじょう,Sự Tình,Tình Hình
事態,vocab,38,"事,態",N/A,N/A,N/A,N/A,じたい,じたい,Tình Hình,
事故,vocab,52,"事,故",N/A,N/A,N/A,N/A,じこ,じこ,Sự Cố,Tai Nạn
事項,vocab,65,"事,項",N/A,N/A,N/A,N/A,じこう,じこう,Đầu Mục,Mục
二,vocab,1,二,N/A,N/A,N/A,N/A,に,に,Hai,
二つ,vocab,1,二,N/A,N/A,N/A,N/A,ふたつ,ふたつ,Hai Cái,
二人,vocab,1,"二,人",N/A,N/A,N/A,N/A,ふたり,ふたり,Hai Người,
二十歳,vocab,23,"二,十,歳",N/A,N/A,N/A,N/A,はたち,はたち,Hai Mươi Tuổi,
二度と,vocab,12,"二,度",N/A,N/A,N/A,N/A,にどと,にどと,Nidoto,
二日,vocab,2,"二,日",N/A,N/A,N/A,N/A,ふつか,ふつか,Hai Ngày,Ngày Thứ Hai
二日酔い,vocab,61,"二,日,酔",N/A,N/A,N/A,N/A,ふつかよい,ふつかよい,Say Nguội,Say Ngày Hai
二輪車,vocab,41,"二,輪,車",N/A,N/A,N/A,N/A,にりんしゃ,にりんしゃ,Xe Hai Bánh,
五,vocab,2,五,N/A,N/A,N/A,N/A,ご,ご,Năm,
五つ,vocab,2,五,N/A,N/A,N/A,N/A,いつつ,いつつ,Năm Cái,
五円,vocab,2,"五,円",N/A,N/A,N/A,N/A,ごえん,ごえん,Năm Yên,
五日,vocab,2,"五,日",N/A,N/A,N/A,N/A,いつか,いつか,Năm Ngày,Ngày Thứ Năm
井戸,vocab,5,"井,戸",N/A,N/A,N/A,N/A,いど,いど,Giếng,
亡くす,vocab,8,亡,N/A,N/A,N/A,N/A,なくす,なくす,Mất,
亡くなる,vocab,8,亡,N/A,N/A,N/A,N/A,なくなる,なくなる,Chết,Mất
交ざる,vocab,7,交,N/A,N/A,N/A,N/A,まざる,まざる,Lẫn,Được Trộn
交ぜる,vocab,7,交,N/A,N/A,N/A,N/A,まぜる,まぜる,Trộn,
交互,vocab,26,"交,互",N/A,N/A,N/A,N/A,こうご,こうご,Luân Phiên,
交代,vocab,8,"交,代",N/A,N/A,N/A,N/A,こうたい,こうたい,Thay Phiên,
交差点,vocab,54,"交,差,点",N/A,N/A,N/A,N/A,こうさてん,こうさてん,Giao Lộ,
交換,vocab,49,"交,換",N/A,N/A,N/A,N/A,こうかん,こうかん,Trao Đổi,
交流,vocab,22,"交,流",N/A,N/A,N/A,N/A,こうりゅう,こうりゅう,Giao Lưu,
交渉,vocab,62,"交,渉",N/A,N/A,N/A,N/A,こうしょう,こうしょう,Thương Lượng,
交番,vocab,22,"交,番",N/A,N/A,N/A,N/A,こうばん,こうばん,Đồn Cảnh Sát,
交通,vocab,17,"交,通",N/A,N/A,N/A,N/A,こうつう,こうつう,Giao Thông,
交配,vocab,54,"交,配",N/A,N/A,N/A,N/A,こうはい,こうはい,Giao Phối,Lai Giống
享ける,vocab,50,享,N/A,N/A,N/A,N/A,うける,うける,Hưởng,
享受,vocab,50,"享,受",N/A,N/A,N/A,N/A,きょうじゅ,きょうじゅ,Hưởng Thụ,
京都,vocab,12,"京,都",N/A,N/A,N/A,N/A,きょうと,きょうと,Kyouto,
人,vocab,1,人,N/A,N/A,N/A,N/A,ひと,ひと,Người,
人々,vocab,2,"人,々",N/A,N/A,N/A,N/A,ひとびと,ひとびと,Người Người,
人力車,vocab,64,"人,力,車",N/A,N/A,N/A,N/A,じんりきしゃ,じんりきしゃ,Xe Kéo,
人参,vocab,30,"人,参",N/A,N/A,N/A,N/A,にんじん,にんじん,Cà Rốt,
人口,vocab,1,"人,口",N/A,N/A,N/A,N/A,じんこう,じんこう,Dân Số,Nhân Khẩu
人工,vocab,10,"人,工",N/A,N/A,N/A,N/A,じんこう,じんこう,Nhân Tạo,
人差し指,vocab,54,"人,差,指",N/A,N/A,N/A,N/A,ひとさしゆび,ひとさしゆび,Ngón Trỏ,
人形,vocab,23,"人,形",N/A,N/A,N/A,N/A,にんぎょう,にんぎょう,Búp Bê,
人情,vocab,20,"人,情",N/A,N/A,N/A,N/A,にんじょう,にんじょう,Tình Người,
人数,vocab,30,"人,数",N/A,N/A,N/A,N/A,にんずう,にんずう,Số Người,
人柄,vocab,53,"人,柄",N/A,N/A,N/A,N/A,ひとがら,ひとがら,Nhân Cách,
人格,vocab,33,"人,格",N/A,N/A,N/A,N/A,じんかく,じんかく,Nhân Cách,
人権,vocab,48,"人,権",N/A,N/A,N/A,N/A,じんけん,じんけん,Nhân Quyền,
人殺し,vocab,26,"人,殺",N/A,N/A,N/A,N/A,ひとごろし,ひとごろし,Giết Người,Kẻ Giết Người
人気,vocab,7,"人,気",N/A,N/A,N/A,N/A,にんき,にんき,Phổ Biến,
人混み,vocab,40,"人,混",N/A,N/A,N/A,N/A,ひとごみ,ひとごみ,Đám Đông,
人物,vocab,10,"人,物",N/A,N/A,N/A,N/A,じんぶつ,じんぶつ,Nhân Vật,
人狼,vocab,55,"人,狼",N/A,N/A,N/A,N/A,じんろう,じんろう,Người Sói,
人生,vocab,5,"人,生",N/A,N/A,N/A,N/A,じんせい,じんせい,Cuộc Đời,
人種,vocab,40,"人,種",N/A,N/A,N/A,N/A,じんしゅ,じんしゅ,Chủng Tộc,
人見知り,vocab,8,"人,見,知",N/A,N/A,N/A,N/A,ひとみしり,ひとみしり,Ngại Người Lạ,Ngại
人質,vocab,21,"人,質",N/A,N/A,N/A,N/A,ひとじち,ひとじち,Con Tin,
人込み,vocab,26,"人,込",N/A,N/A,N/A,N/A,ひとごみ,ひとごみ,Đám Đông,
人造,vocab,21,"人,造",N/A,N/A,N/A,N/A,じんぞう,じんぞう,Nhân Tạo,
人間,vocab,10,"人,間",N/A,N/A,N/A,N/A,にんげん,にんげん,Con Người,"Người, Loài Người"
人類,vocab,40,"人,類",N/A,N/A,N/A,N/A,じんるい,じんるい,Nhân Loại,
今,vocab,3,今,N/A,N/A,N/A,N/A,いま,いま,Bây Giờ,
今回,vocab,3,"今,回",N/A,N/A,N/A,N/A,こんかい,こんかい,Lần Này,
今夜,vocab,15,"今,夜",N/A,N/A,N/A,N/A,こんや,こんや,Đêm Nay,Tối Nay
今年,vocab,8,"今,年",N/A,N/A,N/A,N/A,ことし,ことし,Năm Nay,
今度,vocab,12,"今,度",N/A,N/A,N/A,N/A,こんど,こんど,Lần Này,Lần Tới
今日,vocab,3,"今,日",N/A,N/A,N/A,N/A,きょう,きょう,Hôm Nay,
今晩は,vocab,23,"今,晩",N/A,N/A,N/A,N/A,こんばんは,こんばんは,Chào,Chào Buổi Tối
今更,vocab,38,"今,更",N/A,N/A,N/A,N/A,いまさら,いまさら,Giờ Mới,Đã Muộn
今月,vocab,3,"今,月",N/A,N/A,N/A,N/A,こんげつ,こんげつ,Tháng Này,
今朝,vocab,15,"今,朝",N/A,N/A,N/A,N/A,けさ,けさ,Sáng Nay,
今週,vocab,11,"今,週",N/A,N/A,N/A,N/A,こんしゅう,こんしゅう,Tuần Này,
介入,vocab,62,"介,入",N/A,N/A,N/A,N/A,かいにゅう,かいにゅう,Can Thiệp,
介護,vocab,45,"介,護",N/A,N/A,N/A,N/A,かいご,かいご,Điều Dưỡng,Chăm Sóc
仏,vocab,28,仏,N/A,N/A,N/A,N/A,ほとけ,ほとけ,Phật,
仏像,vocab,28,"仏,像",N/A,N/A,N/A,N/A,ぶつぞう,ぶつぞう,Tượng Phật,
仏壇,vocab,70,"仏,壇",N/A,N/A,N/A,N/A,ぶつだん,ぶつだん,Bàn Thờ,Bàn Thờ Phật
仏教,vocab,28,"仏,教",N/A,N/A,N/A,N/A,ぶっきょう,ぶっきょう,Phật Giáo,
仕上がる,vocab,15,"仕,上",N/A,N/A,N/A,N/A,しあがる,しあがる,Hoàn Thành,
仕上げる,vocab,15,"仕,上",N/A,N/A,N/A,N/A,しあげる,しあげる,Hoàn Thành,
仕事,vocab,15,"仕,事",N/A,N/A,N/A,N/A,しごと,しごと,Công Việc,Việc
仕方,vocab,15,"仕,方",N/A,N/A,N/A,N/A,しかた,しかた,Cách Làm,Phương Pháp
仕舞う,vocab,37,"仕,舞",N/A,N/A,N/A,N/A,しまう,しまう,Cất,
仕草,vocab,18,"仕,草",N/A,N/A,N/A,N/A,しぐさ,しぐさ,Cử Chỉ,Hành Động
他,vocab,20,他,N/A,N/A,N/A,N/A,ほか,"ほか, た",Khác,
他人,vocab,20,"他,人",N/A,N/A,N/A,N/A,たにん,たにん,Người Khác,"Người Ngoài, Người Lạ"
他動詞,vocab,20,"他,動,詞",N/A,N/A,N/A,N/A,たどうし,たどうし,Tha Động Từ,
付き合う,vocab,8,"付,合",N/A,N/A,N/A,N/A,つきあう,つきあう,Hẹn Hò,Đi Cùng
付く,vocab,8,付,N/A,N/A,N/A,N/A,つく,つく,Dính,Bám
付ける,vocab,8,付,N/A,N/A,N/A,N/A,つける,つける,Gắn,
付近,vocab,8,"付,近",N/A,N/A,N/A,N/A,ふきん,ふきん,Lân Cận,Gần
仙台市,vocab,4,"仙,台,市",N/A,N/A,N/A,N/A,せんだいし,せんだいし,Sendaishi,Thành Phố Sendai
代わる,vocab,8,代,N/A,N/A,N/A,N/A,かわる,かわる,Thay Thế,Thay
代弁,vocab,19,"代,弁",N/A,N/A,N/A,N/A,だいべん,だいべん,Thay Mặt,
代表,vocab,19,"代,表",N/A,N/A,N/A,N/A,だいひょう,だいひょう,Đại Biểu,
代金,vocab,8,"代,金",N/A,N/A,N/A,N/A,だいきん,だいきん,Giá,Tiền Hàng
令,vocab,19,令,N/A,N/A,N/A,N/A,れい,れい,Lệnh,
令和時代,vocab,19,"令,和,時,代",N/A,N/A,N/A,N/A,れいわじだい,れいわじだい,Reiwajidai,Thời Đại Reiwa
以上,vocab,15,"以,上",N/A,N/A,N/A,N/A,いじょう,いじょう,Trở Lên,
以下,vocab,15,"以,下",N/A,N/A,N/A,N/A,いか,いか,Trở Xuống,
以外,vocab,15,"以,外",N/A,N/A,N/A,N/A,いがい,いがい,Ngoại Trừ,Ngoài
以後,vocab,15,"以,後",N/A,N/A,N/A,N/A,いご,いご,Từ Giờ,
以降,vocab,30,"以,降",N/A,N/A,N/A,N/A,いこう,いこう,Từ Sau,
仮に,vocab,13,仮,N/A,N/A,N/A,N/A,かりに,かりに,Giả Sử,
仮免,vocab,19,"仮,免",N/A,N/A,N/A,N/A,かりめん,かりめん,GPTT,Giấy Phép Tạm Thời
仮定,vocab,12,"仮,定",N/A,N/A,N/A,N/A,かてい,かてい,Giả Định,
仮説,vocab,22,"仮,説",N/A,N/A,N/A,N/A,かせつ,かせつ,Giả Thuyết,
仮面,vocab,21,"仮,面",N/A,N/A,N/A,N/A,かめん,かめん,Mặt Nạ,
仰ぐ,vocab,30,仰,N/A,N/A,N/A,N/A,あおぐ,あおぐ,Ngước Lên,Kính Trọng
仰る,vocab,30,仰,N/A,N/A,N/A,N/A,おっしゃる,おっしゃる,Nói,
仰向け,vocab,30,"仰,向",N/A,N/A,N/A,N/A,あおむけ,あおむけ,Nằm Ngửa,
仲直り,vocab,17,"仲,直",N/A,N/A,N/A,N/A,なかなおり,なかなおり,Làm Lành,
仲良し,vocab,17,"仲,良",N/A,N/A,N/A,N/A,なかよし,なかよし,Bạn Tốt,
仲裁,vocab,38,"仲,裁",N/A,N/A,N/A,N/A,ちゅうさい,ちゅうさい,Hòa Giải,
仲間,vocab,17,"仲,間",N/A,N/A,N/A,N/A,なかま,なかま,Đồng Đội,Bạn Bè
件,vocab,23,件,N/A,N/A,N/A,N/A,けん,けん,Vụ,Việc
任す,vocab,22,任,N/A,N/A,N/A,N/A,まかす,まかす,Giao Phó,
任せる,vocab,22,任,N/A,N/A,N/A,N/A,まかせる,まかせる,Giao Phó,
任務,vocab,32,"任,務",N/A,N/A,N/A,N/A,にんむ,にんむ,Nhiệm Vụ,
任天堂,vocab,22,"任,天,堂",N/A,N/A,N/A,N/A,にんてんどう,にんてんどう,Nintendou,
任意,vocab,22,"任,意",N/A,N/A,N/A,N/A,にんい,にんい,Tự Nguyện,Không Bắt Buộc
企てる,vocab,15,企,N/A,N/A,N/A,N/A,くわだてる,くわだてる,Toan Tính,
企む,vocab,15,企,N/A,N/A,N/A,N/A,たくらむ,たくらむ,Âm Mưu,
企業,vocab,15,"企,業",N/A,N/A,N/A,N/A,きぎょう,きぎょう,Doanh Nghiệp,
企画,vocab,15,"企,画",N/A,N/A,N/A,N/A,きかく,きかく,Kế Hoạch,
伏せる,vocab,30,伏,N/A,N/A,N/A,N/A,ふせる,ふせる,Nằm Xuống,"Lật Úp, Giấu"
休み,vocab,4,休,N/A,N/A,N/A,N/A,やすみ,やすみ,Nghỉ Ngơi,Ngày Nghỉ
休む,vocab,4,休,N/A,N/A,N/A,N/A,やすむ,やすむ,Nghỉ,Nghỉ Ngơi
休息,vocab,54,"休,息",N/A,N/A,N/A,N/A,きゅうそく,きゅうそく,Nghỉ Ngơi,Giải Lao
休憩,vocab,59,"休,憩",N/A,N/A,N/A,N/A,きゅうけい,きゅうけい,Giải Lao,
休日,vocab,4,"休,日",N/A,N/A,N/A,N/A,きゅうじつ,きゅうじつ,Ngày Nghỉ,
休暇,vocab,59,"休,暇",N/A,N/A,N/A,N/A,きゅうか,きゅうか,Nghỉ,"Ngày Nghỉ, Kỳ Nghỉ"
会う,vocab,7,会,N/A,N/A,N/A,N/A,あう,あう,Gặp,
会場,vocab,10,"会,場",N/A,N/A,N/A,N/A,かいじょう,かいじょう,Hội Trường,
会社,vocab,7,"会,社",N/A,N/A,N/A,N/A,かいしゃ,かいしゃ,Công Ty,
会社員,vocab,16,"会,社,員",N/A,N/A,N/A,N/A,かいしゃいん,かいしゃいん,Nhân Viên,Nhân Viên Công Ty
会話,vocab,9,"会,話",N/A,N/A,N/A,N/A,かいわ,かいわ,Hội Thoại,
会談,vocab,33,"会,談",N/A,N/A,N/A,N/A,かいだん,かいだん,Hội Đàm,
会議,vocab,39,"会,議",N/A,N/A,N/A,N/A,かいぎ,かいぎ,Họp,Cuộc Họp
会長,vocab,7,"会,長",N/A,N/A,N/A,N/A,かいちょう,かいちょう,Hội Trưởng,
伝える,vocab,22,伝,N/A,N/A,N/A,N/A,つたえる,つたえる,Truyền Đạt,
伝わる,vocab,22,伝,N/A,N/A,N/A,N/A,つたわる,つたわる,Được Truyền Đạt,
伝染,vocab,29,"伝,染",N/A,N/A,N/A,N/A,でんせん,でんせん,Truyền Nhiễm,
伝統,vocab,22,"伝,統",N/A,N/A,N/A,N/A,でんとう,でんとう,Truyền Thống,
伝記,vocab,40,"伝,記",N/A,N/A,N/A,N/A,でんき,でんき,Tiểu Sử,
伝説,vocab,22,"伝,説",N/A,N/A,N/A,N/A,でんせつ,でんせつ,Truyền Thuyết,
伯母,vocab,43,"伯,母",N/A,N/A,N/A,N/A,おば,おば,Bác,Bác Gái
伯父,vocab,43,"伯,父",N/A,N/A,N/A,N/A,おじ,おじ,Bác,Bác Trai
伴う,vocab,31,伴,N/A,N/A,N/A,N/A,ともなう,ともなう,Đi Cùng,Đồng Hành
伸ばす,vocab,27,伸,N/A,N/A,N/A,N/A,のばす,のばす,Để Dài Ra,"Duỗi, Căng"
伸びる,vocab,27,伸,N/A,N/A,N/A,N/A,のびる,のびる,Dài Ra,Nở Ra
伺う,vocab,41,伺,N/A,N/A,N/A,N/A,うかがう,うかがう,Thăm,Hỏi
似る,vocab,36,似,N/A,N/A,N/A,N/A,にる,にる,Giống,
似合う,vocab,36,"似,合",N/A,N/A,N/A,N/A,にあう,にあう,Hợp,
位置,vocab,28,"位,置",N/A,N/A,N/A,N/A,いち,いち,Vị Trí,
低い,vocab,39,低,N/A,N/A,N/A,N/A,ひくい,ひくい,Thấp,
低下,vocab,39,"低,下",N/A,N/A,N/A,N/A,ていか,ていか,Suy Giảm,
住む,vocab,15,住,N/A,N/A,N/A,N/A,すむ,すむ,Sống Ở,Cư Trú
住宅,vocab,18,"住,宅",N/A,N/A,N/A,N/A,じゅうたく,じゅうたく,Nhà Ở,
住宅街,vocab,19,"住,宅,街",N/A,N/A,N/A,N/A,じゅうたくがい,じゅうたくがい,Khu Dân Cư,
住居,vocab,15,"住,居",N/A,N/A,N/A,N/A,じゅうきょ,じゅうきょ,Chỗ Ở,
住所,vocab,15,"住,所",N/A,N/A,N/A,N/A,じゅうしょ,じゅうしょ,Địa Chỉ,
住民,vocab,15,"住,民",N/A,N/A,N/A,N/A,じゅうみん,じゅうみん,Cư Dân,Dân Cư
体,vocab,8,体,N/A,N/A,N/A,N/A,からだ,からだ,Cơ Thể,
体力,vocab,8,"体,力",N/A,N/A,N/A,N/A,たいりょく,たいりょく,Thể Lực,
体操,vocab,70,"体,操",N/A,N/A,N/A,N/A,たいそう,たいそう,TDDC,Thể Dục Dụng Cụ
体温,vocab,28,"体,温",N/A,N/A,N/A,N/A,たいおん,たいおん,Nhiệt Độ,Nhiệt Độ Cơ Thể
体積,vocab,35,"体,積",N/A,N/A,N/A,N/A,たいせき,たいせき,Thể Tích,
体系,vocab,23,"体,系",N/A,N/A,N/A,N/A,たいけい,たいけい,Hệ Thống,
体育,vocab,39,"体,育",N/A,N/A,N/A,N/A,たいいく,たいいく,Thể Dục,
体育祭,vocab,39,"体,育,祭",N/A,N/A,N/A,N/A,たいいくさい,たいいくさい,Taiikusai,Lễ Hội Thể Thao
体重,vocab,11,"体,重",N/A,N/A,N/A,N/A,たいじゅう,たいじゅう,Thể Trọng,Cân Nặng
体験,vocab,25,"体,験",N/A,N/A,N/A,N/A,たいけん,たいけん,Trải Nghiệm,
何,vocab,9,何,N/A,N/A,N/A,N/A,なに,"なに, なん",Cái Gì,Bao Nhiêu
何人,vocab,9,"何,人",N/A,N/A,N/A,N/A,なんにん,なんにん,Bao Nhiêu Người,
何処,vocab,34,"何,処",N/A,N/A,N/A,N/A,どこ,どこ,Đâu,
何故,vocab,52,"何,故",N/A,N/A,N/A,N/A,なぜ,なぜ,Tại Sao,
何時,vocab,9,"何,時",N/A,N/A,N/A,N/A,なんじ,なんじ,Mấy Giờ,
余る,vocab,19,余,N/A,N/A,N/A,N/A,あまる,あまる,Thừa,"Dư, Quá Nhiều"
余分,vocab,19,"余,分",N/A,N/A,N/A,N/A,よぶん,よぶん,Dư,
余地,vocab,53,"余,地",N/A,N/A,N/A,N/A,よち,よち,Chỗ,
余裕,vocab,49,"余,裕",N/A,N/A,N/A,N/A,よゆう,よゆう,Thừa,Thừa Sức
余計,vocab,19,"余,計",N/A,N/A,N/A,N/A,よけい,よけい,Thừa,Thừa Thãi
余震,vocab,36,"余,震",N/A,N/A,N/A,N/A,よしん,よしん,Dư Chấn,
作る,vocab,11,作,N/A,N/A,N/A,N/A,つくる,つくる,Tạo,Làm
作品,vocab,14,"作,品",N/A,N/A,N/A,N/A,さくひん,さくひん,Tác Phẩm,
作家,vocab,12,"作,家",N/A,N/A,N/A,N/A,さっか,さっか,Tác Giả,
作戦,vocab,20,"作,戦",N/A,N/A,N/A,N/A,さくせん,さくせん,Chiến Lược,Tác Chiến
作文,vocab,11,"作,文",N/A,N/A,N/A,N/A,さくぶん,さくぶん,Bài Văn,
作曲,vocab,17,"作,曲",N/A,N/A,N/A,N/A,さっきょく,さっきょく,Soạn Nhạc,Sáng Tác Nhạc
作業,vocab,15,"作,業",N/A,N/A,N/A,N/A,さぎょう,さぎょう,Công Việc,Việc
作法,vocab,28,"作,法",N/A,N/A,N/A,N/A,さほう,さほう,Lễ Nghi,Quy Tắc Ứng Xử
作用,vocab,11,"作,用",N/A,N/A,N/A,N/A,さよう,さよう,Tác Dụng,
作者,vocab,11,"作,者",N/A,N/A,N/A,N/A,さくしゃ,さくしゃ,Tác Giả,
使い捨て,vocab,48,"使,捨",N/A,N/A,N/A,N/A,つかいすて,つかいすて,Dùng Một Lần,
使い道,vocab,11,"使,道",N/A,N/A,N/A,N/A,つかいみち,つかいみち,Mục Đích Dùng,Cách Dùng
使う,vocab,11,使,N/A,N/A,N/A,N/A,つかう,つかう,Dùng,Sử dụng
使用,vocab,11,"使,用",N/A,N/A,N/A,N/A,しよう,しよう,Sử Dụng,
例,vocab,43,例,N/A,N/A,N/A,N/A,れい,れい,Ví Dụ,
例える,vocab,43,例,N/A,N/A,N/A,N/A,たとえる,たとえる,Ví Như,Ví Dụ
例外,vocab,43,"例,外",N/A,N/A,N/A,N/A,れいがい,れいがい,Ngoại Lệ,
侍,vocab,50,侍,N/A,N/A,N/A,N/A,さむらい,さむらい,Samurai,
供える,vocab,37,供,N/A,N/A,N/A,N/A,そなえる,そなえる,Kính Dâng,
供給,vocab,26,"供,給",N/A,N/A,N/A,N/A,きょうきゅう,きょうきゅう,Cung Cấp,
依存,vocab,48,"依,存",N/A,N/A,N/A,N/A,いぞん,"いぞん, いそん",Phụ Thuộc,
依然,vocab,48,"依,然",N/A,N/A,N/A,N/A,いぜん,いぜん,Chưa,
依頼,vocab,48,"依,頼",N/A,N/A,N/A,N/A,いらい,いらい,Nhờ Vả,Yêu Cầu
価,vocab,32,価,N/A,N/A,N/A,N/A,あたい,あたい,Giá Trị,
価値,vocab,32,"価,値",N/A,N/A,N/A,N/A,かち,かち,Giá Trị,
価格,vocab,33,"価,格",N/A,N/A,N/A,N/A,かかく,かかく,Giá Cả,
侵入,vocab,53,"侵,入",N/A,N/A,N/A,N/A,しんにゅう,しんにゅう,Xâm Nhập,
侵害,vocab,53,"侵,害",N/A,N/A,N/A,N/A,しんがい,しんがい,Xâm Hại,Xâm Phạm
便り,vocab,26,便,N/A,N/A,N/A,N/A,たより,たより,Dấu Hiệu,"Thư, Tin Tức"
便利,vocab,18,"便,利",N/A,N/A,N/A,N/A,べんり,べんり,Tiện Lợi,Tiện
便秘,vocab,40,"便,秘",N/A,N/A,N/A,N/A,べんぴ,べんぴ,Táo Bón,
係員,vocab,22,"係,員",N/A,N/A,N/A,N/A,かかりいん,かかりいん,Người Quản Lý,Người Phụ Trách
促す,vocab,52,促,N/A,N/A,N/A,N/A,うながす,うながす,Giục,Thúc Đẩy
促進,vocab,52,"促,進",N/A,N/A,N/A,N/A,そくしん,そくしん,Thúc Đẩy,
俗語,vocab,53,"俗,語",N/A,N/A,N/A,N/A,ぞくご,ぞくご,Từ Lóng,Tiếng Lóng
保つ,vocab,27,保,N/A,N/A,N/A,N/A,たもつ,たもつ,Duy Trì,
保健,vocab,27,"保,健",N/A,N/A,N/A,N/A,ほけん,ほけん,Y Tế,
保存,vocab,27,"保,存",N/A,N/A,N/A,N/A,ほぞん,ほぞん,Bảo Quản,Lưu
保証,vocab,29,"保,証",N/A,N/A,N/A,N/A,ほしょう,ほしょう,Bảo Hành,
保護,vocab,45,"保,護",N/A,N/A,N/A,N/A,ほご,ほご,Bảo Hộ,
保険,vocab,32,"保,険",N/A,N/A,N/A,N/A,ほけん,ほけん,Bảo Hiểm,
保障,vocab,52,"保,障",N/A,N/A,N/A,N/A,ほしょう,ほしょう,Bảo Hiểm,Bảo Đảm
信じる,vocab,21,信,N/A,N/A,N/A,N/A,しんじる,しんじる,Tin,
信仰,vocab,30,"信,仰",N/A,N/A,N/A,N/A,しんこう,しんこう,Tín Ngưỡng,Đức Tin
信号,vocab,22,"信,号",N/A,N/A,N/A,N/A,しんごう,しんごう,Tín Hiệu,Đèn Giao Thông
信用,vocab,21,"信,用",N/A,N/A,N/A,N/A,しんよう,しんよう,Tin Tưởng,
信頼,vocab,48,"信,頼",N/A,N/A,N/A,N/A,しんらい,しんらい,Tin Cậy,
修士,vocab,30,"修,士",N/A,N/A,N/A,N/A,しゅうし,しゅうし,Thạc Sĩ,
修理,vocab,30,"修,理",N/A,N/A,N/A,N/A,しゅうり,しゅうり,Sửa,
修繕,vocab,67,"修,繕",N/A,N/A,N/A,N/A,しゅうぜん,しゅうぜん,Sửa,Sửa Chữa
俳優,vocab,56,"俳,優",N/A,N/A,N/A,N/A,はいゆう,はいゆう,Diễn Viên,
俳句,vocab,56,"俳,句",N/A,N/A,N/A,N/A,はいく,はいく,Haiku,
俵,vocab,56,俵,N/A,N/A,N/A,N/A,たわら,たわら,Bao,
俺,vocab,18,俺,N/A,N/A,N/A,N/A,おれ,おれ,Tôi,
俺達,vocab,18,"俺,達",N/A,N/A,N/A,N/A,おれたち,おれたち,Chúng Tôi,
倉,vocab,21,倉,N/A,N/A,N/A,N/A,くら,くら,Kho,
倉庫,vocab,21,"倉,庫",N/A,N/A,N/A,N/A,そうこ,そうこ,Nhà Kho,
個人,vocab,55,"個,人",N/A,N/A,N/A,N/A,こじん,こじん,Cá Nhân,
個体,vocab,55,"個,体",N/A,N/A,N/A,N/A,こたい,こたい,Cá Thể,
個室,vocab,55,"個,室",N/A,N/A,N/A,N/A,こしつ,こしつ,Phòng Đơn,Phòng Riêng
倍増,vocab,44,"倍,増",N/A,N/A,N/A,N/A,ばいぞう,ばいぞう,Gấp Đôi,Tăng Gấp Đôi
倍率,vocab,44,"倍,率",N/A,N/A,N/A,N/A,ばいりつ,ばいりつ,Tỷ Lệ,Hệ Số Tỷ Lệ
倒す,vocab,28,倒,N/A,N/A,N/A,N/A,たおす,たおす,Lật Đổ,Đánh Bại
倒れる,vocab,28,倒,N/A,N/A,N/A,N/A,たおれる,たおれる,Sụp Đổ,Ngã
倒産,vocab,28,"倒,産",N/A,N/A,N/A,N/A,とうさん,とうさん,Phá Sản,
候補,vocab,30,"候,補",N/A,N/A,N/A,N/A,こうほ,こうほ,Đề Xuất,
借りる,vocab,18,借,N/A,N/A,N/A,N/A,かりる,かりる,Mượn,"Thuê, Vay"
借金,vocab,18,"借,金",N/A,N/A,N/A,N/A,しゃっきん,しゃっきん,Vay,"Nợ, Khoản Nợ"
値,vocab,32,値,N/A,N/A,N/A,N/A,あたい,あたい,Giá Trị,
値引き,vocab,32,"値,引",N/A,N/A,N/A,N/A,ねびき,ねびき,Giảm Giá,
値段,vocab,32,"値,段",N/A,N/A,N/A,N/A,ねだん,ねだん,Giá Cả,
倫理的,vocab,57,"倫,理,的",N/A,N/A,N/A,N/A,りんりてき,りんりてき,Luân Lý,Đạo Đức
倹約,vocab,58,"倹,約",N/A,N/A,N/A,N/A,けんやく,けんやく,Tiết Kiệm,
偉い,vocab,63,偉,N/A,N/A,N/A,N/A,えらい,えらい,Giỏi,"Tuyệt Vời, Vĩ Đại"
偉大,vocab,63,"偉,大",N/A,N/A,N/A,N/A,いだい,いだい,Vĩ Đại,
偏る,vocab,61,偏,N/A,N/A,N/A,N/A,かたよる,かたよる,Nghiêng,"Mất Cân Bằng, Thiên Vị"
偏見,vocab,61,"偏,見",N/A,N/A,N/A,N/A,へんけん,へんけん,Thành Kiến,Thiên Kiến
偏食,vocab,61,"偏,食",N/A,N/A,N/A,N/A,へんしょく,へんしょく,Henshoku,Ăn Uống Không Điều Độ
停学,vocab,29,"停,学",N/A,N/A,N/A,N/A,ていがく,ていがく,Đình Chỉ Học,
停止,vocab,29,"停,止",N/A,N/A,N/A,N/A,ていし,ていし,Ngưng,Dừng
停留所,vocab,29,"停,留,所",N/A,N/A,N/A,N/A,ていりゅうじょ,"ていりゅうじょ, ていりゅうしょ",Trạm Dừng,
停車,vocab,29,"停,車",N/A,N/A,N/A,N/A,ていしゃ,ていしゃ,Dừng Xe,
停電,vocab,29,"停,電",N/A,N/A,N/A,N/A,ていでん,ていでん,Mất Điện,
健全,vocab,27,"健,全",N/A,N/A,N/A,N/A,けんぜん,けんぜん,Lành Mạnh,
健康,vocab,27,"健,康",N/A,N/A,N/A,N/A,けんこう,けんこう,Sức Khỏe,Lành Mạnh
側,vocab,58,側,N/A,N/A,N/A,N/A,そば,そば,Bên Cạnh,
偶々,vocab,31,"偶,々",N/A,N/A,N/A,N/A,たまたま,たまたま,Tình Cờ,
偶に,vocab,31,偶,N/A,N/A,N/A,N/A,たまに,たまに,Thỉnh Thoảng,
偶数,vocab,31,"偶,数",N/A,N/A,N/A,N/A,ぐうすう,ぐうすう,Số Chẵn,
偶然,vocab,31,"偶,然",N/A,N/A,N/A,N/A,ぐうぜん,ぐうぜん,Ngẫu Nhiên,
偽名,vocab,34,"偽,名",N/A,N/A,N/A,N/A,ぎめい,ぎめい,Tên Giả,
偽札,vocab,34,"偽,札",N/A,N/A,N/A,N/A,にせさつ,にせさつ,Tiền Giả,
偽物,vocab,34,"偽,物",N/A,N/A,N/A,N/A,にせもの,にせもの,Đồ Giả,Hàng Giả
偽装,vocab,34,"偽,装",N/A,N/A,N/A,N/A,ぎそう,ぎそう,Ngụy Trang,Giả
偽造,vocab,34,"偽,造",N/A,N/A,N/A,N/A,ぎぞう,ぎぞう,Làm Giả,
傍ら,vocab,65,傍,N/A,N/A,N/A,N/A,かたわら,かたわら,Bên Cạnh,
傍聴,vocab,65,"傍,聴",N/A,N/A,N/A,N/A,ぼうちょう,ぼうちょう,Dự Thính,
傍観,vocab,65,"傍,観",N/A,N/A,N/A,N/A,ぼうかん,ぼうかん,Quan Sát,
傑作,vocab,67,"傑,作",N/A,N/A,N/A,N/A,けっさく,けっさく,Kiệt Tác,
傘,vocab,65,傘,N/A,N/A,N/A,N/A,かさ,かさ,Ô,
傘下,vocab,65,"傘,下",N/A,N/A,N/A,N/A,さんか,さんか,Trực Thuộc,
備える,vocab,37,備,N/A,N/A,N/A,N/A,そなえる,そなえる,Chuẩn Bị,Trang Bị
備わる,vocab,37,備,N/A,N/A,N/A,N/A,そなわる,そなわる,Được Trang Bị,
催す,vocab,52,催,N/A,N/A,N/A,N/A,もよおす,もよおす,Tổ Chức,"Buồn Ngủ, Buồn Nôn"
催促,vocab,52,"催,促",N/A,N/A,N/A,N/A,さいそく,さいそく,Giục,Hối Thúc
傷,vocab,36,傷,N/A,N/A,N/A,N/A,きず,きず,Vết Thương,
傷付く,vocab,36,"傷,付",N/A,N/A,N/A,N/A,きずつく,きずつく,Bị Thương,Tổn Thương
傷付ける,vocab,36,"傷,付",N/A,N/A,N/A,N/A,きずつける,きずつける,Làm Bị Thương,Làm Tổn Thương
傷跡,vocab,36,"傷,跡",N/A,N/A,N/A,N/A,きずあと,きずあと,Vết Sẹo,Sẹo
傾く,vocab,66,傾,N/A,N/A,N/A,N/A,かたむく,かたむく,Nghiêng,
傾ける,vocab,66,傾,N/A,N/A,N/A,N/A,かたむける,かたむける,Nghiêng,
傾向,vocab,66,"傾,向",N/A,N/A,N/A,N/A,けいこう,けいこう,Khuynh Hướng,Xu Hướng
働く,vocab,22,働,N/A,N/A,N/A,N/A,はたらく,はたらく,Làm Việc,
像,vocab,28,像,N/A,N/A,N/A,N/A,ぞう,ぞう,Tượng,
僕,vocab,56,僕,N/A,N/A,N/A,N/A,ぼく,ぼく,Tôi,
僕達,vocab,56,"僕,達",N/A,N/A,N/A,N/A,ぼくたち,ぼくたち,Chúng Tôi,
僧,vocab,54,僧,N/A,N/A,N/A,N/A,そう,そう,Sư,
僧侶,vocab,54,"僧,侶",N/A,N/A,N/A,N/A,そうりょ,そうりょ,Tăng Lữ,
儀式,vocab,55,"儀,式",N/A,N/A,N/A,N/A,ぎしき,ぎしき,Nghi Thức,Nghi Lễ
億,vocab,57,億,N/A,N/A,N/A,N/A,おく,おく,Trăm Triệu,
償う,vocab,60,償,N/A,N/A,N/A,N/A,つぐなう,つぐなう,Bồi Thường,Chuộc
優しい,vocab,24,優,N/A,N/A,N/A,N/A,やさしい,やさしい,Tốt Bụng,
優れる,vocab,25,優,N/A,N/A,N/A,N/A,すぐれる,すぐれる,Xuất Sắc,
優先,vocab,24,"優,先",N/A,N/A,N/A,N/A,ゆうせん,ゆうせん,Ưu Tiên,
優勝,vocab,24,"優,勝",N/A,N/A,N/A,N/A,ゆうしょう,ゆうしょう,Chiến Thắng,
優秀,vocab,24,"優,秀",N/A,N/A,N/A,N/A,ゆうしゅう,ゆうしゅう,Ưu Tú,
儲かる,vocab,70,儲,N/A,N/A,N/A,N/A,もうかる,もうかる,Có Lãi,
儲ける,vocab,70,儲,N/A,N/A,N/A,N/A,もうける,もうける,Kiếm Lãi,
元,vocab,7,元,N/A,N/A,N/A,N/A,もと,もと,Gốc,"Nguyên, Cựu"
元々,vocab,7,"元,々",N/A,N/A,N/A,N/A,もともと,もともと,Vốn Dĩ,
元旦,vocab,27,"元,旦",N/A,N/A,N/A,N/A,がんたん,がんたん,Gantan,Sáng Ngày Đầu Năm Mới
元気,vocab,7,"元,気",N/A,N/A,N/A,N/A,げんき,げんき,Khỏe Mạnh,Năng Động
兄,vocab,1,兄,N/A,N/A,N/A,N/A,あに,あに,Anh Trai,
兄弟,vocab,16,"兄,弟",N/A,N/A,N/A,N/A,きょうだい,きょうだい,Anh Em,
兄貴,vocab,64,"兄,貴",N/A,N/A,N/A,N/A,あにき,あにき,Anh Trai,
充実,vocab,29,"充,実",N/A,N/A,N/A,N/A,じゅうじつ,じゅうじつ,Trọn Vẹn,Đầy Đủ
充電,vocab,29,"充,電",N/A,N/A,N/A,N/A,じゅうでん,じゅうでん,Sạc Điện,
兆,vocab,35,兆,N/A,N/A,N/A,N/A,ちょう,ちょう,Nghìn Tỷ,
兆し,vocab,35,兆,N/A,N/A,N/A,N/A,きざし,きざし,Dấu Hiệu,
兆候,vocab,35,"兆,候",N/A,N/A,N/A,N/A,ちょうこう,ちょうこう,Triệu Chứng,
先,vocab,11,先,N/A,N/A,N/A,N/A,さき,さき,Trước,"Đằng Trước, Đầu Mút, Mũi"
先ず,vocab,12,先,N/A,N/A,N/A,N/A,まず,まず,Trước Tiên,
先日,vocab,11,"先,日",N/A,N/A,N/A,N/A,せんじつ,せんじつ,Hôm Trước,Vài Ngày Trước
先月,vocab,11,"先,月",N/A,N/A,N/A,N/A,せんげつ,せんげつ,Tháng Trước,
先生,vocab,11,"先,生",N/A,N/A,N/A,N/A,せんせい,せんせい,Sensei,Thầy
先祖,vocab,24,"先,祖",N/A,N/A,N/A,N/A,せんぞ,せんぞ,Tổ Tiên,
先程,vocab,24,"先,程",N/A,N/A,N/A,N/A,さきほど,さきほど,Vừa Rồi,Lúc Nãy
先端,vocab,63,"先,端",N/A,N/A,N/A,N/A,せんたん,せんたん,Mũi Nhọn,"Tiên Tiến, Tiên Phong"
先輩,vocab,24,"先,輩",N/A,N/A,N/A,N/A,せんぱい,せんぱい,Tiền Bối,
先週,vocab,11,"先,週",N/A,N/A,N/A,N/A,せんしゅう,せんしゅう,Tuần Trước,
先頃,vocab,58,"先,頃",N/A,N/A,N/A,N/A,さきごろ,さきごろ,Gần Đây,Hôm Trước
先駆け,vocab,68,"先,駆",N/A,N/A,N/A,N/A,さきがけ,さきがけ,Tiên Phong,
光,vocab,19,光,N/A,N/A,N/A,N/A,ひかり,ひかり,Ánh Sáng,
光る,vocab,19,光,N/A,N/A,N/A,N/A,ひかる,ひかる,Phát Sáng,Tỏa Sáng
光景,vocab,63,"光,景",N/A,N/A,N/A,N/A,こうけい,こうけい,Quang Cảnh,
光栄,vocab,46,"光,栄",N/A,N/A,N/A,N/A,こうえい,こうえい,Vinh Dự,
克服,vocab,43,"克,服",N/A,N/A,N/A,N/A,こくふく,こくふく,Khắc Phục,Vượt Qua
免れる,vocab,19,免,N/A,N/A,N/A,N/A,まぬがれる,まぬがれる,Được Miễn,Thoát Khỏi
免疫,vocab,53,"免,疫",N/A,N/A,N/A,N/A,めんえき,めんえき,Miễn Dịch,
免税,vocab,27,"免,税",N/A,N/A,N/A,N/A,めんぜい,めんぜい,Miễn Thuế,
免許,vocab,19,"免,許",N/A,N/A,N/A,N/A,めんきょ,めんきょ,Giấy Phép,Chứng Chỉ
免除,vocab,20,"免,除",N/A,N/A,N/A,N/A,めんじょ,めんじょ,Miễn Trừ,Miễn
児童,vocab,39,"児,童",N/A,N/A,N/A,N/A,じどう,じどう,Nhi Đồng,
党員,vocab,55,"党,員",N/A,N/A,N/A,N/A,とういん,とういん,Đảng Viên,
入り口,vocab,2,"入,口",N/A,N/A,N/A,N/A,いりぐち,いりぐち,Lối Vào,
入る,vocab,2,入,N/A,N/A,N/A,N/A,はいる,はいる,Vào,Đi Vào
入れる,vocab,2,入,N/A,N/A,N/A,N/A,いれる,いれる,Cho Vào,Đưa Vào
入れ墨,vocab,68,"入,墨",N/A,N/A,N/A,N/A,いれずみ,いれずみ,Hình Xăm,
入力,vocab,2,"入,力",N/A,N/A,N/A,N/A,にゅうりょく,にゅうりょく,Nhập,
入学,vocab,6,"入,学",N/A,N/A,N/A,N/A,にゅうがく,にゅうがく,Nhập Học,
入社,vocab,7,"入,社",N/A,N/A,N/A,N/A,にゅうしゃ,にゅうしゃ,Gia Nhập,Gia Nhập Công Ty
入籍,vocab,68,"入,籍",N/A,N/A,N/A,N/A,にゅうせき,にゅうせき,Nhập Hộ Khẩu,
入門,vocab,48,"入,門",N/A,N/A,N/A,N/A,にゅうもん,にゅうもん,Nhập Môn,
入院,vocab,18,"入,院",N/A,N/A,N/A,N/A,にゅういん,にゅういん,Nhập Viện,
全く,vocab,6,全,N/A,N/A,N/A,N/A,まったく,まったく,Hoàn Toàn,
全て,vocab,6,全,N/A,N/A,N/A,N/A,すべて,すべて,Tất Cả,
全員,vocab,16,"全,員",N/A,N/A,N/A,N/A,ぜんいん,ぜんいん,Mọi Người,
全国,vocab,12,"全,国",N/A,N/A,N/A,N/A,ぜんこく,ぜんこく,Toàn Quốc,Toàn Nước
全然,vocab,26,"全,然",N/A,N/A,N/A,N/A,ぜんぜん,ぜんぜん,Zenzen,
全般,vocab,55,"全,般",N/A,N/A,N/A,N/A,ぜんぱん,ぜんぱん,Nói Chung,Toàn Diện
全裸,vocab,67,"全,裸",N/A,N/A,N/A,N/A,ぜんら,ぜんら,Trần Truồng,Khỏa Thân
全身,vocab,9,"全,身",N/A,N/A,N/A,N/A,ぜんしん,ぜんしん,Toàn Thân,
全部,vocab,6,"全,部",N/A,N/A,N/A,N/A,ぜんぶ,ぜんぶ,Toàn Bộ,
八,vocab,1,八,N/A,N/A,N/A,N/A,はち,はち,Tám,
八つ,vocab,1,八,N/A,N/A,N/A,N/A,やっつ,"やっつ, やつ",Tám Cái,
八日,vocab,2,"八,日",N/A,N/A,N/A,N/A,ようか,ようか,Tám Ngày,Ngày Thứ Tám
八百屋,vocab,16,"八,百,屋",N/A,N/A,N/A,N/A,やおや,やおや,Yaoya,Cửa Hàng Bán Rau
公園,vocab,23,"公,園",N/A,N/A,N/A,N/A,こうえん,こうえん,Công Viên,
公害,vocab,24,"公,害",N/A,N/A,N/A,N/A,こうがい,こうがい,Ô Nhiễm,
公式,vocab,23,"公,式",N/A,N/A,N/A,N/A,こうしき,こうしき,Công Thức,Chính Thức
公立,vocab,5,"公,立",N/A,N/A,N/A,N/A,こうりつ,こうりつ,Công Lập,
公衆,vocab,65,"公,衆",N/A,N/A,N/A,N/A,こうしゅう,こうしゅう,Công Cộng,
公開,vocab,7,"公,開",N/A,N/A,N/A,N/A,こうかい,こうかい,Công Khai,
六,vocab,1,六,N/A,N/A,N/A,N/A,ろく,ろく,Sáu,
六つ,vocab,1,六,N/A,N/A,N/A,N/A,むっつ,"むっつ, むつ",Sáu Cái,
六千,vocab,1,"六,千",N/A,N/A,N/A,N/A,ろくせん,ろくせん,Sáu Nghìn,
六日,vocab,2,"六,日",N/A,N/A,N/A,N/A,むいか,むいか,Sáu Ngày,Ngày Thứ Sáu
共に,vocab,20,共,N/A,N/A,N/A,N/A,ともに,ともに,Cùng,"Cùng Với, Cùng Nhau"
共同,vocab,20,"共,同",N/A,N/A,N/A,N/A,きょうどう,きょうどう,Chung,
共存,vocab,20,"共,存",N/A,N/A,N/A,N/A,きょうぞん,"きょうぞん, きょうそん",Chung Sống,Cùng Tồn Tại
共感,vocab,20,"共,感",N/A,N/A,N/A,N/A,きょうかん,きょうかん,Đồng Cảm,
共通,vocab,20,"共,通",N/A,N/A,N/A,N/A,きょうつう,きょうつう,Chung,
兵士,vocab,39,"兵,士",N/A,N/A,N/A,N/A,へいし,へいし,Lính,Bộ Đội
兵役,vocab,39,"兵,役",N/A,N/A,N/A,N/A,へいえき,へいえき,Đi Lính,Nghĩa Vụ Quân Sự
兵隊,vocab,39,"兵,隊",N/A,N/A,N/A,N/A,へいたい,へいたい,Binh Đoàn,Bộ Đội
具体的,vocab,12,"具,体,的",N/A,N/A,N/A,N/A,ぐたいてき,ぐたいてき,Cụ Thể,
具合,vocab,11,"具,合",N/A,N/A,N/A,N/A,ぐあい,ぐあい,Tình Trạng,Tình Hình Sức Khỏe
典型,vocab,25,"典,型",N/A,N/A,N/A,N/A,てんけい,てんけい,Điển Hình,
内,vocab,6,内,N/A,N/A,N/A,N/A,うち,うち,Trong,
内側,vocab,58,"内,側",N/A,N/A,N/A,N/A,うちがわ,うちがわ,Bên Trong,
内容,vocab,25,"内,容",N/A,N/A,N/A,N/A,ないよう,ないよう,Nội Dung,
内緒,vocab,45,"内,緒",N/A,N/A,N/A,N/A,ないしょ,ないしょ,Bí Mật,
内臓,vocab,43,"内,臓",N/A,N/A,N/A,N/A,ないぞう,ないぞう,Nội Tạng,
円い,vocab,1,円,N/A,N/A,N/A,N/A,まるい,まるい,Tròn,
円陣,vocab,57,"円,陣",N/A,N/A,N/A,N/A,えんじん,えんじん,Enjin,Đội Hình Vòng Tròn
冊子,vocab,26,"冊,子",N/A,N/A,N/A,N/A,さっし,さっし,Sách,Ấn Phẩm Quảng Cáo
再び,vocab,11,再,N/A,N/A,N/A,N/A,ふたたび,ふたたび,Lại,Một Lần Nữa
再来年,vocab,11,"再,来,年",N/A,N/A,N/A,N/A,さらいねん,さらいねん,Năm Sau Nữa,
再来月,vocab,11,"再,来,月",N/A,N/A,N/A,N/A,さらいげつ,さらいげつ,Tháng Sau Nữa,
再来週,vocab,11,"再,来,週",N/A,N/A,N/A,N/A,さらいしゅう,さらいしゅう,Tuần Sau Nữa,
再生,vocab,12,"再,生",N/A,N/A,N/A,N/A,さいせい,さいせい,Phát,Tái Sinh
再起動,vocab,19,"再,起,動",N/A,N/A,N/A,N/A,さいきどう,さいきどう,Khởi Động Lại,Tái Khởi Động
冒す,vocab,52,冒,N/A,N/A,N/A,N/A,おかす,おかす,Mạo Hiểm,Đương Đầu
冒険,vocab,52,"冒,険",N/A,N/A,N/A,N/A,ぼうけん,ぼうけん,Mạo Hiểm,Thám Hiểm
冒頭,vocab,52,"冒,頭",N/A,N/A,N/A,N/A,ぼうとう,ぼうとう,Ban Đầu,Mở Đầu
冗談,vocab,33,"冗,談",N/A,N/A,N/A,N/A,じょうだん,じょうだん,Đùa,
写す,vocab,15,写,N/A,N/A,N/A,N/A,うつす,うつす,Sao Chép,Chép
写る,vocab,15,写,N/A,N/A,N/A,N/A,うつる,うつる,Lên Ảnh,
写生,vocab,15,"写,生",N/A,N/A,N/A,N/A,しゃせい,しゃせい,Vẽ Phác,Phác Họa
写真,vocab,15,"写,真",N/A,N/A,N/A,N/A,しゃしん,しゃしん,Ảnh,
冬,vocab,8,冬,N/A,N/A,N/A,N/A,ふゆ,ふゆ,Đông,
冬休み,vocab,8,"冬,休",N/A,N/A,N/A,N/A,ふゆやすみ,ふゆやすみ,Kỳ Nghỉ Đông,
冬季,vocab,18,"冬,季",N/A,N/A,N/A,N/A,とうき,とうき,Mùa Đông,
冬至,vocab,30,"冬,至",N/A,N/A,N/A,N/A,とうじ,とうじ,Đông Chí,
冷える,vocab,20,冷,N/A,N/A,N/A,N/A,ひえる,ひえる,Lạnh Đi,
冷たい,vocab,20,冷,N/A,N/A,N/A,N/A,つめたい,つめたい,Lạnh,
冷める,vocab,22,冷,N/A,N/A,N/A,N/A,さめる,さめる,Nguội Đi,
冷やす,vocab,20,冷,N/A,N/A,N/A,N/A,ひやす,ひやす,Làm Lạnh,
冷や汗,vocab,20,"冷,汗",N/A,N/A,N/A,N/A,ひやあせ,ひやあせ,Mồ Hôi Lạnh,
冷凍庫,vocab,37,"冷,凍,庫",N/A,N/A,N/A,N/A,れいとうこ,れいとうこ,Tủ Đông,
冷房,vocab,36,"冷,房",N/A,N/A,N/A,N/A,れいぼう,れいぼう,Máy Lạnh,
冷笑,vocab,20,"冷,笑",N/A,N/A,N/A,N/A,れいしょう,れいしょう,Cười Trừ,Cười Mỉa Mai
冷蔵庫,vocab,37,"冷,蔵,庫",N/A,N/A,N/A,N/A,れいぞうこ,れいぞうこ,Tủ Lạnh,
冷静,vocab,21,"冷,静",N/A,N/A,N/A,N/A,れいせい,れいせい,Điềm Tĩnh,
凄い,vocab,18,凄,N/A,N/A,N/A,N/A,すごい,すごい,Tuyệt,Kinh Khủng
凄まじい,vocab,18,凄,N/A,N/A,N/A,N/A,すさまじい,すさまじい,Kinh Khủng,
凍える,vocab,37,凍,N/A,N/A,N/A,N/A,こごえる,こごえる,Lạnh,Cóng
凍る,vocab,37,凍,N/A,N/A,N/A,N/A,こおる,こおる,Đóng Băng,
凍結,vocab,37,"凍,結",N/A,N/A,N/A,N/A,とうけつ,とうけつ,Đóng Băng,
凡そ,vocab,5,凡,N/A,N/A,N/A,N/A,およそ,およそ,Khoảng,
凡ゆる,vocab,5,凡,N/A,N/A,N/A,N/A,あらゆる,あらゆる,Tất Cả,
処分,vocab,33,"処,分",N/A,N/A,N/A,N/A,しょぶん,しょぶん,Vứt Bỏ,Xử Phạt
処理,vocab,33,"処,理",N/A,N/A,N/A,N/A,しょり,しょり,Xử Lý,
処罰,vocab,33,"処,罰",N/A,N/A,N/A,N/A,しょばつ,しょばつ,Xử Phạt,
凶作,vocab,46,"凶,作",N/A,N/A,N/A,N/A,きょうさく,きょうさく,Mất Mùa,
凶器,vocab,15,"凶,器",N/A,N/A,N/A,N/A,きょうき,きょうき,Hung Khí,
凶悪,vocab,12,"凶,悪",N/A,N/A,N/A,N/A,きょうあく,きょうあく,Hung Ác,
凸レンズ,vocab,34,凸,N/A,N/A,N/A,N/A,とつれんず,とつれんず,Kính Lồi,
凸凹,vocab,34,"凸,凹",N/A,N/A,N/A,N/A,でこぼこ,でこぼこ,Lồi Lõm,
凹む,vocab,34,凹,N/A,N/A,N/A,N/A,へこむ,へこむ,Lõm,Móp
凹レンズ,vocab,34,凹,N/A,N/A,N/A,N/A,おうれんず,おうれんず,Kính Lõm,
出かける,vocab,3,出,N/A,N/A,N/A,N/A,でかける,でかける,Ra Ngoài,
出す,vocab,2,出,N/A,N/A,N/A,N/A,だす,だす,Lấy Ra,Gửi
出る,vocab,2,出,N/A,N/A,N/A,N/A,でる,でる,Ra,Xuất Hiện
出会う,vocab,7,"出,会",N/A,N/A,N/A,N/A,であう,であう,Gặp Gỡ,
出前,vocab,8,"出,前",N/A,N/A,N/A,N/A,でまえ,でまえ,Demae,
出口,vocab,2,"出,口",N/A,N/A,N/A,N/A,でぐち,でぐち,Lối Ra,
出席,vocab,27,"出,席",N/A,N/A,N/A,N/A,しゅっせき,しゅっせき,Có Mặt,
出張,vocab,32,"出,張",N/A,N/A,N/A,N/A,しゅっちょう,しゅっちょう,Công Tác,
出来る,vocab,9,"出,来",N/A,N/A,N/A,N/A,できる,できる,Có Thể,
出来事,vocab,10,"出,来,事",N/A,N/A,N/A,N/A,できごと,できごと,Sự Việc,Sự Kiện
出汁,vocab,35,"出,汁",N/A,N/A,N/A,N/A,だし,だし,Dashi,"Nước Dùng, Nước Hầm"
出港,vocab,63,"出,港",N/A,N/A,N/A,N/A,しゅっこう,しゅっこう,Xuất Cảng,
出演,vocab,29,"出,演",N/A,N/A,N/A,N/A,しゅつえん,しゅつえん,Xuất Hiện,Trình Diễn
出版,vocab,48,"出,版",N/A,N/A,N/A,N/A,しゅっぱん,しゅっぱん,Xuất Bản,
出生率,vocab,44,"出,生,率",N/A,N/A,N/A,N/A,しゅっせいりつ,しゅっせいりつ,Tỷ Lệ Sinh,
出番,vocab,22,"出,番",N/A,N/A,N/A,N/A,でばん,でばん,Lượt,
出発,vocab,14,"出,発",N/A,N/A,N/A,N/A,しゅっぱつ,しゅっぱつ,Xuất Phát,
出血,vocab,25,"出,血",N/A,N/A,N/A,N/A,しゅっけつ,しゅっけつ,Chảy Máu,Xuất Huyết
出身,vocab,9,"出,身",N/A,N/A,N/A,N/A,しゅっしん,しゅっしん,Xuất Thân,
刀,vocab,4,刀,N/A,N/A,N/A,N/A,かたな,かたな,Kiếm,"Đao, Katana"
刃,vocab,10,刃,N/A,N/A,N/A,N/A,は,"は, やいば",Lưỡi Dao,
刃物,vocab,10,"刃,物",N/A,N/A,N/A,N/A,はもの,はもの,Dao,
分,vocab,4,分,N/A,N/A,N/A,N/A,ぶん,ぶん,Phần,
分かる,vocab,5,分,N/A,N/A,N/A,N/A,わかる,わかる,Hiểu,
分ける,vocab,4,分,N/A,N/A,N/A,N/A,わける,わける,Chia Ra,Phân Ra
分厚い,vocab,51,"分,厚",N/A,N/A,N/A,N/A,ぶあつい,ぶあつい,Dày,
分析,vocab,50,"分,析",N/A,N/A,N/A,N/A,ぶんせき,ぶんせき,Phân Tích,
分裂,vocab,64,"分,裂",N/A,N/A,N/A,N/A,ぶんれつ,ぶんれつ,Chia Rẽ,"Phân Liệt, Phân Rã"
分解,vocab,9,"分,解",N/A,N/A,N/A,N/A,ぶんかい,ぶんかい,Tháo Rời,Phân Giải
分野,vocab,13,"分,野",N/A,N/A,N/A,N/A,ぶんや,ぶんや,Lĩnh Vực,
分離,vocab,47,"分,離",N/A,N/A,N/A,N/A,ぶんり,ぶんり,Phân Ly,"Phân Cách, Tách"
分類,vocab,40,"分,類",N/A,N/A,N/A,N/A,ぶんるい,ぶんるい,Phân Loại,
切らす,vocab,14,切,N/A,N/A,N/A,N/A,きらす,きらす,Dùng Hết,Hết
切り替える,vocab,39,"切,替",N/A,N/A,N/A,N/A,きりかえる,きりかえる,Đổi,Thay Đổi
切る,vocab,13,切,N/A,N/A,N/A,N/A,きる,きる,Cắt,Tắt
切れる,vocab,13,切,N/A,N/A,N/A,N/A,きれる,きれる,Đứt,Hết
切手,vocab,13,"切,手",N/A,N/A,N/A,N/A,きって,きって,Tem,
切符,vocab,59,"切,符",N/A,N/A,N/A,N/A,きっぷ,きっぷ,Vé,
切腹,vocab,24,"切,腹",N/A,N/A,N/A,N/A,せっぷく,せっぷく,Seppuku,
刈る,vocab,33,刈,N/A,N/A,N/A,N/A,かる,かる,Cắt,Tỉa
刊行,vocab,34,"刊,行",N/A,N/A,N/A,N/A,かんこう,かんこう,Phát Hành,
刑事,vocab,37,"刑,事",N/A,N/A,N/A,N/A,けいじ,けいじ,Hình Sự,Cảnh Sát Điều Tra
刑務所,vocab,37,"刑,務,所",N/A,N/A,N/A,N/A,けいむしょ,けいむしょ,Nhà Tù,
列,vocab,24,列,N/A,N/A,N/A,N/A,れつ,れつ,Hàng,Cột
列島,vocab,24,"列,島",N/A,N/A,N/A,N/A,れっとう,れっとう,Quần Đảo,
列車,vocab,24,"列,車",N/A,N/A,N/A,N/A,れっしゃ,れっしゃ,Đoàn Tàu,Tàu
初っ端,vocab,63,"初,端",N/A,N/A,N/A,N/A,しょっぱな,しょっぱな,Khởi Đầu,Ngay Từ Đầu
初めて,vocab,9,初,N/A,N/A,N/A,N/A,はじめて,はじめて,Lần Đầu,
初めまして,vocab,9,初,N/A,N/A,N/A,N/A,はじめまして,はじめまして,Xin Chào,Hân Hạnh Được Gặp Bạn
初対面,vocab,21,"初,対,面",N/A,N/A,N/A,N/A,しょたいめん,しょたいめん,Shotaimen,Lần Đầu Gặp Mặt
初心者,vocab,11,"初,心,者",N/A,N/A,N/A,N/A,しょしんしゃ,しょしんしゃ,Người Mới,Người Mới Bắt Đầu
初恋,vocab,21,"初,恋",N/A,N/A,N/A,N/A,はつこい,はつこい,Tình Đầu,Mối Tình Đầu
初日,vocab,9,"初,日",N/A,N/A,N/A,N/A,しょにち,しょにち,Ngày Đầu,
初級,vocab,52,"初,級",N/A,N/A,N/A,N/A,しょきゅう,しょきゅう,Sơ Cấp,
判子,vocab,38,"判,子",N/A,N/A,N/A,N/A,はんこ,はんこ,Con Dấu,
判断,vocab,38,"判,断",N/A,N/A,N/A,N/A,はんだん,はんだん,Phán Xét,Quyết Định
判決,vocab,38,"判,決",N/A,N/A,N/A,N/A,はんけつ,はんけつ,Phán Quyết,
別,vocab,16,別,N/A,N/A,N/A,N/A,べつ,べつ,Riêng,Khác
別々,vocab,16,"別,々",N/A,N/A,N/A,N/A,べつべつ,べつべつ,Riêng,
別れる,vocab,16,別,N/A,N/A,N/A,N/A,わかれる,わかれる,Chia Tay,
利く,vocab,18,利,N/A,N/A,N/A,N/A,きく,きく,Có Tác Dụng,
利潤,vocab,69,"利,潤",N/A,N/A,N/A,N/A,りじゅん,りじゅん,Lợi Nhuận,
利用,vocab,18,"利,用",N/A,N/A,N/A,N/A,りよう,りよう,Tận Dụng,
利益,vocab,47,"利,益",N/A,N/A,N/A,N/A,りえき,りえき,Lợi Ích,Lãi
到底,vocab,44,"到,底",N/A,N/A,N/A,N/A,とうてい,とうてい,Không Thể,
到着,vocab,43,"到,着",N/A,N/A,N/A,N/A,とうちゃく,とうちゃく,Đến Nơi,
到達,vocab,43,"到,達",N/A,N/A,N/A,N/A,とうたつ,とうたつ,Đạt Được,
到頭,vocab,43,"到,頭",N/A,N/A,N/A,N/A,とうとう,とうとう,Cuối Cùng,"Cuối Cùng Thì, Cuối Cùng Cũng"
制作,vocab,31,"制,作",N/A,N/A,N/A,N/A,せいさく,せいさく,Chế Tác,
制度,vocab,31,"制,度",N/A,N/A,N/A,N/A,せいど,せいど,Chế Độ,
制服,vocab,31,"制,服",N/A,N/A,N/A,N/A,せいふく,せいふく,Đồng Phục,
刷る,vocab,43,刷,N/A,N/A,N/A,N/A,する,する,In,
券,vocab,44,券,N/A,N/A,N/A,N/A,けん,けん,Phiếu,Vé
刺さる,vocab,42,刺,N/A,N/A,N/A,N/A,ささる,ささる,Đâm,
刺す,vocab,42,刺,N/A,N/A,N/A,N/A,さす,さす,Đâm,
刺激,vocab,42,"刺,激",N/A,N/A,N/A,N/A,しげき,しげき,Kích Thích,
刺身,vocab,42,"刺,身",N/A,N/A,N/A,N/A,さしみ,さしみ,Sashimi,
刻む,vocab,43,刻,N/A,N/A,N/A,N/A,きざむ,きざむ,Thái,Khắc
剃る,vocab,29,剃,N/A,N/A,N/A,N/A,そる,そる,Cạo,
削る,vocab,20,削,N/A,N/A,N/A,N/A,けずる,けずる,Cắt Giảm,Gọt
削減,vocab,24,"削,減",N/A,N/A,N/A,N/A,さくげん,さくげん,Cắt Giảm,
削除,vocab,20,"削,除",N/A,N/A,N/A,N/A,さくじょ,さくじょ,Xóa Bỏ,
前,vocab,8,前,N/A,N/A,N/A,N/A,まえ,まえ,Trước,
前回,vocab,8,"前,回",N/A,N/A,N/A,N/A,ぜんかい,ぜんかい,Lần Trước,
剣,vocab,47,剣,N/A,N/A,N/A,N/A,けん,けん,Kiếm,
剣道,vocab,47,"剣,道",N/A,N/A,N/A,N/A,けんどう,けんどう,Kiếm Đạo,
副作用,vocab,20,"副,作,用",N/A,N/A,N/A,N/A,ふくさよう,ふくさよう,Tác Dụng Phụ,
副大統領,vocab,22,"副,大,統,領",N/A,N/A,N/A,N/A,ふくだいとうりょう,ふくだいとうりょう,Phó Tổng Thống,
副社長,vocab,20,"副,社,長",N/A,N/A,N/A,N/A,ふくしゃちょう,ふくしゃちょう,Phó Giám Đốc,Phó Chủ Tịch
副詞,vocab,20,"副,詞",N/A,N/A,N/A,N/A,ふくし,ふくし,Phó Từ,
割と,vocab,27,割,N/A,N/A,N/A,N/A,わりと,わりと,Tương Đối,Khá
割り当てる,vocab,26,"割,当",N/A,N/A,N/A,N/A,わりあてる,わりあてる,Phân Bổ,
割り算,vocab,25,"割,算",N/A,N/A,N/A,N/A,わりざん,わりざん,Phép Chia,
割り箸,vocab,33,"割,箸",N/A,N/A,N/A,N/A,わりばし,わりばし,Đũa Tách,Đũa Dùng Một Lần
割り込む,vocab,56,"割,込",N/A,N/A,N/A,N/A,わりこむ,わりこむ,Chen Ngang,
割る,vocab,25,割,N/A,N/A,N/A,N/A,わる,わる,Chia,"Tách, Làm Vỡ"
割れる,vocab,26,割,N/A,N/A,N/A,N/A,われる,われる,Vỡ,
割合,vocab,25,"割,合",N/A,N/A,N/A,N/A,わりあい,わりあい,Tỷ Lệ,
割引,vocab,25,"割,引",N/A,N/A,N/A,N/A,わりびき,わりびき,Giảm Giá,
創作,vocab,21,"創,作",N/A,N/A,N/A,N/A,そうさく,そうさく,Sáng Tác,
創立,vocab,21,"創,立",N/A,N/A,N/A,N/A,そうりつ,そうりつ,Sáng Lập,
創造,vocab,21,"創,造",N/A,N/A,N/A,N/A,そうぞう,そうぞう,Sáng Tạo,
劇場,vocab,38,"劇,場",N/A,N/A,N/A,N/A,げきじょう,げきじょう,Nhà Hát,
力,vocab,2,力,N/A,N/A,N/A,N/A,ちから,ちから,Sức Mạnh,Lực
力士,vocab,4,"力,士",N/A,N/A,N/A,N/A,りきし,りきし,Võ Sĩ,Võ Sĩ Sumo
功績,vocab,35,"功,績",N/A,N/A,N/A,N/A,こうせき,こうせき,Thành Tựu,
加える,vocab,30,加,N/A,N/A,N/A,N/A,くわえる,くわえる,Thêm,
加わる,vocab,30,加,N/A,N/A,N/A,N/A,くわわる,くわわる,Được Thêm,Tham Gia
加害者,vocab,54,"加,害,者",N/A,N/A,N/A,N/A,かがいしゃ,かがいしゃ,Bị Cáo,Người Gây Hại
加速,vocab,30,"加,速",N/A,N/A,N/A,N/A,かそく,かそく,Gia Tốc,
劣る,vocab,37,劣,N/A,N/A,N/A,N/A,おとる,おとる,Kém Hơn,
劣化,vocab,37,"劣,化",N/A,N/A,N/A,N/A,れっか,れっか,Xuống Cấp,
劣等感,vocab,37,"劣,等,感",N/A,N/A,N/A,N/A,れっとうかん,れっとうかん,Chứng Tự Ti,
助かる,vocab,17,助,N/A,N/A,N/A,N/A,たすかる,たすかる,Được Cứu,Được Giúp
助ける,vocab,17,助,N/A,N/A,N/A,N/A,たすける,たすける,Cứu,Giúp
助け舟,vocab,30,"助,舟",N/A,N/A,N/A,N/A,たすけぶね,たすけぶね,Xuồng Cứu Sinh,
助っ人,vocab,41,"助,人",N/A,N/A,N/A,N/A,すけっと,すけっと,Người Giúp Đỡ,
助手,vocab,17,"助,手",N/A,N/A,N/A,N/A,じょしゅ,じょしゅ,Trợ Lý,
助詞,vocab,20,"助,詞",N/A,N/A,N/A,N/A,じょし,じょし,Trợ Từ,
努める,vocab,39,努,N/A,N/A,N/A,N/A,つとめる,つとめる,Nỗ Lực,Cố Gắng
努力,vocab,39,"努,力",N/A,N/A,N/A,N/A,どりょく,どりょく,Nỗ Lực,
励ます,vocab,42,励,N/A,N/A,N/A,N/A,はげます,はげます,Khích Lệ,
励む,vocab,42,励,N/A,N/A,N/A,N/A,はげむ,はげむ,Cố Gắng,Chuyên Tâm
労わる,vocab,22,労,N/A,N/A,N/A,N/A,いたわる,いたわる,Quan Tâm,Chăm Sóc
労働,vocab,22,"労,働",N/A,N/A,N/A,N/A,ろうどう,ろうどう,Lao Động,
効く,vocab,44,効,N/A,N/A,N/A,N/A,きく,きく,Có Hiệu Quả,Có Tác Dụng
効力,vocab,44,"効,力",N/A,N/A,N/A,N/A,こうりょく,こうりょく,Hiệu Lực,
効果,vocab,44,"効,果",N/A,N/A,N/A,N/A,こうか,こうか,Hiệu Ứng,Hiệu Quả
効率,vocab,44,"効,率",N/A,N/A,N/A,N/A,こうりつ,こうりつ,Hiệu Suất,
勇ましい,vocab,46,勇,N/A,N/A,N/A,N/A,いさましい,いさましい,Dũng Mãnh,
勇敢,vocab,46,"勇,敢",N/A,N/A,N/A,N/A,ゆうかん,ゆうかん,Dũng Cảm,
勇気,vocab,46,"勇,気",N/A,N/A,N/A,N/A,ゆうき,ゆうき,Dũng Khí,
勇者,vocab,46,"勇,者",N/A,N/A,N/A,N/A,ゆうしゃ,ゆうしゃ,Dũng Giả,Anh Hùng
勉強,vocab,19,"勉,強",N/A,N/A,N/A,N/A,べんきょう,べんきょう,Học Tập,Học
動かす,vocab,18,動,N/A,N/A,N/A,N/A,うごかす,うごかす,Di Chuyển,"Làm Cử Động, Vận Hành"
動く,vocab,18,動,N/A,N/A,N/A,N/A,うごく,うごく,Di Chuyển,"Cử Động, Chạy"
動作,vocab,18,"動,作",N/A,N/A,N/A,N/A,どうさ,どうさ,Động Tác,Vận Hành
動揺,vocab,40,"動,揺",N/A,N/A,N/A,N/A,どうよう,どうよう,Bất An,Dao Động Tinh Thần
動物,vocab,18,"動,物",N/A,N/A,N/A,N/A,どうぶつ,どうぶつ,Động Vật,
動物園,vocab,23,"動,物,園",N/A,N/A,N/A,N/A,どうぶつえん,どうぶつえん,Sở Thú,
動詞,vocab,20,"動,詞",N/A,N/A,N/A,N/A,どうし,どうし,Động Từ,
勘,vocab,61,勘,N/A,N/A,N/A,N/A,かん,かん,Linh Cảm,Trực Giác
勘弁,vocab,61,"勘,弁",N/A,N/A,N/A,N/A,かんべん,かんべん,Tha,Lượng Thứ
勘違い,vocab,61,"勘,違",N/A,N/A,N/A,N/A,かんちがい,かんちがい,Nhầm,Hiểu Nhầm
務める,vocab,32,務,N/A,N/A,N/A,N/A,つとめる,つとめる,Đảm Nhiệm,
勝つ,vocab,18,勝,N/A,N/A,N/A,N/A,かつ,かつ,Thắng,
勝利,vocab,18,"勝,利",N/A,N/A,N/A,N/A,しょうり,しょうり,Thắng Lợi,
勝手,vocab,19,"勝,手",N/A,N/A,N/A,N/A,かって,かって,Tự Ý,Tự Tiện
勝敗,vocab,18,"勝,敗",N/A,N/A,N/A,N/A,しょうはい,しょうはい,Thắng Bại,
勝負,vocab,19,"勝,負",N/A,N/A,N/A,N/A,しょうぶ,しょうぶ,Thắng Thua,"Cuộc Đấu, So Tài"
募る,vocab,49,募,N/A,N/A,N/A,N/A,つのる,つのる,Chiêu Mộ,
募金,vocab,49,"募,金",N/A,N/A,N/A,N/A,ぼきん,ぼきん,Quyên Góp,
募集,vocab,49,"募,集",N/A,N/A,N/A,N/A,ぼしゅう,ぼしゅう,Tuyển Dụng,
勢い,vocab,36,勢,N/A,N/A,N/A,N/A,いきおい,いきおい,Đà,
勤める,vocab,32,勤,N/A,N/A,N/A,N/A,つとめる,つとめる,Làm Việc,
勤勉,vocab,32,"勤,勉",N/A,N/A,N/A,N/A,きんべん,きんべん,Cần Mẫn,Siêng Năng
勧める,vocab,42,勧,N/A,N/A,N/A,N/A,すすめる,すすめる,Đề Xuất,Giới Thiệu
勧告,vocab,42,"勧,告",N/A,N/A,N/A,N/A,かんこく,かんこく,Khuyến Cáo,
勧誘,vocab,42,"勧,誘",N/A,N/A,N/A,N/A,かんゆう,かんゆう,Chào Mời,Dụ Dỗ
勿体ない,vocab,26,"勿,体",N/A,N/A,N/A,N/A,もったいない,もったいない,Phí,Không Đáng
勿論,vocab,26,"勿,論",N/A,N/A,N/A,N/A,もちろん,もちろん,Đương Nhiên,
匂い,vocab,26,匂,N/A,N/A,N/A,N/A,におい,におい,Mùi,
匂う,vocab,26,匂,N/A,N/A,N/A,N/A,におう,におう,Có Mùi,
包む,vocab,12,包,N/A,N/A,N/A,N/A,つつむ,"つつむ, くるむ",Bọc,
包丁,vocab,12,"包,丁",N/A,N/A,N/A,N/A,ほうちょう,ほうちょう,Dao Bếp,Dao
包装,vocab,17,"包,装",N/A,N/A,N/A,N/A,ほうそう,ほうそう,Đóng Gói,
化ける,vocab,5,化,N/A,N/A,N/A,N/A,ばける,ばける,Biến Hóa,
化け物,vocab,10,"化,物",N/A,N/A,N/A,N/A,ばけもの,ばけもの,Quái Vật,Ma
化学,vocab,6,"化,学",N/A,N/A,N/A,N/A,かがく,"かがく, ばけがく",Hóa Học,
化石,vocab,5,"化,石",N/A,N/A,N/A,N/A,かせき,かせき,Hóa Thạch,
化粧,vocab,63,"化,粧",N/A,N/A,N/A,N/A,けしょう,けしょう,Trang Điểm,
化粧品,vocab,63,"化,粧,品",N/A,N/A,N/A,N/A,けしょうひん,けしょうひん,Mỹ Phẩm,
北,vocab,5,北,N/A,N/A,N/A,N/A,きた,きた,Hướng Bắc,Bắc
北口,vocab,5,"北,口",N/A,N/A,N/A,N/A,きたぐち,きたぐち,Cửa Bắc,
北極圏,vocab,63,"北,極,圏",N/A,N/A,N/A,N/A,ほっきょくけん,ほっきょくけん,Vòng Bắc Cực,
北海道,vocab,7,"北,海,道",N/A,N/A,N/A,N/A,ほっかいどう,ほっかいどう,Hokkaidou,
北西,vocab,5,"北,西",N/A,N/A,N/A,N/A,ほくせい,ほくせい,Bắc Tây,
匹敵,vocab,37,"匹,敵",N/A,N/A,N/A,N/A,ひってき,ひってき,Ngang Tầm,
区分,vocab,4,"区,分",N/A,N/A,N/A,N/A,くぶん,くぶん,Phân Chia,
区域,vocab,24,"区,域",N/A,N/A,N/A,N/A,くいき,くいき,Khu Vực,
医学,vocab,16,"医,学",N/A,N/A,N/A,N/A,いがく,いがく,Y Học,
医師,vocab,24,"医,師",N/A,N/A,N/A,N/A,いし,いし,Y Sĩ,Bác Sĩ
医療,vocab,70,"医,療",N/A,N/A,N/A,N/A,いりょう,いりょう,Y Liệu,
医者,vocab,16,"医,者",N/A,N/A,N/A,N/A,いしゃ,いしゃ,Bác Sĩ,
匿名,vocab,58,"匿,名",N/A,N/A,N/A,N/A,とくめい,とくめい,Ẩn Danh,
十,vocab,1,十,N/A,N/A,N/A,N/A,じゅう,じゅう,Mười,
十一,vocab,1,"十,一",N/A,N/A,N/A,N/A,じゅういち,じゅういち,Mười Một,
十二,vocab,1,"十,二",N/A,N/A,N/A,N/A,じゅうに,じゅうに,Mười Hai,
十分,vocab,4,"十,分",N/A,N/A,N/A,N/A,じゅうぶん,じゅうぶん,Đủ,
十字,vocab,5,"十,字",N/A,N/A,N/A,N/A,じゅうじ,じゅうじ,Chữ Thập,Thập Tự
十字架,vocab,53,"十,字,架",N/A,N/A,N/A,N/A,じゅうじか,じゅうじか,Thập Tự Giá,
十字路,vocab,32,"十,字,路",N/A,N/A,N/A,N/A,じゅうじろ,じゅうじろ,Ngã Tư,
十日,vocab,2,"十,日",N/A,N/A,N/A,N/A,とおか,とおか,Mười Ngày,Ngày Thứ Mười
千円,vocab,1,"千,円",N/A,N/A,N/A,N/A,せんえん,せんえん,Nghìn Yên,
千尋,vocab,65,"千,尋",N/A,N/A,N/A,N/A,ちひろ,ちひろ,Chihiro,
千羽鶴,vocab,47,"千,羽,鶴",N/A,N/A,N/A,N/A,せんばづる,せんばづる,Ngàn Cánh Hạc,Nghìn Hạc Giấy
午前,vocab,8,"午,前",N/A,N/A,N/A,N/A,ごぜん,ごぜん,Sáng,
午後,vocab,8,"午,後",N/A,N/A,N/A,N/A,ごご,ごご,Chiều,
半,vocab,13,半,N/A,N/A,N/A,N/A,はん,はん,Nửa,
半ば,vocab,14,半,N/A,N/A,N/A,N/A,なかば,なかば,Giữa,
半分,vocab,13,"半,分",N/A,N/A,N/A,N/A,はんぶん,はんぶん,Nửa,
半年,vocab,13,"半,年",N/A,N/A,N/A,N/A,はんとし,はんとし,Nửa Năm,
半径,vocab,49,"半,径",N/A,N/A,N/A,N/A,はんけい,はんけい,Bán Kính,
半端,vocab,63,"半,端",N/A,N/A,N/A,N/A,はんぱ,はんぱ,Nửa Vời,
半袖,vocab,55,"半,袖",N/A,N/A,N/A,N/A,はんそで,はんそで,Ngắn Tay,
卒える,vocab,17,卒,N/A,N/A,N/A,N/A,おえる,おえる,Tốt Nghiệp,
卒業,vocab,17,"卒,業",N/A,N/A,N/A,N/A,そつぎょう,そつぎょう,Tốt Nghiệp,
卓球,vocab,29,"卓,球",N/A,N/A,N/A,N/A,たっきゅう,たっきゅう,Bóng Bàn,
協会,vocab,42,"協,会",N/A,N/A,N/A,N/A,きょうかい,きょうかい,Hiệp Hội,
協力,vocab,42,"協,力",N/A,N/A,N/A,N/A,きょうりょく,きょうりょく,Chung Sức,Hiệp Lực
協定,vocab,42,"協,定",N/A,N/A,N/A,N/A,きょうてい,きょうてい,Hiệp Định,
南,vocab,15,南,N/A,N/A,N/A,N/A,みなみ,みなみ,Hướng Nam,Nam
南口,vocab,15,"南,口",N/A,N/A,N/A,N/A,みなみぐち,みなみぐち,Cửa Nam,
南極圏,vocab,63,"南,極,圏",N/A,N/A,N/A,N/A,なんきょくけん,なんきょくけん,Vòng Nam Cực,
南瓜,vocab,37,"南,瓜",N/A,N/A,N/A,N/A,かぼちゃ,かぼちゃ,Bí Ngô,
単に,vocab,28,単,N/A,N/A,N/A,N/A,たんに,たんに,Chỉ Là,Đơn Giản Là
単位,vocab,28,"単,位",N/A,N/A,N/A,N/A,たんい,たんい,Đơn Vị,
単純,vocab,55,"単,純",N/A,N/A,N/A,N/A,たんじゅん,たんじゅん,Đơn Giản,
単語,vocab,28,"単,語",N/A,N/A,N/A,N/A,たんご,たんご,Từ,Từ Vựng
博士,vocab,41,"博,士",N/A,N/A,N/A,N/A,はかせ,"はかせ, はくし",Tiến Sĩ,
博物館,vocab,41,"博,物,館",N/A,N/A,N/A,N/A,はくぶつかん,はくぶつかん,Bảo Tàng,
博覧会,vocab,41,"博,覧,会",N/A,N/A,N/A,N/A,はくらんかい,はくらんかい,Triển Lãm,
占い師,vocab,24,"占,師",N/A,N/A,N/A,N/A,うらないし,うらないし,Thầy Bói,
占う,vocab,24,占,N/A,N/A,N/A,N/A,うらなう,うらなう,Bói,
占める,vocab,24,占,N/A,N/A,N/A,N/A,しめる,しめる,Chiếm,
印,vocab,14,印,N/A,N/A,N/A,N/A,しるし,しるし,Dấu,
印刷,vocab,43,"印,刷",N/A,N/A,N/A,N/A,いんさつ,いんさつ,In Ấn,
印象,vocab,14,"印,象",N/A,N/A,N/A,N/A,いんしょう,いんしょう,Ấn Tượng,
印鑑,vocab,47,"印,鑑",N/A,N/A,N/A,N/A,いんかん,いんかん,Con Dấu,
危うい,vocab,44,危,N/A,N/A,N/A,N/A,あやうい,あやうい,Nguy Kịch,
危ない,vocab,32,危,N/A,N/A,N/A,N/A,あぶない,あぶない,Nguy Hiểm,
危機,vocab,32,"危,機",N/A,N/A,N/A,N/A,きき,きき,Khủng Hoảng,Nguy Cơ
危険,vocab,32,"危,険",N/A,N/A,N/A,N/A,きけん,きけん,Nguy Hiểm,
即座に,vocab,23,"即,座",N/A,N/A,N/A,N/A,そくざ,そくざ,Ngay Lập Tức,
即答,vocab,23,"即,答",N/A,N/A,N/A,N/A,そくとう,そくとう,Sokutou,Lập Tức Trả Lời
即興,vocab,70,"即,興",N/A,N/A,N/A,N/A,そっきょう,そっきょう,Ngẫu Hứng,
卵,vocab,27,卵,N/A,N/A,N/A,N/A,たまご,たまご,Trứng,
卸す,vocab,54,卸,N/A,N/A,N/A,N/A,おろす,おろす,Bán Sỉ,Bán Buôn
卸売,vocab,54,"卸,売",N/A,N/A,N/A,N/A,おろしうり,おろしうり,Bán Sỉ,Bán Buôn
厄介,vocab,33,"厄,介",N/A,N/A,N/A,N/A,やっかい,やっかい,Rắc Rối,Phiền Hà
厚い,vocab,51,厚,N/A,N/A,N/A,N/A,あつい,あつい,Dày,Sâu Sắc
原付,vocab,64,"原,付",N/A,N/A,N/A,N/A,げんつき,げんつき,Xe Máy Điện,
原作,vocab,14,"原,作",N/A,N/A,N/A,N/A,げんさく,げんさく,Nguyên Tác,
原則,vocab,14,"原,則",N/A,N/A,N/A,N/A,げんそく,げんそく,Nguyên Tắc,
原因,vocab,23,"原,因",N/A,N/A,N/A,N/A,げんいん,げんいん,Nguyên Nhân,
原子,vocab,14,"原,子",N/A,N/A,N/A,N/A,げんし,げんし,Nguyên Tử,
原料,vocab,17,"原,料",N/A,N/A,N/A,N/A,げんりょう,げんりょう,Nguyên Liệu,
原爆,vocab,44,"原,爆",N/A,N/A,N/A,N/A,げんばく,げんばく,Bom Nguyên Tử,Bom Hạt Nhân
原理,vocab,14,"原,理",N/A,N/A,N/A,N/A,げんり,げんり,Nguyên Lý,
原稿,vocab,62,"原,稿",N/A,N/A,N/A,N/A,げんこう,げんこう,Bản Thảo,
厳か,vocab,55,厳,N/A,N/A,N/A,N/A,おごそか,おごそか,Uy Nghiêm,
厳しい,vocab,55,厳,N/A,N/A,N/A,N/A,きびしい,きびしい,Nghiêm,
厳禁,vocab,55,"厳,禁",N/A,N/A,N/A,N/A,げんきん,げんきん,Nghiêm Cấm,
厳重,vocab,55,"厳,重",N/A,N/A,N/A,N/A,げんじゅう,げんじゅう,Nghiêm Ngặt,
去年,vocab,15,"去,年",N/A,N/A,N/A,N/A,きょねん,きょねん,Năm Ngoái,
参る,vocab,35,参,N/A,N/A,N/A,N/A,まいる,まいる,Đi,"Đến, Thăm"
参加,vocab,30,"参,加",N/A,N/A,N/A,N/A,さんか,さんか,Tham Gia,
参考,vocab,30,"参,考",N/A,N/A,N/A,N/A,さんこう,さんこう,Tham Khảo,
及び,vocab,24,及,N/A,N/A,N/A,N/A,および,および,Và,
及ぶ,vocab,25,及,N/A,N/A,N/A,N/A,およぶ,およぶ,Lan Ra,Kéo Dài
及ぼす,vocab,24,及,N/A,N/A,N/A,N/A,およぼす,およぼす,Gây,
友人,vocab,15,"友,人",N/A,N/A,N/A,N/A,ゆうじん,ゆうじん,Người Bạn,Bạn
友好的,vocab,15,"友,好,的",N/A,N/A,N/A,N/A,ゆうこうてき,ゆうこうてき,Thân Thiện,
友情,vocab,20,"友,情",N/A,N/A,N/A,N/A,ゆうじょう,ゆうじょう,Tình Bạn,
友達,vocab,16,"友,達",N/A,N/A,N/A,N/A,ともだち,ともだち,Bạn Bè,Bạn
双子,vocab,19,"双,子",N/A,N/A,N/A,N/A,ふたご,ふたご,Sinh Đôi,Song Sinh
双子座,vocab,19,"双,子,座",N/A,N/A,N/A,N/A,ふたござ,ふたござ,Song Tử,
双眼鏡,vocab,29,"双,眼,鏡",N/A,N/A,N/A,N/A,そうがんきょう,そうがんきょう,Ống Nhòm,
反する,vocab,8,反,N/A,N/A,N/A,N/A,はんする,はんする,Trái Với,Làm Trái Với
反則,vocab,13,"反,則",N/A,N/A,N/A,N/A,はんそく,はんそく,Phạm Lỗi,
反対,vocab,8,"反,対",N/A,N/A,N/A,N/A,はんたい,はんたい,Phản Đối,Trái Ngược
反射,vocab,56,"反,射",N/A,N/A,N/A,N/A,はんしゃ,はんしゃ,Phản Xạ,
反応,vocab,41,"反,応",N/A,N/A,N/A,N/A,はんのう,はんのう,Phản Ứng,
反抗,vocab,41,"反,抗",N/A,N/A,N/A,N/A,はんこう,はんこう,Phản Kháng,Chống Đối
反映,vocab,8,"反,映",N/A,N/A,N/A,N/A,はんえい,はんえい,Phản Ánh,
反省,vocab,51,"反,省",N/A,N/A,N/A,N/A,はんせい,はんせい,Hối Lỗi,Rút Kinh Nghiệm
反響,vocab,31,"反,響",N/A,N/A,N/A,N/A,はんきょう,はんきょう,Vang,"Vọng, Hưởng Ứng"
収まる,vocab,27,収,N/A,N/A,N/A,N/A,おさまる,おさまる,Lắng Dịu,Vừa Vặn
収める,vocab,27,収,N/A,N/A,N/A,N/A,おさめる,おさめる,Thu Được,
収入,vocab,27,"収,入",N/A,N/A,N/A,N/A,しゅうにゅう,しゅうにゅう,Thu Nhập,
収益,vocab,47,"収,益",N/A,N/A,N/A,N/A,しゅうえき,しゅうえき,Doanh Thu,
収穫,vocab,67,"収,穫",N/A,N/A,N/A,N/A,しゅうかく,しゅうかく,Thu Hoạch,
収録,vocab,40,"収,録",N/A,N/A,N/A,N/A,しゅうろく,しゅうろく,Ghi Hình,Ghi Âm
叔母,vocab,50,"叔,母",N/A,N/A,N/A,N/A,おば,おば,Dì,
叔父,vocab,50,"叔,父",N/A,N/A,N/A,N/A,おじ,おじ,Chú,
取り出す,vocab,6,"取,出",N/A,N/A,N/A,N/A,とりだす,とりだす,Lấy Ra,
取り囲む,vocab,34,"取,囲",N/A,N/A,N/A,N/A,とりかこむ,とりかこむ,Bao Vây,
取り扱う,vocab,37,"取,扱",N/A,N/A,N/A,N/A,とりあつかう,とりあつかう,Xử Lý,Đối Xử
取り敢えず,vocab,46,"取,敢",N/A,N/A,N/A,N/A,とりあえず,とりあえず,Trước Mắt,
取り替える,vocab,39,"取,替",N/A,N/A,N/A,N/A,とりかえる,とりかえる,Đổi,Thay Thế
取り消す,vocab,13,"取,消",N/A,N/A,N/A,N/A,とりけす,とりけす,Xóa Bỏ,Hủy Bỏ
取り組む,vocab,44,"取,組",N/A,N/A,N/A,N/A,とりくむ,とりくむ,Nỗ Lực,
取り締まる,vocab,69,憧,N/A,N/A,N/A,N/A,とりしまる,とりしまる,Giám Sát,Điều Hành
取る,vocab,6,取,N/A,N/A,N/A,N/A,とる,とる,Lấy,
取れる,vocab,6,取,N/A,N/A,N/A,N/A,とれる,とれる,Tuột,Bung
取引,vocab,25,"取,引",N/A,N/A,N/A,N/A,とりひき,とりひき,Thỏa Thuận,Giao Dịch
取材,vocab,20,"取,材",N/A,N/A,N/A,N/A,しゅざい,しゅざい,Phỏng Vấn,Thu Thập Thông Tin
受かる,vocab,14,受,N/A,N/A,N/A,N/A,うかる,うかる,Đỗ,
受ける,vocab,14,受,N/A,N/A,N/A,N/A,うける,うける,Nhận,
受け取る,vocab,15,"受,取",N/A,N/A,N/A,N/A,うけとる,うけとる,Nhận,Nhận Lấy
受け皿,vocab,20,"受,皿",N/A,N/A,N/A,N/A,うけざら,うけざら,Đĩa Lót Tách,
受付,vocab,14,"受,付",N/A,N/A,N/A,N/A,うけつけ,うけつけ,Lễ Tân,
受諾,vocab,48,"受,諾",N/A,N/A,N/A,N/A,じゅだく,じゅだく,Đảm Nhận,
受賞,vocab,30,"受,賞",N/A,N/A,N/A,N/A,じゅしょう,じゅしょう,Nhận Thưởng,
受験,vocab,25,"受,験",N/A,N/A,N/A,N/A,じゅけん,じゅけん,Dự Thi,
受験生,vocab,25,"受,験,生",N/A,N/A,N/A,N/A,じゅけんせい,じゅけんせい,Thí Sinh,
口,vocab,1,口,N/A,N/A,N/A,N/A,くち,くち,Miệng,Mồm
口実,vocab,57,"口,実",N/A,N/A,N/A,N/A,こうじつ,こうじつ,Cái Cớ,Viện Cớ
口座,vocab,10,"口,座",N/A,N/A,N/A,N/A,こうざ,こうざ,Kouza,Tài Khoản Ngân Hàng
口癖,vocab,70,"口,癖",N/A,N/A,N/A,N/A,くちぐせ,くちぐせ,Quen Miệng,Câu Cửa Miệng
口笛を吹く,vocab,38,"口,笛,吹",N/A,N/A,N/A,N/A,くちぶえをふく,くちぶえをふく,Huýt Sáo,
口紅,vocab,51,"口,紅",N/A,N/A,N/A,N/A,くちべに,くちべに,Son Môi,
口説く,vocab,23,"口,説",N/A,N/A,N/A,N/A,くどく,くどく,Thả Thính,
古い,vocab,1,古,N/A,N/A,N/A,N/A,ふるい,ふるい,Cũ,Cổ
古代,vocab,8,"古,代",N/A,N/A,N/A,N/A,こだい,こだい,Cổ Đại,
古典,vocab,17,"古,典",N/A,N/A,N/A,N/A,こてん,こてん,Cổ Điển,
古本,vocab,3,"古,本",N/A,N/A,N/A,N/A,ふるほん,ふるほん,Sách Cũ,
古里,vocab,30,"古,里",N/A,N/A,N/A,N/A,ふるさと,ふるさと,Quê Hương,Quê
句点,vocab,14,"句,点",N/A,N/A,N/A,N/A,くてん,くてん,Dấu Chấm,
叩く,vocab,5,叩,N/A,N/A,N/A,N/A,たたく,たたく,Vỗ,Đập
叫び声,vocab,28,"叫,声",N/A,N/A,N/A,N/A,さけびごえ,さけびごえ,Giọng Hét,Tiếng Hét
叫ぶ,vocab,28,叫,N/A,N/A,N/A,N/A,さけぶ,さけぶ,Hét,
召し上がる,vocab,34,"召,上",N/A,N/A,N/A,N/A,めしあがる,めしあがる,Ăn,Uống
召集,vocab,34,"召,集",N/A,N/A,N/A,N/A,しょうしゅう,しょうしゅう,Triệu Tập,
可哀想,vocab,30,"可,哀,想",N/A,N/A,N/A,N/A,かわいそう,かわいそう,Đáng Thương,
可愛い,vocab,21,"可,愛",N/A,N/A,N/A,N/A,かわいい,かわいい,Dễ Thương,
可決,vocab,10,"可,決",N/A,N/A,N/A,N/A,かけつ,かけつ,Thông Qua,
可笑しい,vocab,14,"可,笑",N/A,N/A,N/A,N/A,おかしい,おかしい,Kỳ Cục,Nực Cười
可能,vocab,10,"可,能",N/A,N/A,N/A,N/A,かのう,かのう,Có Thể,"Có Khả Năng, Khả Năng"
可能性,vocab,10,"可,能,性",N/A,N/A,N/A,N/A,かのうせい,かのうせい,Khả Năng,Tính Khả Thi
台,vocab,4,台,N/A,N/A,N/A,N/A,だい,だい,Giá Đỡ,Đài
台所,vocab,6,"台,所",N/A,N/A,N/A,N/A,だいどころ,だいどころ,Bếp,
台本,vocab,4,"台,本",N/A,N/A,N/A,N/A,だいほん,だいほん,Kịch Bản,
台湾,vocab,64,"台,湾",N/A,N/A,N/A,N/A,たいわん,たいわん,Đài Loan,
台詞,vocab,21,"台,詞",N/A,N/A,N/A,N/A,せりふ,せりふ,Lời,"Lời Thoại, Câu Nói"
台風,vocab,14,"台,風",N/A,N/A,N/A,N/A,たいふう,たいふう,Bão,
叱る,vocab,5,叱,N/A,N/A,N/A,N/A,しかる,しかる,Mắng,
史家,vocab,34,"史,家",N/A,N/A,N/A,N/A,しか,しか,Sử Gia,Nhà Sử Học
右,vocab,4,右,N/A,N/A,N/A,N/A,みぎ,みぎ,Phải,
右利き,vocab,18,"右,利",N/A,N/A,N/A,N/A,みぎきき,みぎきき,Thuận Tay Phải,
右手,vocab,4,"右,手",N/A,N/A,N/A,N/A,みぎて,みぎて,Tay Phải,
右折,vocab,17,"右,折",N/A,N/A,N/A,N/A,うせつ,うせつ,Rẽ Phải,
右翼,vocab,70,"右,翼",N/A,N/A,N/A,N/A,うよく,うよく,Cánh Phải,Cánh Hữu
叶う,vocab,6,叶,N/A,N/A,N/A,N/A,かなう,かなう,Thành Hiện Thực,
叶える,vocab,6,叶,N/A,N/A,N/A,N/A,かなえる,かなえる,Ban Ước,
号泣,vocab,27,"号,泣",N/A,N/A,N/A,N/A,ごうきゅう,ごうきゅう,Khóc,Khóc Nức Nở
司令部,vocab,19,"司,令,部",N/A,N/A,N/A,N/A,しれいぶ,しれいぶ,Bộ Tư Lệnh,
司会,vocab,19,"司,会",N/A,N/A,N/A,N/A,しかい,しかい,MC,Người Chủ Trì
各地,vocab,20,"各,地",N/A,N/A,N/A,N/A,かくち,かくち,Các Vùng,Mọi Vùng
各自,vocab,20,"各,自",N/A,N/A,N/A,N/A,かくじ,かくじ,Mỗi Người,
合う,vocab,8,合,N/A,N/A,N/A,N/A,あう,あう,Hợp,Đúng
合わせる,vocab,8,合,N/A,N/A,N/A,N/A,あわせる,あわせる,Gộp,"Hợp, Làm Cho Hợp"
合唱,vocab,61,"合,唱",N/A,N/A,N/A,N/A,がっしょう,がっしょう,Hợp Xướng,
合図,vocab,16,"合,図",N/A,N/A,N/A,N/A,あいず,あいず,Dấu Hiệu,
合奏,vocab,52,"合,奏",N/A,N/A,N/A,N/A,がっそう,がっそう,Hợp Tấu,
合格,vocab,33,"合,格",N/A,N/A,N/A,N/A,ごうかく,ごうかく,Đỗ,Đậu
合法,vocab,28,"合,法",N/A,N/A,N/A,N/A,ごうほう,ごうほう,Hợp Pháp,
合理的,vocab,13,"合,理,的",N/A,N/A,N/A,N/A,ごうりてき,ごうりてき,Hợp Lý,
合計,vocab,11,"合,計",N/A,N/A,N/A,N/A,ごうけい,ごうけい,Tổng Cộng,
吊り橋,vocab,23,"吊,橋",N/A,N/A,N/A,N/A,つりばし,つりばし,Cầu Treo,
吊り革,vocab,23,"吊,革",N/A,N/A,N/A,N/A,つりかわ,つりかわ,Tay Nắm,
吊る,vocab,16,吊,N/A,N/A,N/A,N/A,つる,つる,Treo,
吊るす,vocab,16,吊,N/A,N/A,N/A,N/A,つるす,つるす,Treo,
同い年,vocab,9,"同,年",N/A,N/A,N/A,N/A,おないどし,おないどし,Bằng Tuổi,Cùng Tuổi
同じ,vocab,9,同,N/A,N/A,N/A,N/A,おなじ,おなじ,Giống,Cùng
同伴,vocab,31,"同,伴",N/A,N/A,N/A,N/A,どうはん,どうはん,Đồng Hành,Đi Cùng
同僚,vocab,63,"同,僚",N/A,N/A,N/A,N/A,どうりょう,どうりょう,Đồng Nghiệp,
同情,vocab,20,"同,情",N/A,N/A,N/A,N/A,どうじょう,どうじょう,Thương Cảm,
同意,vocab,16,"同,意",N/A,N/A,N/A,N/A,どうい,どうい,Đồng Ý,"Cùng Ý Kiến, Đồng Nghĩa"
同感,vocab,20,"同,感",N/A,N/A,N/A,N/A,どうかん,どうかん,Đồng Tình,
同時,vocab,9,"同,時",N/A,N/A,N/A,N/A,どうじ,どうじ,Đồng Thời,
同盟,vocab,43,"同,盟",N/A,N/A,N/A,N/A,どうめい,どうめい,Đồng Minh,
同窓会,vocab,31,"同,窓,会",N/A,N/A,N/A,N/A,どうそうかい,どうそうかい,Họp Lớp,
同胞,vocab,53,"同,胞",N/A,N/A,N/A,N/A,どうほう,どうほう,Đồng Bào,
同郷,vocab,52,"同,郷",N/A,N/A,N/A,N/A,どうきょう,どうきょう,Đồng Hương,
同音,vocab,9,"同,音",N/A,N/A,N/A,N/A,どうおん,どうおん,Đồng Âm,
名,vocab,3,名,N/A,N/A,N/A,N/A,な,な,Tên,
名乗る,vocab,27,"名,乗",N/A,N/A,N/A,N/A,なのる,なのる,Xưng Danh,
名人,vocab,3,"名,人",N/A,N/A,N/A,N/A,めいじん,めいじん,Danh Nhân,Meijin
名刺,vocab,42,"名,刺",N/A,N/A,N/A,N/A,めいし,めいし,Danh Thiếp,
名前,vocab,8,"名,前",N/A,N/A,N/A,N/A,なまえ,なまえ,Tên,
名古屋市,vocab,55,"名,古,屋,市",N/A,N/A,N/A,N/A,なごやし,なごやし,Nagoyashi,Thành Phố Nagoya
名字,vocab,5,"名,字",N/A,N/A,N/A,N/A,みょうじ,みょうじ,Họ,
名所,vocab,6,"名,所",N/A,N/A,N/A,N/A,めいしょ,めいしょ,Thắng Cảnh,
名札,vocab,33,"名,札",N/A,N/A,N/A,N/A,なふだ,なふだ,Thẻ Tên,Bảng Tên
名物,vocab,10,"名,物",N/A,N/A,N/A,N/A,めいぶつ,めいぶつ,Đặc Sản,
名称,vocab,57,"名,称",N/A,N/A,N/A,N/A,めいしょう,めいしょう,Tên Gọi,Tên
名詞,vocab,20,"名,詞",N/A,N/A,N/A,N/A,めいし,めいし,Danh Từ,
名誉,vocab,46,"名,誉",N/A,N/A,N/A,N/A,めいよ,めいよ,Danh Dự,
吐き出す,vocab,25,"吐,出",N/A,N/A,N/A,N/A,はきだす,はきだす,Nhổ,Nôn
吐き気,vocab,25,"吐,気",N/A,N/A,N/A,N/A,はきけ,はきけ,Buồn Nôn,
吐息,vocab,54,"吐,息",N/A,N/A,N/A,N/A,といき,といき,Thở Dài,
吐血,vocab,25,"吐,血",N/A,N/A,N/A,N/A,とけつ,とけつ,Thổ Huyết,Nôn Ra Máu
向かう,vocab,25,向,N/A,N/A,N/A,N/A,むかう,むかう,Hướng,Hướng Đến
向く,vocab,24,向,N/A,N/A,N/A,N/A,むく,むく,Hướng,
向ける,vocab,24,向,N/A,N/A,N/A,N/A,むける,むける,Hướng,
向こう,vocab,24,向,N/A,N/A,N/A,N/A,むこう,むこう,Đằng Kia,Bên Kia
向上,vocab,24,"向,上",N/A,N/A,N/A,N/A,こうじょう,こうじょう,Nâng Cao,Cải Thiện
向日葵,vocab,67,"向,日,葵",N/A,N/A,N/A,N/A,ひまわり,ひまわり,Hoa Hướng Dương,
君,vocab,37,君,N/A,N/A,N/A,N/A,きみ,きみ,Cậu,"Bạn, Mày"
君主,vocab,37,"君,主",N/A,N/A,N/A,N/A,くんしゅ,くんしゅ,Quân Chủ,
吟味,vocab,43,"吟,味",N/A,N/A,N/A,N/A,ぎんみ,ぎんみ,Giám Định,
吠える,vocab,5,吠,N/A,N/A,N/A,N/A,ほえる,ほえる,Sủa,Hú
否,vocab,21,否,N/A,N/A,N/A,N/A,いな,"いな, いや",Không,
否定,vocab,21,"否,定",N/A,N/A,N/A,N/A,ひてい,ひてい,Phủ Định,
含む,vocab,41,含,N/A,N/A,N/A,N/A,ふくむ,ふくむ,Gồm,Chứa
含める,vocab,41,含,N/A,N/A,N/A,N/A,ふくめる,ふくめる,Gộp,
含有,vocab,41,"含,有",N/A,N/A,N/A,N/A,がんゆう,がんゆう,Gồm,Chứa
吸う,vocab,27,吸,N/A,N/A,N/A,N/A,すう,すう,Hút,
吸収,vocab,27,"吸,収",N/A,N/A,N/A,N/A,きゅうしゅう,きゅうしゅう,Hấp Thụ,
吸血鬼,vocab,28,"吸,血,鬼",N/A,N/A,N/A,N/A,きゅうけつき,きゅうけつき,Ma Cà Rồng,Quỷ Hút Máu
吹き替え,vocab,39,"吹,替",N/A,N/A,N/A,N/A,ふきかえ,ふきかえ,Lồng Tiếng,
吹く,vocab,38,吹,N/A,N/A,N/A,N/A,ふく,ふく,Thổi,
吹雪,vocab,38,"吹,雪",N/A,N/A,N/A,N/A,ふぶき,ふぶき,Bão Tuyết,
呆れる,vocab,42,呆,N/A,N/A,N/A,N/A,あきれる,あきれる,Cạn Lời,Sốc
呆気ない,vocab,42,"呆,気",N/A,N/A,N/A,N/A,あっけない,あっけない,Chóng Vánh,Nhạt Nhẽo
呆然,vocab,42,"呆,然",N/A,N/A,N/A,N/A,ぼうぜん,ぼうぜん,Cạn Lời,Sốc
告げる,vocab,21,告,N/A,N/A,N/A,N/A,つげる,つげる,Báo,"Kể, Nói"
告白,vocab,10,"告,白",N/A,N/A,N/A,N/A,こくはく,こくはく,Thổ Lộ,Tỏ Tình
周り,vocab,34,周,N/A,N/A,N/A,N/A,まわり,まわり,Xung Quanh,
周囲,vocab,34,"周,囲",N/A,N/A,N/A,N/A,しゅうい,しゅうい,Chu Vi,
周期,vocab,34,"周,期",N/A,N/A,N/A,N/A,しゅうき,しゅうき,Chu Kỳ,
周辺,vocab,34,"周,辺",N/A,N/A,N/A,N/A,しゅうへん,しゅうへん,Xung Quanh,
呪う,vocab,43,呪,N/A,N/A,N/A,N/A,のろう,のろう,Nguyền Rủa,
呪文,vocab,43,"呪,文",N/A,N/A,N/A,N/A,じゅもん,じゅもん,Thần Chú,
味,vocab,16,味,N/A,N/A,N/A,N/A,あじ,あじ,Vị,
味付け,vocab,16,"味,付",N/A,N/A,N/A,N/A,あじつけ,あじつけ,Nêm,Nêm Nếm
味噌,vocab,35,"味,噌",N/A,N/A,N/A,N/A,みそ,みそ,Miso,
味噌汁,vocab,35,"味,噌,汁",N/A,N/A,N/A,N/A,みそしる,みそしる,Misoshiru,"Súp Miso, Canh Miso"
味方,vocab,16,"味,方",N/A,N/A,N/A,N/A,みかた,みかた,Đồng Minh,
呼び鈴,vocab,67,"呼,鈴",N/A,N/A,N/A,N/A,よびりん,よびりん,Chuông,
呼ぶ,vocab,27,呼,N/A,N/A,N/A,N/A,よぶ,よぶ,Gọi,Mời
呼吸,vocab,27,"呼,吸",N/A,N/A,N/A,N/A,こきゅう,こきゅう,Hô Hấp,Thở
命,vocab,19,命,N/A,N/A,N/A,N/A,いのち,いのち,Mạng Sống,Cuộc Đời
命じる,vocab,19,命,N/A,N/A,N/A,N/A,めいじる,めいじる,Ra Lệnh,
命令,vocab,19,"命,令",N/A,N/A,N/A,N/A,めいれい,めいれい,Mệnh Lệnh,
和やか,vocab,64,和,N/A,N/A,N/A,N/A,なごやか,なごやか,Hòa Nhã,
和らぐ,vocab,63,和,N/A,N/A,N/A,N/A,やわらぐ,やわらぐ,Dịu,Nguôi
和らげる,vocab,63,和,N/A,N/A,N/A,N/A,やわらげる,やわらげる,Làm Dịu,
和室,vocab,17,"和,室",N/A,N/A,N/A,N/A,わしつ,わしつ,Washitsu,Phòng Kiểu Nhật
和牛,vocab,5,"和,牛",N/A,N/A,N/A,N/A,わぎゅう,わぎゅう,Wagyuu,
和菓子,vocab,45,"和,菓,子",N/A,N/A,N/A,N/A,わがし,わがし,Wagashi,Bánh Kẹo Kiểu Nhật
和風,vocab,14,"和,風",N/A,N/A,N/A,N/A,わふう,わふう,Kiểu Nhật,
和食,vocab,14,"和,食",N/A,N/A,N/A,N/A,わしょく,わしょく,Washoku,Món Ăn Kiểu Nhật
咲く,vocab,51,咲,N/A,N/A,N/A,N/A,さく,さく,Nở,
咳,vocab,21,咳,N/A,N/A,N/A,N/A,せき,せき,Ho,Cơn Ho
咳き込む,vocab,26,"咳,込",N/A,N/A,N/A,N/A,せきこむ,せきこむ,Ho Dữ Dội,
咳止め,vocab,21,"咳,止",N/A,N/A,N/A,N/A,せきどめ,せきどめ,Thuốc Ho,
哀れ,vocab,30,哀,N/A,N/A,N/A,N/A,あわれ,あわれ,Đáng Thương,
哀れむ,vocab,30,哀,N/A,N/A,N/A,N/A,あわれむ,あわれむ,Thương Cảm,
品,vocab,14,品,N/A,N/A,N/A,N/A,ひん,"ひん, しな",Phẩm Chất,Hàng Hóa
品物,vocab,14,"品,物",N/A,N/A,N/A,N/A,しなもの,しなもの,Vật Phẩm,
品質,vocab,20,"品,質",N/A,N/A,N/A,N/A,ひんしつ,ひんしつ,Chất Lượng,
哲学,vocab,57,"哲,学",N/A,N/A,N/A,N/A,てつがく,てつがく,Triết Học,
哲学的,vocab,57,"哲,学,的",N/A,N/A,N/A,N/A,てつがくてき,てつがくてき,Triết Lý,Triết Học
唇,vocab,58,唇,N/A,N/A,N/A,N/A,くちびる,くちびる,Môi,
唐揚げ,vocab,55,"唐,揚",N/A,N/A,N/A,N/A,からあげ,からあげ,Karaage,
唐突,vocab,55,"唐,突",N/A,N/A,N/A,N/A,とうとつ,とうとつ,Đột Ngột,
唐辛子,vocab,55,"唐,辛,子",N/A,N/A,N/A,N/A,とうがらし,とうがらし,Ớt,
唯一,vocab,62,"唯,一",N/A,N/A,N/A,N/A,ゆいいつ,"ゆいいつ, ゆいつ",Duy Nhất,
唱える,vocab,61,唱,N/A,N/A,N/A,N/A,となえる,となえる,Tụng,"Xướng, Nói Lên"
唾,vocab,60,唾,N/A,N/A,N/A,N/A,つば,つば,Nước Bọt,
唾液,vocab,60,"唾,液",N/A,N/A,N/A,N/A,だえき,だえき,Nước Bọt,
商人,vocab,58,"商,人",N/A,N/A,N/A,N/A,しょうにん,しょうにん,Thương Nhân,
商品,vocab,58,"商,品",N/A,N/A,N/A,N/A,しょうひん,しょうひん,Sản Phẩm,
商売,vocab,58,"商,売",N/A,N/A,N/A,N/A,しょうばい,しょうばい,Thương Mại,Buôn Bán
商業,vocab,58,"商,業",N/A,N/A,N/A,N/A,しょうぎょう,しょうぎょう,Thương Nghiệp,
問い合わせる,vocab,20,"問,合",N/A,N/A,N/A,N/A,といあわせる,といあわせる,Truy Vấn,Liên Hệ
問う,vocab,20,問,N/A,N/A,N/A,N/A,とう,とう,Hỏi,
問題,vocab,20,"問,題",N/A,N/A,N/A,N/A,もんだい,もんだい,Vấn Đề,
善し悪し,vocab,53,"善,悪",N/A,N/A,N/A,N/A,よしあし,よしあし,Tốt Xấu,
善良,vocab,53,"善,良",N/A,N/A,N/A,N/A,ぜんりょう,ぜんりょう,Lương Thiện,
喉,vocab,35,喉,N/A,N/A,N/A,N/A,のど,のど,Họng,
喉が渇く,vocab,35,"喉,渇",N/A,N/A,N/A,N/A,のどがかわく,のどがかわく,Khát,
喉頭,vocab,35,"喉,頭",N/A,N/A,N/A,N/A,こうとう,こうとう,Thanh Quản,
喋る,vocab,63,喋,N/A,N/A,N/A,N/A,しゃべる,しゃべる,Nói Chuyện,
喜ばす,vocab,23,喜,N/A,N/A,N/A,N/A,よろこばす,よろこばす,Làm Vui,
喜ぶ,vocab,23,喜,N/A,N/A,N/A,N/A,よろこぶ,よろこぶ,Vui Mừng,
喧しい,vocab,63,喧,N/A,N/A,N/A,N/A,やかましい,やかましい,Ồn Ào,
喧嘩,vocab,63,"喧,嘩",N/A,N/A,N/A,N/A,けんか,けんか,Cãi Nhau,"Gây Gổ, Đánh Nhau"
喪失,vocab,41,"喪,失",N/A,N/A,N/A,N/A,そうしつ,そうしつ,Mất,
喪服,vocab,41,"喪,服",N/A,N/A,N/A,N/A,もふく,もふく,Tang Phục,
喫煙,vocab,33,"喫,煙",N/A,N/A,N/A,N/A,きつえん,きつえん,Hút Thuốc,
喫茶店,vocab,33,"喫,茶,店",N/A,N/A,N/A,N/A,きっさてん,きっさてん,Quán Nước,Cafe
営む,vocab,63,営,N/A,N/A,N/A,N/A,いとなむ,いとなむ,Điều Hành,
営業,vocab,63,"営,業",N/A,N/A,N/A,N/A,えいぎょう,えいぎょう,Kinh Doanh,
嗅ぐ,vocab,52,嗅,N/A,N/A,N/A,N/A,かぐ,かぐ,Ngửi,
嗅覚,vocab,52,"嗅,覚",N/A,N/A,N/A,N/A,きゅうかく,きゅうかく,Khứu Giác,
嘆く,vocab,59,嘆,N/A,N/A,N/A,N/A,なげく,なげく,Đau Buồn,Than Thở
嘘,vocab,25,嘘,N/A,N/A,N/A,N/A,うそ,うそ,Lời Nói Dối,
嘘を吐く,vocab,25,"嘘,吐",N/A,N/A,N/A,N/A,うそをつく,うそをつく,Nói Dối,
嘘吐き,vocab,25,"嘘,吐",N/A,N/A,N/A,N/A,うそつき,うそつき,Kẻ Nói Dối,
噂,vocab,50,噂,N/A,N/A,N/A,N/A,うわさ,うわさ,Lời Đồn,
噛み付く,vocab,69,"噛,付",N/A,N/A,N/A,N/A,かみつく,かみつく,Cắn,Nổi Cáu
噛む,vocab,69,噛,N/A,N/A,N/A,N/A,かむ,かむ,Cắn,
器,vocab,25,器,N/A,N/A,N/A,N/A,うつわ,うつわ,Đồ Đựng,
器官,vocab,15,"器,官",N/A,N/A,N/A,N/A,きかん,きかん,Cơ Quan,Cơ Quan Nội Tạng
器用,vocab,15,"器,用",N/A,N/A,N/A,N/A,きよう,きよう,Khéo Léo,
噴出,vocab,69,"噴,出",N/A,N/A,N/A,N/A,ふんしゅつ,ふんしゅつ,Phun Trào,
噴水,vocab,69,"噴,水",N/A,N/A,N/A,N/A,ふんすい,ふんすい,Đài Phun Nước,
噴火,vocab,69,"噴,火",N/A,N/A,N/A,N/A,ふんか,ふんか,Phun Trào,
囚人,vocab,34,"囚,人",N/A,N/A,N/A,N/A,しゅうじん,しゅうじん,Tù Nhân,
四,vocab,1,四,N/A,N/A,N/A,N/A,よん,"よん, し",Bốn,
四つ,vocab,1,四,N/A,N/A,N/A,N/A,よっつ,"よっつ, よつ",Bốn Cái,
四人,vocab,1,"四,人",N/A,N/A,N/A,N/A,よにん,よにん,Bốn Người,
四国,vocab,13,"四,国",N/A,N/A,N/A,N/A,しこく,しこく,Shikoku,
四季,vocab,18,"四,季",N/A,N/A,N/A,N/A,しき,しき,Bốn Mùa,
四捨五入,vocab,49,"四,捨,五,入",N/A,N/A,N/A,N/A,ししゃごにゅう,ししゃごにゅう,Làm Tròn,
四日,vocab,2,"四,日",N/A,N/A,N/A,N/A,よっか,よっか,Bốn Ngày,Ngày Thứ Bốn
四月,vocab,3,"四,月",N/A,N/A,N/A,N/A,しがつ,しがつ,Tháng Tư,
四角,vocab,9,"四,角",N/A,N/A,N/A,N/A,しかく,しかく,Tứ Giác,
回す,vocab,4,回,N/A,N/A,N/A,N/A,まわす,まわす,Xoay,Quay
回る,vocab,3,回,N/A,N/A,N/A,N/A,まわる,まわる,Xoay,Quay
回収,vocab,27,"回,収",N/A,N/A,N/A,N/A,かいしゅう,かいしゅう,Thu Hồi,Thu Gom
回復,vocab,49,"回,復",N/A,N/A,N/A,N/A,かいふく,かいふく,Hồi Phục,
回想,vocab,30,"回,想",N/A,N/A,N/A,N/A,かいそう,かいそう,Hồi Tưởng,
回数,vocab,30,"回,数",N/A,N/A,N/A,N/A,かいすう,かいすう,Số Lần,
回数券,vocab,44,"回,数,券",N/A,N/A,N/A,N/A,かいすうけん,かいすうけん,Tập Vé,Vé Nhiều Lượt
回答,vocab,23,"回,答",N/A,N/A,N/A,N/A,かいとう,かいとう,Trả Lời,Hồi Đáp
回転,vocab,19,"回,転",N/A,N/A,N/A,N/A,かいてん,かいてん,Quay Vòng,"Quay, Xoay"
回転寿司,vocab,19,"回,転,寿,司",N/A,N/A,N/A,N/A,かいてんずし,かいてんずし,Kaitenzushi,Sushi Băng Chuyền
回避,vocab,35,"回,避",N/A,N/A,N/A,N/A,かいひ,かいひ,Tránh,
回顧,vocab,68,"回,顧",N/A,N/A,N/A,N/A,かいこ,かいこ,Hồi Tưởng,
団体,vocab,12,"団,体",N/A,N/A,N/A,N/A,だんたい,だんたい,Đoàn Thể,
団子,vocab,12,"団,子",N/A,N/A,N/A,N/A,だんご,だんご,Dango,
団扇,vocab,56,"団,扇",N/A,N/A,N/A,N/A,うちわ,うちわ,Uchiwa,
団結,vocab,56,"団,結",N/A,N/A,N/A,N/A,だんけつ,だんけつ,Đoàn kết,
困る,vocab,23,困,N/A,N/A,N/A,N/A,こまる,こまる,Khó Xử,Khó Khăn
困難,vocab,23,"困,難",N/A,N/A,N/A,N/A,こんなん,こんなん,Khó Khăn,
囲う,vocab,44,囲,N/A,N/A,N/A,N/A,かこう,かこう,Bao Bọc,
囲む,vocab,34,囲,N/A,N/A,N/A,N/A,かこむ,かこむ,Bao Quanh,
図,vocab,16,図,N/A,N/A,N/A,N/A,ず,ず,Biểu Đồ,
図る,vocab,60,図,N/A,N/A,N/A,N/A,はかる,はかる,Nhằm,Lập Kế Hoạch
図星,vocab,53,"図,星",N/A,N/A,N/A,N/A,ずぼし,ずぼし,Tim Đen,
図書館,vocab,16,"図,書,館",N/A,N/A,N/A,N/A,としょかん,としょかん,Thư Viện,
固い,vocab,8,固,N/A,N/A,N/A,N/A,かたい,かたい,Cứng,
固まる,vocab,8,固,N/A,N/A,N/A,N/A,かたまる,かたまる,Cứng Lại,Đơ
固める,vocab,8,固,N/A,N/A,N/A,N/A,かためる,かためる,Làm Cứng,Củng Cố
固体,vocab,8,"固,体",N/A,N/A,N/A,N/A,こたい,こたい,Thể Rắn,
固定,vocab,10,"固,定",N/A,N/A,N/A,N/A,こてい,こてい,Cố Định,
国,vocab,12,国,N/A,N/A,N/A,N/A,くに,くに,Nước,"Đất Nước, Quốc Gia"
国会,vocab,12,"国,会",N/A,N/A,N/A,N/A,こっかい,こっかい,Quốc Hội,
国境,vocab,41,"国,境",N/A,N/A,N/A,N/A,こっきょう,"こっきょう, くにざかい",Biên Giới,
国家,vocab,12,"国,家",N/A,N/A,N/A,N/A,こっか,こっか,Quốc Gia,Nhà Nước
国旗,vocab,54,"国,旗",N/A,N/A,N/A,N/A,こっき,こっき,Quốc Kỳ,
国歌,vocab,13,"国,歌",N/A,N/A,N/A,N/A,こっか,こっか,Quốc Ca,
国民,vocab,13,"国,民",N/A,N/A,N/A,N/A,こくみん,こくみん,Nhân Dân,
国籍,vocab,68,"国,籍",N/A,N/A,N/A,N/A,こくせき,こくせき,Quốc Tịch,
国際,vocab,58,"国,際",N/A,N/A,N/A,N/A,こくさい,こくさい,Quốc Tế,
園,vocab,23,園,N/A,N/A,N/A,N/A,その,"その, えん",Vườn,
土,vocab,4,土,N/A,N/A,N/A,N/A,つち,つち,Đất,
土下座,vocab,10,"土,下,座",N/A,N/A,N/A,N/A,どげざ,どげざ,Dogeza,Phủ Phục Tạ Lỗi
土俵,vocab,56,"土,俵",N/A,N/A,N/A,N/A,どひょう,どひょう,Dohyou,Võ Đài Sumou
土地,vocab,4,"土,地",N/A,N/A,N/A,N/A,とち,とち,Đất,
土曜日,vocab,25,"土,曜",N/A,N/A,N/A,N/A,どようび,どようび,Thứ Bảy,
圧倒的,vocab,28,"圧,倒,的",N/A,N/A,N/A,N/A,あっとうてき,あっとうてき,Áp Đảo,
圧力,vocab,25,"圧,力",N/A,N/A,N/A,N/A,あつりょく,あつりょく,Áp Lực,
圧迫,vocab,32,"圧,迫",N/A,N/A,N/A,N/A,あっぱく,あっぱく,Áp Lực,Áp Bức
地下,vocab,4,"地,下",N/A,N/A,N/A,N/A,ちか,ちか,Dưới Đất,
地下鉄,vocab,44,"地,下,鉄",N/A,N/A,N/A,N/A,ちかてつ,ちかてつ,Tàu Điện Ngầm,
地区,vocab,4,"地,区",N/A,N/A,N/A,N/A,ちく,ちく,Khu Vực,
地味,vocab,51,"地,味",N/A,N/A,N/A,N/A,じみ,じみ,Giản Dị,
地図,vocab,16,"地,図",N/A,N/A,N/A,N/A,ちず,ちず,Bản Đồ,
地域,vocab,24,"地,域",N/A,N/A,N/A,N/A,ちいき,ちいき,Khu Vực,
地帯,vocab,28,"地,帯",N/A,N/A,N/A,N/A,ちたい,ちたい,Khu Vực,
地形,vocab,23,"地,形",N/A,N/A,N/A,N/A,ちけい,ちけい,Địa Hình,
地方,vocab,4,"地,方",N/A,N/A,N/A,N/A,ちほう,ちほう,Địa Phương,Vùng
地点,vocab,10,"地,点",N/A,N/A,N/A,N/A,ちてん,ちてん,Địa Điểm,
地獄,vocab,41,"地,獄",N/A,N/A,N/A,N/A,じごく,じごく,Địa Ngục,
地球,vocab,13,"地,球",N/A,N/A,N/A,N/A,ちきゅう,ちきゅう,Địa Cầu,Trái Đất
地理,vocab,13,"地,理",N/A,N/A,N/A,N/A,ちり,ちり,Địa Lý,
地蔵,vocab,37,"地,蔵",N/A,N/A,N/A,N/A,じぞう,じぞう,Jizou,
地雷,vocab,67,"地,雷",N/A,N/A,N/A,N/A,じらい,じらい,Mìn,
地震,vocab,36,"地,震",N/A,N/A,N/A,N/A,じしん,じしん,Động Đất,Địa Chấn
地面,vocab,21,"地,面",N/A,N/A,N/A,N/A,じめん,じめん,Mặt Đất,
坂,vocab,20,坂,N/A,N/A,N/A,N/A,さか,さか,Dốc,
坂道,vocab,20,"坂,道",N/A,N/A,N/A,N/A,さかみち,さかみち,Đường Dốc,
坊主,vocab,26,"坊,主",N/A,N/A,N/A,N/A,ぼうず,ぼうず,Đầu Trọc,
垂らす,vocab,35,垂,N/A,N/A,N/A,N/A,たらす,たらす,Hạ Xuống,Làm Nhỏ Giọt
垂れる,vocab,35,垂,N/A,N/A,N/A,N/A,たれる,たれる,Rủ Xuống,Nhỏ Giọt
垂れ幕,vocab,36,"垂,幕",N/A,N/A,N/A,N/A,たれまく,たれまく,Taremaku,Băng Rôn Dọc
垂直,vocab,35,"垂,直",N/A,N/A,N/A,N/A,すいちょく,すいちょく,Thẳng Đứng,
型,vocab,25,型,N/A,N/A,N/A,N/A,かた,かた,Hình,
垣,vocab,53,垣,N/A,N/A,N/A,N/A,かき,かき,Hàng Rào,
垣根,vocab,53,"垣,根",N/A,N/A,N/A,N/A,かきね,かきね,Hàng Rào,
垣間見る,vocab,53,"垣,間,見",N/A,N/A,N/A,N/A,かいまみる,かいまみる,Hình Dung,Thấy Được Phần Nào
埃,vocab,55,埃,N/A,N/A,N/A,N/A,ほこり,ほこり,Bụi,
埃っぽい,vocab,55,埃,N/A,N/A,N/A,N/A,ほこりっぽい,ほこりっぽい,Bụi Bặm,
埋まる,vocab,55,埋,N/A,N/A,N/A,N/A,うまる,うまる,Bị Chôn,Bị Lấp Đầy
埋める,vocab,55,埋,N/A,N/A,N/A,N/A,うめる,"うめる, うずめる",Chôn,Lấp Đầy
埋葬,vocab,55,"埋,葬",N/A,N/A,N/A,N/A,まいそう,まいそう,Chôn Cất,Mai Táng
城,vocab,29,城,N/A,N/A,N/A,N/A,しろ,しろ,Lâu Đài,Thành
城壁,vocab,35,"城,壁",N/A,N/A,N/A,N/A,じょうへき,じょうへき,Tường Thành,
執念,vocab,61,"執,念",N/A,N/A,N/A,N/A,しゅうねん,しゅうねん,Cố Chấp,
執着,vocab,61,"執,着",N/A,N/A,N/A,N/A,しゅうちゃく,しゅうちゃく,Tham Lam,"Bận Tâm, Lưu Luyến"
執筆,vocab,61,"執,筆",N/A,N/A,N/A,N/A,しっぴつ,しっぴつ,Viết,
培養,vocab,58,"培,養",N/A,N/A,N/A,N/A,ばいよう,ばいよう,Nuôi Cấy,
基づく,vocab,37,基,N/A,N/A,N/A,N/A,もとづく,もとづく,Dựa Trên,
基本的,vocab,37,"基,本,的",N/A,N/A,N/A,N/A,きほんてき,きほんてき,Cơ Bản,
基準,vocab,37,"基,準",N/A,N/A,N/A,N/A,きじゅん,きじゅん,Tiêu Chuẩn,
基盤,vocab,49,"基,盤",N/A,N/A,N/A,N/A,きばん,きばん,Nền Tảng,
基礎,vocab,49,"基,礎",N/A,N/A,N/A,N/A,きそ,きそ,Nền Tảng,Cơ Sở
堂々,vocab,22,"堂,々",N/A,N/A,N/A,N/A,どうどう,どうどう,Đường Đường,Đàng Hoàng
堅い,vocab,65,堅,N/A,N/A,N/A,N/A,かたい,かたい,Cứng,Vững Vàng
堅実,vocab,65,"堅,実",N/A,N/A,N/A,N/A,けんじつ,けんじつ,Ổn Định,Vững Vàng
報いる,vocab,22,報,N/A,N/A,N/A,N/A,むくいる,むくいる,Báo,
報われる,vocab,22,報,N/A,N/A,N/A,N/A,むくわれる,むくわれる,Đền Đáp,
報告,vocab,21,"報,告",N/A,N/A,N/A,N/A,ほうこく,ほうこく,Báo Cáo,
報道,vocab,21,"報,道",N/A,N/A,N/A,N/A,ほうどう,ほうどう,Đưa Tin,
報道陣,vocab,57,"報,道,陣",N/A,N/A,N/A,N/A,ほうどうじん,ほうどうじん,Nhóm Phóng Viên,
場合,vocab,10,"場,合",N/A,N/A,N/A,N/A,ばあい,ばあい,Trường Hợp,
場所,vocab,10,"場,所",N/A,N/A,N/A,N/A,ばしょ,ばしょ,Chỗ,
場面,vocab,21,"場,面",N/A,N/A,N/A,N/A,ばめん,ばめん,Cảnh,Bối Cảnh
塀,vocab,67,塀,N/A,N/A,N/A,N/A,へい,へい,Tường Rào,Tường
塊,vocab,67,塊,N/A,N/A,N/A,N/A,かたまり,かたまり,Cục,"Khối, Tảng"
塔,vocab,64,塔,N/A,N/A,N/A,N/A,とう,とう,Tháp,
塗り薬,vocab,66,"塗,薬",N/A,N/A,N/A,N/A,ぬりぐすり,ぬりぐすり,Thuốc Bôi,
塗る,vocab,66,塗,N/A,N/A,N/A,N/A,ぬる,ぬる,Bôi,Phết
塞がる,vocab,66,塞,N/A,N/A,N/A,N/A,ふさがる,ふさがる,Bị Bịt,"Bị Chặn, Kín"
塞ぐ,vocab,66,塞,N/A,N/A,N/A,N/A,ふさぐ,ふさぐ,Bịt,Chặn
塩,vocab,66,塩,N/A,N/A,N/A,N/A,しお,しお,Muối,
塩味,vocab,66,"塩,味",N/A,N/A,N/A,N/A,しおあじ,"しおあじ, えんみ, しおみ",Vị Mặn,
塩辛い,vocab,66,"塩,辛",N/A,N/A,N/A,N/A,しおからい,しおからい,Mặn,
塩飴,vocab,68,"塩,飴",N/A,N/A,N/A,N/A,しおあめ,しおあめ,Kẹo Mặn,
塾,vocab,31,塾,N/A,N/A,N/A,N/A,じゅく,じゅく,Juku,Lớp Học Thêm
境,vocab,41,境,N/A,N/A,N/A,N/A,さかい,さかい,Ranh Giới,
境界,vocab,41,"境,界",N/A,N/A,N/A,N/A,きょうかい,きょうかい,Ranh Giới,
境遇,vocab,43,"境,遇",N/A,N/A,N/A,N/A,きょうぐう,きょうぐう,Cảnh Ngộ,Tình Cảnh
墓,vocab,35,墓,N/A,N/A,N/A,N/A,はか,はか,Mộ,
墓参り,vocab,35,"墓,参",N/A,N/A,N/A,N/A,はかまいり,はかまいり,Thăm Mộ,
墓地,vocab,35,"墓,地",N/A,N/A,N/A,N/A,ぼち,ぼち,Nghĩa Địa,Nghĩa Trang
増える,vocab,44,増,N/A,N/A,N/A,N/A,ふえる,ふえる,Tăng,
増す,vocab,45,増,N/A,N/A,N/A,N/A,ます,ます,Tăng,
増やす,vocab,44,増,N/A,N/A,N/A,N/A,ふやす,ふやす,Tăng,
増加,vocab,44,"増,加",N/A,N/A,N/A,N/A,ぞうか,ぞうか,Gia Tăng,
増大,vocab,44,"増,大",N/A,N/A,N/A,N/A,ぞうだい,ぞうだい,Tăng,
墜落,vocab,69,"墜,落",N/A,N/A,N/A,N/A,ついらく,ついらく,Rơi,
墨,vocab,68,墨,N/A,N/A,N/A,N/A,すみ,すみ,Mực,
壁,vocab,35,壁,N/A,N/A,N/A,N/A,かべ,かべ,Tường,
壁掛け,vocab,35,"壁,掛",N/A,N/A,N/A,N/A,かべかけ,かべかけ,Treo Tường,
壊す,vocab,27,壊,N/A,N/A,N/A,N/A,こわす,こわす,Phá Hoại,Làm Hỏng
壊れる,vocab,27,壊,N/A,N/A,N/A,N/A,こわれる,こわれる,Hỏng,Vỡ
士官,vocab,4,"士,官",N/A,N/A,N/A,N/A,しかん,しかん,Sĩ Quan,
声,vocab,9,声,N/A,N/A,N/A,N/A,こえ,こえ,Giọng,
声優,vocab,24,"声,優",N/A,N/A,N/A,N/A,せいゆう,せいゆう,Seiyuu,Diễn Viên Lồng Tiếng
売り切れる,vocab,13,"売,切",N/A,N/A,N/A,N/A,うりきれる,うりきれる,Bán Hết,Hết Hàng
売り場,vocab,13,"売,場",N/A,N/A,N/A,N/A,うりば,うりば,Chỗ Bán,"Gian Hàng, Quầy"
売り手,vocab,13,"売,手",N/A,N/A,N/A,N/A,うりて,うりて,Người Bán,
売る,vocab,13,売,N/A,N/A,N/A,N/A,うる,うる,Bán,
売れる,vocab,13,売,N/A,N/A,N/A,N/A,うれる,うれる,Bán Chạy,
売却,vocab,42,"売,却",N/A,N/A,N/A,N/A,ばいきゃく,ばいきゃく,Thanh Lý,Bán Lại
売買,vocab,23,"売,買",N/A,N/A,N/A,N/A,ばいばい,ばいばい,Mua Bán,
変,vocab,25,変,N/A,N/A,N/A,N/A,へん,へん,Lạ,
変える,vocab,25,変,N/A,N/A,N/A,N/A,かえる,かえる,Đổi,Biến Đổi
変わる,vocab,25,変,N/A,N/A,N/A,N/A,かわる,かわる,Đổi,"Biến Đổi, Lạ"
変化,vocab,25,"変,化",N/A,N/A,N/A,N/A,へんか,へんか,Biến Hóa,
変更,vocab,38,"変,更",N/A,N/A,N/A,N/A,へんこう,へんこう,Thay Đổi,
変身,vocab,25,"変,身",N/A,N/A,N/A,N/A,へんしん,へんしん,Biến Hình,
夏,vocab,18,夏,N/A,N/A,N/A,N/A,なつ,なつ,Hè,
夏休み,vocab,18,"夏,休",N/A,N/A,N/A,N/A,なつやすみ,なつやすみ,Kỳ Nghỉ Hè,
夏季,vocab,18,"夏,季",N/A,N/A,N/A,N/A,かき,かき,Mùa Hè,
夏至,vocab,30,"夏,至",N/A,N/A,N/A,N/A,げし,げし,Hạ Chí,
夕べ,vocab,3,夕,N/A,N/A,N/A,N/A,ゆうべ,ゆうべ,Tối Qua,
夕方,vocab,4,"夕,方",N/A,N/A,N/A,N/A,ゆうがた,ゆうがた,Chiều Tối,
夕日,vocab,3,"夕,日",N/A,N/A,N/A,N/A,ゆうひ,ゆうひ,Ánh Hoàng Hôn,
夕暮れ,vocab,45,"夕,暮",N/A,N/A,N/A,N/A,ゆうぐれ,ゆうぐれ,Hoàng Hôn,
夕焼け,vocab,12,"夕,焼",N/A,N/A,N/A,N/A,ゆうやけ,ゆうやけ,Ánh Hoàng Hôn,
夕食,vocab,14,"夕,食",N/A,N/A,N/A,N/A,ゆうしょく,ゆうしょく,Bữa Tối,
外,vocab,6,外,N/A,N/A,N/A,N/A,そと,そと,Ngoài,
外す,vocab,7,外,N/A,N/A,N/A,N/A,はずす,はずす,Tháo,Gỡ
外れる,vocab,6,外,N/A,N/A,N/A,N/A,はずれる,はずれる,Trượt,Tuột
外交,vocab,7,"外,交",N/A,N/A,N/A,N/A,がいこう,がいこう,Ngoại Giao,
外出,vocab,6,"外,出",N/A,N/A,N/A,N/A,がいしゅつ,がいしゅつ,Ra Ngoài,
外国,vocab,12,"外,国",N/A,N/A,N/A,N/A,がいこく,がいこく,Ngoại Quốc,Nước Ngoài
外見,vocab,6,"外,見",N/A,N/A,N/A,N/A,がいけん,がいけん,Bề Ngoài,Ngoại Hình
多い,vocab,4,多,N/A,N/A,N/A,N/A,おおい,おおい,Nhiều,
多分,vocab,4,"多,分",N/A,N/A,N/A,N/A,たぶん,たぶん,Có Lẽ,
多少,vocab,4,"多,少",N/A,N/A,N/A,N/A,たしょう,たしょう,Chút,Hơi
多忙,vocab,34,"多,忙",N/A,N/A,N/A,N/A,たぼう,たぼう,Bận,
夜,vocab,15,夜,N/A,N/A,N/A,N/A,よる,よる,Đêm,
夜中,vocab,15,"夜,中",N/A,N/A,N/A,N/A,よなか,よなか,Đêm,
夜更かし,vocab,39,"夜,更",N/A,N/A,N/A,N/A,よふかし,よふかし,Thức Đêm,
夜空,vocab,15,"夜,空",N/A,N/A,N/A,N/A,よぞら,よぞら,Trời Đêm,Bầu Trời Đêm
夢,vocab,23,夢,N/A,N/A,N/A,N/A,ゆめ,ゆめ,Giấc Mơ,Ước Mơ
夢中,vocab,23,"夢,中",N/A,N/A,N/A,N/A,むちゅう,むちゅう,Say Mê,
夢想,vocab,30,"夢,想",N/A,N/A,N/A,N/A,むそう,むそう,Mộng Tưởng,
大いに,vocab,2,大,N/A,N/A,N/A,N/A,おおいに,おおいに,Nhiều,
大きい,vocab,2,大,N/A,N/A,N/A,N/A,おおきい,おおきい,Lớn,To
大げさ,vocab,2,大,N/A,N/A,N/A,N/A,おおげさ,おおげさ,Phóng Đại,"Nói Quá, Làm Quá"
大した,vocab,2,大,N/A,N/A,N/A,N/A,たいした,たいした,To Tát,
大丈夫,vocab,13,"大,丈,夫",N/A,N/A,N/A,N/A,だいじょうぶ,だいじょうぶ,Ổn,OK
大事,vocab,10,"大,事",N/A,N/A,N/A,N/A,だいじ,だいじ,Quan Trọng,
大人,vocab,2,"大,人",N/A,N/A,N/A,N/A,おとな,おとな,Người Lớn,
大人しい,vocab,2,"大,人",N/A,N/A,N/A,N/A,おとなしい,おとなしい,Trầm Tính,Ngoan Ngoãn
大仏,vocab,28,"大,仏",N/A,N/A,N/A,N/A,だいぶつ,だいぶつ,Đại Phật,Bức Tượng Phật Lớn
大会,vocab,7,"大,会",N/A,N/A,N/A,N/A,たいかい,たいかい,Đại Hội,Cuộc Thi
大体,vocab,8,"大,体",N/A,N/A,N/A,N/A,だいたい,だいたい,Đại Khái,
大使館,vocab,14,"大,使,館",N/A,N/A,N/A,N/A,たいしかん,たいしかん,Đại Sứ Quán,
大凶,vocab,6,"大,凶",N/A,N/A,N/A,N/A,だいきょう,だいきょう,Đại Hung,
大分,vocab,4,"大,分",N/A,N/A,N/A,N/A,だいぶ,だいぶ,Khá,Đáng Kể
大分県,vocab,21,"大,分,県",N/A,N/A,N/A,N/A,おおいたけん,おおいたけん,Ooitaken,Tỉnh Ooita
大切,vocab,13,"大,切",N/A,N/A,N/A,N/A,たいせつ,たいせつ,Quý Giá,Quan Trọng
大勢,vocab,36,"大,勢",N/A,N/A,N/A,N/A,おおぜい,おおぜい,Đông Người,Nhiều
大半,vocab,13,"大,半",N/A,N/A,N/A,N/A,たいはん,たいはん,Phần Lớn,Quá Bán
大吉,vocab,6,"大,吉",N/A,N/A,N/A,N/A,だいきち,だいきち,Đại Cát,
大喜び,vocab,23,"大,喜",N/A,N/A,N/A,N/A,おおよろこび,おおよろこび,Rất Vui,
大声,vocab,9,"大,声",N/A,N/A,N/A,N/A,おおごえ,おおごえ,Giọng To,
大変,vocab,25,"大,変",N/A,N/A,N/A,N/A,たいへん,たいへん,Taihen,
大好物,vocab,11,"大,好,物",N/A,N/A,N/A,N/A,だいこうぶつ,だいこうぶつ,Món Yêu Thích,
大学,vocab,6,"大,学",N/A,N/A,N/A,N/A,だいがく,だいがく,Đại Học,
大層,vocab,60,"大,層",N/A,N/A,N/A,N/A,たいそう,たいそう,Rất,
大幅,vocab,64,"大,幅",N/A,N/A,N/A,N/A,おおはば,おおはば,Đáng Kể,
大惨事,vocab,38,"大,惨,事",N/A,N/A,N/A,N/A,だいさんじ,だいさんじ,Đại Thảm Họa,
大成功,vocab,35,"大,成,功",N/A,N/A,N/A,N/A,だいせいこう,だいせいこう,Thành Công Lớn,Đại Thành Công
大抵,vocab,41,"大,抵",N/A,N/A,N/A,N/A,たいてい,たいてい,Thường,Thông Thường
大根,vocab,50,"大,根",N/A,N/A,N/A,N/A,だいこん,だいこん,Daikon,Củ Cải Trắng
大概,vocab,46,"大,概",N/A,N/A,N/A,N/A,たいがい,たいがい,Đại Khái,Thông Thường
大気圏,vocab,63,"大,気,圏",N/A,N/A,N/A,N/A,たいきけん,たいきけん,Khí Quyển,
大洪水,vocab,54,"大,洪,水",N/A,N/A,N/A,N/A,だいこうずい,だいこうずい,Đại Hồng Thủy,
大盛り,vocab,61,"大,盛",N/A,N/A,N/A,N/A,おおもり,おおもり,Suất Lớn,
大砲,vocab,56,"大,砲",N/A,N/A,N/A,N/A,たいほう,たいほう,Đại Pháo,Đại Bác
大統領,vocab,22,"大,統,領",N/A,N/A,N/A,N/A,だいとうりょう,だいとうりょう,Tổng Thống,
大腸,vocab,50,"大,腸",N/A,N/A,N/A,N/A,だいちょう,だいちょう,Đại Tràng,
大臣,vocab,41,"大,臣",N/A,N/A,N/A,N/A,だいじん,だいじん,Bộ Trưởng,
大衆,vocab,65,"大,衆",N/A,N/A,N/A,N/A,たいしゅう,たいしゅう,Đại Chúng,
大阪,vocab,22,"大,阪",N/A,N/A,N/A,N/A,おおさか,おおさか,Oosaka,
大阪城,vocab,29,"大,阪,城",N/A,N/A,N/A,N/A,おおさかじょう,おおさかじょう,Oosakajou,Thành Oosaka
大阪弁,vocab,22,"大,阪,弁",N/A,N/A,N/A,N/A,おおさかべん,おおさかべん,Oosakaben,Giọng Oosaka
大陸,vocab,39,"大,陸",N/A,N/A,N/A,N/A,たいりく,たいりく,Lục Địa,Đại Lục
大雨,vocab,5,"大,雨",N/A,N/A,N/A,N/A,おおあめ,おおあめ,Mưa To,
大雪,vocab,38,"大,雪",N/A,N/A,N/A,N/A,おおゆき,おおゆき,Tuyết Rơi Dày,
大食い,vocab,14,"大,食",N/A,N/A,N/A,N/A,おおぐい,おおぐい,Ăn Nhiều,Háu Ăn
大騒ぎ,vocab,65,"大,騒",N/A,N/A,N/A,N/A,おおさわぎ,おおさわぎ,Náo Loạn,
大麻,vocab,62,"大,麻",N/A,N/A,N/A,N/A,たいま,たいま,Cần Sa,
天,vocab,2,天,N/A,N/A,N/A,N/A,てん,てん,Thiên Đường,
天の川,vocab,44,"天,川",N/A,N/A,N/A,N/A,あまのがわ,あまのがわ,Dải Ngân Hà,
天ぷら,vocab,2,天,N/A,N/A,N/A,N/A,てんぷら,てんぷら,Tenpura,
天下,vocab,2,"天,下",N/A,N/A,N/A,N/A,てんか,てんか,Thiên Hạ,
天井,vocab,5,"天,井",N/A,N/A,N/A,N/A,てんじょう,てんじょう,Trần Nhà,Trần
天使,vocab,11,"天,使",N/A,N/A,N/A,N/A,てんし,てんし,Thiên Sứ,Thiên Thần
天候,vocab,30,"天,候",N/A,N/A,N/A,N/A,てんこう,てんこう,Thời Tiết,
天国,vocab,12,"天,国",N/A,N/A,N/A,N/A,てんごく,てんごく,Thiên Đường,
天才,vocab,2,"天,才",N/A,N/A,N/A,N/A,てんさい,てんさい,Thiên Tài,
天気,vocab,7,"天,気",N/A,N/A,N/A,N/A,てんき,てんき,Thời Tiết,
天災,vocab,23,"天,災",N/A,N/A,N/A,N/A,てんさい,てんさい,Thiên Tai,
天然,vocab,26,"天,然",N/A,N/A,N/A,N/A,てんねん,てんねん,Thiên Nhiên,Tự Nhiên
天皇,vocab,52,"天,皇",N/A,N/A,N/A,N/A,てんのう,てんのう,Thiên Hoàng,
太い,vocab,3,太,N/A,N/A,N/A,N/A,ふとい,ふとい,Béo,Dày
太もも,vocab,3,太,N/A,N/A,N/A,N/A,ふともも,ふともも,Đùi,
太る,vocab,3,太,N/A,N/A,N/A,N/A,ふとる,ふとる,Béo Lên,Tăng Cân
太郎,vocab,30,"太,郎",N/A,N/A,N/A,N/A,たろう,たろう,Tarou,
太陽,vocab,23,"太,陽",N/A,N/A,N/A,N/A,たいよう,たいよう,Mặt Trời,Thái Dương
太鼓,vocab,67,"太,鼓",N/A,N/A,N/A,N/A,たいこ,たいこ,Trống,
夫,vocab,13,夫,N/A,N/A,N/A,N/A,おっと,おっと,Chồng,
夫人,vocab,13,"夫,人",N/A,N/A,N/A,N/A,ふじん,ふじん,Phu Nhân,
夫妻,vocab,18,"夫,妻",N/A,N/A,N/A,N/A,ふさい,ふさい,Vợ Chồng,Phu Thê
夫婦,vocab,36,"夫,婦",N/A,N/A,N/A,N/A,ふうふ,ふうふ,Vợ Chồng,
失う,vocab,18,失,N/A,N/A,N/A,N/A,うしなう,うしなう,Mất,
失恋,vocab,21,"失,恋",N/A,N/A,N/A,N/A,しつれん,しつれん,Thất Tình,
失敗,vocab,18,"失,敗",N/A,N/A,N/A,N/A,しっぱい,しっぱい,Thất Bại,
失望,vocab,20,"失,望",N/A,N/A,N/A,N/A,しつぼう,しつぼう,Thất Vọng,
失格,vocab,33,"失,格",N/A,N/A,N/A,N/A,しっかく,しっかく,Bị Loại,Không Có Tư Cách
失業,vocab,18,"失,業",N/A,N/A,N/A,N/A,しつぎょう,しつぎょう,Thất Nghiệp,
失礼,vocab,19,"失,礼",N/A,N/A,N/A,N/A,しつれい,しつれい,Thất Lễ,
失神,vocab,56,"失,神",N/A,N/A,N/A,N/A,しっしん,しっしん,Ngất,Bất Tỉnh
奇妙,vocab,31,"奇,妙",N/A,N/A,N/A,N/A,きみょう,きみょう,Kỳ Lạ,
奇数,vocab,31,"奇,数",N/A,N/A,N/A,N/A,きすう,きすう,Số Lẻ,
奇跡,vocab,31,"奇,跡",N/A,N/A,N/A,N/A,きせき,きせき,Phép Màu,
奈良県,vocab,60,"奈,良,県",N/A,N/A,N/A,N/A,ならけん,ならけん,Naraken,Tỉnh Nara
契機,vocab,53,"契,機",N/A,N/A,N/A,N/A,けいき,けいき,Cơ Hội,
契約,vocab,53,"契,約",N/A,N/A,N/A,N/A,けいやく,けいやく,Hợp Đồng,
奥,vocab,64,奥,N/A,N/A,N/A,N/A,おく,おく,Trong Cùng,
奥さん,vocab,64,奥,N/A,N/A,N/A,N/A,おくさん,おくさん,Vợ,
奨学金,vocab,60,"奨,学,金",N/A,N/A,N/A,N/A,しょうがくきん,しょうがくきん,Học Bổng,
奪う,vocab,61,奪,N/A,N/A,N/A,N/A,うばう,うばう,Đoạt Lấy,
奪還,vocab,68,"奪,還",N/A,N/A,N/A,N/A,だっかん,だっかん,Đoạt Lại,
奮発,vocab,70,"奮,発",N/A,N/A,N/A,N/A,ふんぱつ,ふんぱつ,Nổi Hứng,
奮闘,vocab,70,"奮,闘",N/A,N/A,N/A,N/A,ふんとう,ふんとう,Phấn Đấu,
女,vocab,2,女,N/A,N/A,N/A,N/A,おんな,おんな,Nữ,"Gái, Phụ Nữ"
女子,vocab,2,"女,子",N/A,N/A,N/A,N/A,じょし,じょし,Cô Gái,Nữ
女性,vocab,7,"女,性",N/A,N/A,N/A,N/A,じょせい,じょせい,Nữ,
女王,vocab,2,"女,王",N/A,N/A,N/A,N/A,じょおう,じょおう,Nữ Hoàng,
女神,vocab,9,"女,神",N/A,N/A,N/A,N/A,めがみ,めがみ,Nữ Thần,
奴,vocab,34,奴,N/A,N/A,N/A,N/A,やつ,やつ,Yatsu,"Nó, Cái"
奴隷,vocab,34,"奴,隷",N/A,N/A,N/A,N/A,どれい,どれい,Nô Lệ,
好かれる,vocab,11,好,N/A,N/A,N/A,N/A,すかれる,すかれる,Được Thích,
好き,vocab,11,好,N/A,N/A,N/A,N/A,すき,すき,Thích,
好む,vocab,11,好,N/A,N/A,N/A,N/A,このむ,このむ,Ưa,
好奇心,vocab,31,"好,奇,心",N/A,N/A,N/A,N/A,こうきしん,こうきしん,Tính Hiếu Kỳ,Tính Tò Mò
好況,vocab,38,"好,況",N/A,N/A,N/A,N/A,こうきょう,こうきょう,Koukyou,Tình Hình Kinh Tế Tốt
妊娠,vocab,36,"妊,娠",N/A,N/A,N/A,N/A,にんしん,にんしん,Mang Thai,
妊婦,vocab,36,"妊,婦",N/A,N/A,N/A,N/A,にんぷ,にんぷ,Thai Phụ,
妖怪,vocab,31,"妖,怪",N/A,N/A,N/A,N/A,ようかい,ようかい,Youkai,Yêu Quái
妖精,vocab,31,"妖,精",N/A,N/A,N/A,N/A,ようせい,ようせい,Yêu Tinh,
妙,vocab,31,妙,N/A,N/A,N/A,N/A,みょう,みょう,Lạ,
妥協,vocab,42,"妥,協",N/A,N/A,N/A,N/A,だきょう,だきょう,Thỏa Hiệp,
妥当,vocab,42,"妥,当",N/A,N/A,N/A,N/A,だとう,だとう,Thỏa Đáng,
妨げる,vocab,24,妨,N/A,N/A,N/A,N/A,さまたげる,さまたげる,Cản Trở,
妨害,vocab,24,"妨,害",N/A,N/A,N/A,N/A,ぼうがい,ぼうがい,Cản Trở,
妹,vocab,16,妹,N/A,N/A,N/A,N/A,いもうと,いもうと,Em Gái,
妻,vocab,18,妻,N/A,N/A,N/A,N/A,つま,つま,Vợ,
妻子,vocab,18,"妻,子",N/A,N/A,N/A,N/A,さいし,さいし,Vợ Con,
姉,vocab,16,姉,N/A,N/A,N/A,N/A,あね,あね,Chị Gái,
姉妹,vocab,16,"姉,妹",N/A,N/A,N/A,N/A,しまい,しまい,Chị Em,
始まる,vocab,7,始,N/A,N/A,N/A,N/A,はじまる,はじまる,Bắt Đầu,
始める,vocab,7,始,N/A,N/A,N/A,N/A,はじめる,はじめる,Bắt Đầu,
姓名,vocab,49,"姓,名",N/A,N/A,N/A,N/A,せいめい,せいめい,Họ Tên,Tên Đầy Đủ
委ねる,vocab,48,委,N/A,N/A,N/A,N/A,ゆだねる,ゆだねる,Giao Phó,Ủy Thác
委員,vocab,48,"委,員",N/A,N/A,N/A,N/A,いいん,いいん,Ủy Viên,
委託,vocab,48,"委,託",N/A,N/A,N/A,N/A,いたく,いたく,Ủy Thác,
姫,vocab,56,姫,N/A,N/A,N/A,N/A,ひめ,ひめ,Công Chúa,
姫様,vocab,56,"姫,様",N/A,N/A,N/A,N/A,ひめさま,ひめさま,Công Chúa,
姫路城,vocab,56,"姫,路,城",N/A,N/A,N/A,N/A,ひめじじょう,ひめじじょう,Himejijou,Thành Himeji
姻族,vocab,47,"姻,族",N/A,N/A,N/A,N/A,いんぞく,いんぞく,Thông Gia,
姿,vocab,36,姿,N/A,N/A,N/A,N/A,すがた,すがた,Bộ Dạng,Bóng Dáng
姿勢,vocab,36,"姿,勢",N/A,N/A,N/A,N/A,しせい,しせい,Tư Thế,
威圧的,vocab,53,"威,圧,的",N/A,N/A,N/A,N/A,いあつてき,いあつてき,Hống Hách,Hách Dịch
威張る,vocab,53,"威,張",N/A,N/A,N/A,N/A,いばる,いばる,Ra Vẻ,Hống Hách
娘,vocab,21,娘,N/A,N/A,N/A,N/A,むすめ,むすめ,Con Gái,Cô Gái
婚姻,vocab,47,"婚,姻",N/A,N/A,N/A,N/A,こんいん,こんいん,Hôn Nhân,
婚姻届,vocab,47,"婚,姻,届",N/A,N/A,N/A,N/A,こんいんとどけ,こんいんとどけ,Konintodoke,Giấy Đăng Ký Kết Hôn
婦人,vocab,36,"婦,人",N/A,N/A,N/A,N/A,ふじん,ふじん,Quý Bà,
婿,vocab,66,婿,N/A,N/A,N/A,N/A,むこ,むこ,Chú Rể,"Con Rể, Chồng"
嫁,vocab,66,嫁,N/A,N/A,N/A,N/A,よめ,よめ,Cô Dâu,"Con Dâu, Vợ"
嫁ぐ,vocab,66,嫁,N/A,N/A,N/A,N/A,とつぐ,とつぐ,Lấy Chồng,
嫉妬,vocab,35,"嫉,妬",N/A,N/A,N/A,N/A,しっと,しっと,Ghen,
嫌,vocab,36,嫌,N/A,N/A,N/A,N/A,いや,いや,Ghét,"Không Thích, Không Muốn"
嫌い,vocab,36,嫌,N/A,N/A,N/A,N/A,きらい,きらい,Ghét,
嫌う,vocab,36,嫌,N/A,N/A,N/A,N/A,きらう,きらう,Ghét,
嫌がる,vocab,36,嫌,N/A,N/A,N/A,N/A,いやがる,いやがる,Ghét,"Không Thích, Không Muốn"
嫌悪,vocab,59,"嫌,悪",N/A,N/A,N/A,N/A,けんお,けんお,Ghét,"Chán Ghét, Căm Ghét"
嫌疑,vocab,59,"嫌,疑",N/A,N/A,N/A,N/A,けんぎ,けんぎ,Nghi Ngờ,
嬉しい,vocab,69,嬉,N/A,N/A,N/A,N/A,うれしい,うれしい,Vui,
子,vocab,2,子,N/A,N/A,N/A,N/A,こ,こ,Đứa Trẻ,Con
子供,vocab,26,"子,供",N/A,N/A,N/A,N/A,こども,こども,Trẻ Con,
子孫,vocab,55,"子,孫",N/A,N/A,N/A,N/A,しそん,しそん,Con Cháu,
子牛,vocab,5,"子,牛",N/A,N/A,N/A,N/A,こうし,こうし,Bò Con,
子犬,vocab,2,"子,犬",N/A,N/A,N/A,N/A,こいぬ,こいぬ,Chó Con,Cún
字,vocab,5,字,N/A,N/A,N/A,N/A,じ,じ,Chữ,
字幕,vocab,36,"字,幕",N/A,N/A,N/A,N/A,じまく,じまく,Phụ Đề,
存じる,vocab,14,存,N/A,N/A,N/A,N/A,ぞんじる,ぞんじる,Biết,
存在,vocab,14,"存,在",N/A,N/A,N/A,N/A,そんざい,そんざい,Tồn Tại,
孝行,vocab,42,"孝,行",N/A,N/A,N/A,N/A,こうこう,こうこう,Báo Hiếu,
季節,vocab,36,"季,節",N/A,N/A,N/A,N/A,きせつ,きせつ,Mùa,
孤児,vocab,53,"孤,児",N/A,N/A,N/A,N/A,こじ,こじ,Trẻ Mồ Côi,
孤独,vocab,53,"孤,独",N/A,N/A,N/A,N/A,こどく,こどく,Cô Độc,
孤立,vocab,53,"孤,立",N/A,N/A,N/A,N/A,こりつ,こりつ,Cô Lập,
学ぶ,vocab,6,学,N/A,N/A,N/A,N/A,まなぶ,まなぶ,Học,
学問,vocab,20,"学,問",N/A,N/A,N/A,N/A,がくもん,がくもん,Học Vấn,
学年,vocab,8,"学,年",N/A,N/A,N/A,N/A,がくねん,がくねん,Năm Học,
学期,vocab,9,"学,期",N/A,N/A,N/A,N/A,がっき,がっき,Học Kỳ,
学校,vocab,9,"学,校",N/A,N/A,N/A,N/A,がっこう,がっこう,Trường Học,Trường
学歴,vocab,34,"学,歴",N/A,N/A,N/A,N/A,がくれき,がくれき,Trình Độ Học Vấn,
学生,vocab,6,"学,生",N/A,N/A,N/A,N/A,がくせい,がくせい,Học Sinh,
学科,vocab,6,"学,科",N/A,N/A,N/A,N/A,がっか,がっか,Khoa,Ngành Học
学習,vocab,26,"学,習",N/A,N/A,N/A,N/A,がくしゅう,がくしゅう,Học Tập,
学習塾,vocab,31,"学,習,塾",N/A,N/A,N/A,N/A,がくしゅうじゅく,がくしゅうじゅく,Trường Học Thêm,
学者,vocab,11,"学,者",N/A,N/A,N/A,N/A,がくしゃ,がくしゃ,Học Giả,
学院,vocab,18,"学,院",N/A,N/A,N/A,N/A,がくいん,がくいん,Học Viện,
孫,vocab,55,孫,N/A,N/A,N/A,N/A,まご,まご,Cháu,
宇宙,vocab,35,"宇,宙",N/A,N/A,N/A,N/A,うちゅう,うちゅう,Vũ Trụ,
宇宙人,vocab,35,"宇,宙,人",N/A,N/A,N/A,N/A,うちゅうじん,うちゅうじん,Uchuujin,Người Ngoài Hành Tinh
宇宙飛行士,vocab,35,"宇,宙,飛,行,士",N/A,N/A,N/A,N/A,うちゅうひこうし,うちゅうひこうし,Phi Hành Gia,
守る,vocab,23,守,N/A,N/A,N/A,N/A,まもる,まもる,Bảo Vệ,
安い,vocab,6,安,N/A,N/A,N/A,N/A,やすい,やすい,Rẻ,
安全,vocab,6,"安,全",N/A,N/A,N/A,N/A,あんぜん,あんぜん,An Toàn,
安心,vocab,6,"安,心",N/A,N/A,N/A,N/A,あんしん,あんしん,An Tâm,Yên Tâm
完了,vocab,7,"完,了",N/A,N/A,N/A,N/A,かんりょう,かんりょう,Hoàn Tất,
完全,vocab,7,"完,全",N/A,N/A,N/A,N/A,かんぜん,かんぜん,Hoàn Toàn,
完成,vocab,7,"完,成",N/A,N/A,N/A,N/A,かんせい,かんせい,Hoàn Thành,
完璧,vocab,70,"完,璧",N/A,N/A,N/A,N/A,かんぺき,かんぺき,Hoàn Hảo,
宗教,vocab,50,"宗,教",N/A,N/A,N/A,N/A,しゅうきょう,しゅうきょう,Tôn Giáo,
官僚,vocab,63,"官,僚",N/A,N/A,N/A,N/A,かんりょう,かんりょう,Quan Chức,
官庁,vocab,12,"官,庁",N/A,N/A,N/A,N/A,かんちょう,かんちょう,Kanchou,Văn Phòng Chính Phủ
定まる,vocab,12,定,N/A,N/A,N/A,N/A,さだまる,さだまる,Được Quyết Định,Được Xác Định
定める,vocab,12,定,N/A,N/A,N/A,N/A,さだめる,さだめる,Quyết Định,Xác Định
定休日,vocab,10,"定,休,日",N/A,N/A,N/A,N/A,ていきゅうび,ていきゅうび,Ngày Nghỉ,Ngày Nghỉ Cố Định
定期券,vocab,44,"定,期,券",N/A,N/A,N/A,N/A,ていきけん,ていきけん,Vé Tháng,
定番,vocab,27,"定,番",N/A,N/A,N/A,N/A,ていばん,ていばん,Điển Hình,
定義,vocab,29,"定,義",N/A,N/A,N/A,N/A,ていぎ,ていぎ,Định Nghĩa,
定規,vocab,13,"定,規",N/A,N/A,N/A,N/A,じょうぎ,じょうぎ,Thước Kẻ,
宛先,vocab,49,"宛,先",N/A,N/A,N/A,N/A,あてさき,あてさき,Người Nhận,Địa Chỉ Người Nhận
宛名,vocab,49,"宛,名",N/A,N/A,N/A,N/A,あてな,あてな,Người Nhận,Tên Người Nhận
宜しい,vocab,50,宜,N/A,N/A,N/A,N/A,よろしい,よろしい,Tốt,OK
宝,vocab,25,宝,N/A,N/A,N/A,N/A,たから,たから,Kho Báu,
宝くじ,vocab,25,宝,N/A,N/A,N/A,N/A,たからくじ,たからくじ,Xổ Số,
宝物,vocab,25,"宝,物",N/A,N/A,N/A,N/A,たからもの,たからもの,Báu Vật,
宝石,vocab,25,"宝,石",N/A,N/A,N/A,N/A,ほうせき,ほうせき,Đá Quý,
実,vocab,10,実,N/A,N/A,N/A,N/A,じつ,"じつ, み",Sự Thật,Trái
実る,vocab,11,実,N/A,N/A,N/A,N/A,みのる,みのる,Ra Quả,
実力,vocab,10,"実,力",N/A,N/A,N/A,N/A,じつりょく,じつりょく,Thực Lực,
実在,vocab,14,"実,在",N/A,N/A,N/A,N/A,じつざい,じつざい,Thực Tại,Thực Sự Tồn Tại
実家,vocab,12,"実,家",N/A,N/A,N/A,N/A,じっか,じっか,Jikka,Nhà Bố Mẹ Đẻ
実況,vocab,38,"実,況",N/A,N/A,N/A,N/A,じっきょう,じっきょう,Thực Trạng,
実績,vocab,35,"実,績",N/A,N/A,N/A,N/A,じっせき,じっせき,Thành Tựu,
実践,vocab,67,"実,践",N/A,N/A,N/A,N/A,じっせん,じっせん,Thực Hành,
実践的,vocab,67,"実,践,的",N/A,N/A,N/A,N/A,じっせんてき,じっせんてき,Thực Tiễn,
実際,vocab,58,"実,際",N/A,N/A,N/A,N/A,じっさい,じっさい,Thực Tế,
実験,vocab,25,"実,験",N/A,N/A,N/A,N/A,じっけん,じっけん,Thí Nghiệm,
客席,vocab,27,"客,席",N/A,N/A,N/A,N/A,きゃくせき,きゃくせき,Ghế Khách,Ghế Khán Giả
客観,vocab,40,"客,観",N/A,N/A,N/A,N/A,きゃっかん,きゃっかん,Khách Quan,
宣伝,vocab,52,"宣,伝",N/A,N/A,N/A,N/A,せんでん,せんでん,Tuyên Truyền,
宣言,vocab,52,"宣,言",N/A,N/A,N/A,N/A,せんげん,せんげん,Tuyên Ngôn,
宣誓,vocab,52,"宣,誓",N/A,N/A,N/A,N/A,せんせい,せんせい,Tuyên Thệ,
宮古島,vocab,57,"宮,古,島",N/A,N/A,N/A,N/A,みやこじま,みやこじま,Miyakojima,Đảo Miyako
宮城県,vocab,63,"宮,城,県",N/A,N/A,N/A,N/A,みやぎけん,みやぎけん,Miyagiken,Tỉnh Miyagi
宮殿,vocab,57,"宮,殿",N/A,N/A,N/A,N/A,きゅうでん,きゅうでん,Cung Điện,
宴,vocab,60,宴,N/A,N/A,N/A,N/A,うたげ,うたげ,Tiệc,
宴会,vocab,60,"宴,会",N/A,N/A,N/A,N/A,えんかい,えんかい,Tiệc,
家,vocab,12,家,N/A,N/A,N/A,N/A,いえ,"いえ, うち",Nhà,
家事,vocab,12,"家,事",N/A,N/A,N/A,N/A,かじ,かじ,Việc Nhà,
家具,vocab,12,"家,具",N/A,N/A,N/A,N/A,かぐ,かぐ,Đồ Nội Thất,
家内,vocab,64,"家,内",N/A,N/A,N/A,N/A,かない,かない,Vợ,
家庭,vocab,54,"家,庭",N/A,N/A,N/A,N/A,かてい,かてい,Gia Đình,
家族,vocab,13,"家,族",N/A,N/A,N/A,N/A,かぞく,かぞく,Gia Đình,
家畜,vocab,55,"家,畜",N/A,N/A,N/A,N/A,かちく,かちく,Gia Súc,
家紋,vocab,57,"家,紋",N/A,N/A,N/A,N/A,かもん,かもん,Gia Huy,Dấu Ấn Của Gia Tộc
家賃,vocab,24,"家,賃",N/A,N/A,N/A,N/A,やちん,やちん,Tiền Nhà,
容器,vocab,25,"容,器",N/A,N/A,N/A,N/A,ようき,ようき,Đồ Đựng,
容易,vocab,25,"容,易",N/A,N/A,N/A,N/A,ようい,ようい,Dễ,
容疑者,vocab,42,"容,疑,者",N/A,N/A,N/A,N/A,ようぎしゃ,ようぎしゃ,Nghi Phạm,
容量,vocab,60,"容,量",N/A,N/A,N/A,N/A,ようりょう,ようりょう,Dung Lượng,
宿,vocab,48,宿,N/A,N/A,N/A,N/A,やど,やど,Nhà Trọ,
宿命,vocab,48,"宿,命",N/A,N/A,N/A,N/A,しゅくめい,しゅくめい,Định Mệnh,
宿泊,vocab,48,"宿,泊",N/A,N/A,N/A,N/A,しゅくはく,しゅくはく,Trọ,
宿舎,vocab,50,"宿,舎",N/A,N/A,N/A,N/A,しゅくしゃ,しゅくしゃ,Nhà Trọ,Túc Xá
宿題,vocab,48,"宿,題",N/A,N/A,N/A,N/A,しゅくだい,しゅくだい,Bài Tập,
寂しい,vocab,61,寂,N/A,N/A,N/A,N/A,さびしい,"さびしい, さみしい",Cô Đơn,
寂しがる,vocab,61,寂,N/A,N/A,N/A,N/A,さびしがる,さびしがる,Cô Đơn,
寄せる,vocab,53,寄,N/A,N/A,N/A,N/A,よせる,よせる,Để Đến Gần,Mang Đến Gần
寄り道,vocab,53,"寄,道",N/A,N/A,N/A,N/A,よりみち,よりみち,Ghé Qua,La Cà
寄る,vocab,53,寄,N/A,N/A,N/A,N/A,よる,よる,Đến Gần,Ghé
寄与,vocab,54,"寄,与",N/A,N/A,N/A,N/A,きよ,きよ,Đóng Góp,
寄付,vocab,54,"寄,付",N/A,N/A,N/A,N/A,きふ,きふ,Quyên Góp,
寄贈,vocab,54,"寄,贈",N/A,N/A,N/A,N/A,きぞう,"きぞう, きそう",Quà Tặng,
密か,vocab,40,密,N/A,N/A,N/A,N/A,ひそか,ひそか,Bí Mật,Thầm Kín
密猟,vocab,52,"密,猟",N/A,N/A,N/A,N/A,みつりょう,みつりょう,Săn Trộm,
密輸,vocab,40,"密,輸",N/A,N/A,N/A,N/A,みつゆ,みつゆ,Buôn Lậu,
富む,vocab,46,富,N/A,N/A,N/A,N/A,とむ,とむ,Giàu,
富士山,vocab,46,"富,士,山",N/A,N/A,N/A,N/A,ふじさん,ふじさん,Fujisan,"Núi Fuji, Núi Phú Sĩ"
寒い,vocab,28,寒,N/A,N/A,N/A,N/A,さむい,さむい,Lạnh,
寒帯,vocab,28,"寒,帯",N/A,N/A,N/A,N/A,かんたい,かんたい,Hàn Đới,
寒気,vocab,28,"寒,気",N/A,N/A,N/A,N/A,さむけ,さむけ,Ớn Lạnh,
寒波,vocab,34,"寒,波",N/A,N/A,N/A,N/A,かんぱ,かんぱ,Đợt Lạnh,
寝る,vocab,19,寝,N/A,N/A,N/A,N/A,ねる,ねる,Ngủ,"Lên Giường, Ngả Lưng"
寝不足,vocab,19,"寝,不,足",N/A,N/A,N/A,N/A,ねぶそく,ねぶそく,Thiếu Ngủ,
寝坊,vocab,26,"寝,坊",N/A,N/A,N/A,N/A,ねぼう,ねぼう,Ngủ Quên,
寝室,vocab,21,"寝,室",N/A,N/A,N/A,N/A,しんしつ,しんしつ,Phòng Ngủ,
寝床,vocab,19,"寝,床",N/A,N/A,N/A,N/A,ねどこ,ねどこ,Giường,
寝相,vocab,25,"寝,相",N/A,N/A,N/A,N/A,ねぞう,ねぞう,Tư Thế Ngủ,
寝起き,vocab,19,"寝,起",N/A,N/A,N/A,N/A,ねおき,ねおき,Ngủ Dậy,
寝転ぶ,vocab,19,"寝,転",N/A,N/A,N/A,N/A,ねころぶ,ねころぶ,Nằm,Ngả Lưng
寝間着,vocab,19,"寝,間,着",N/A,N/A,N/A,N/A,ねまき,ねまき,Đồ Ngủ,Quần Áo Ngủ
察する,vocab,40,察,N/A,N/A,N/A,N/A,さっする,さっする,Cảm Nhận,Đồng Cảm
審判,vocab,69,"審,判",N/A,N/A,N/A,N/A,しんぱん,しんぱん,Trọng Tài,
審議,vocab,69,"審,議",N/A,N/A,N/A,N/A,しんぎ,しんぎ,Thẩm Định,
寮,vocab,59,寮,N/A,N/A,N/A,N/A,りょう,りょう,Ký Túc Xá,
寸前,vocab,33,"寸,前",N/A,N/A,N/A,N/A,すんぜん,すんぜん,Ngay Trước,Bờ Vực
寸法,vocab,33,"寸,法",N/A,N/A,N/A,N/A,すんぽう,すんぽう,Kích Thước,
寺院,vocab,18,"寺,院",N/A,N/A,N/A,N/A,じいん,じいん,Chùa,
対する,vocab,8,対,N/A,N/A,N/A,N/A,たいする,たいする,Đối Với,
対応,vocab,41,"対,応",N/A,N/A,N/A,N/A,たいおう,たいおう,Xử Lý,"Ứng Xử, Tương Thích"
対比,vocab,8,"対,比",N/A,N/A,N/A,N/A,たいひ,たいひ,Tương Phản,
対決,vocab,10,"対,決",N/A,N/A,N/A,N/A,たいけつ,たいけつ,Đối Đầu,
対照,vocab,65,"対,照",N/A,N/A,N/A,N/A,たいしょう,たいしょう,Đối Chiếu,
対称,vocab,57,"対,称",N/A,N/A,N/A,N/A,たいしょう,たいしょう,Đối Xứng,
対立,vocab,8,"対,立",N/A,N/A,N/A,N/A,たいりつ,たいりつ,Đối Lập,
対策,vocab,27,"対,策",N/A,N/A,N/A,N/A,たいさく,たいさく,Đối Sách,
対象,vocab,13,"対,象",N/A,N/A,N/A,N/A,たいしょう,たいしょう,Đối Tượng,
寿司,vocab,19,"寿,司",N/A,N/A,N/A,N/A,すし,すし,Sushi,
寿命,vocab,19,"寿,命",N/A,N/A,N/A,N/A,じゅみょう,じゅみょう,Tuổi Thọ,
封じる,vocab,51,封,N/A,N/A,N/A,N/A,ふうじる,ふうじる,Niêm Phong,Bịt
封書,vocab,51,"封,書",N/A,N/A,N/A,N/A,ふうしょ,ふうしょ,Phong Thư,
封筒,vocab,51,"封,筒",N/A,N/A,N/A,N/A,ふうとう,ふうとう,Phong Bì,
封鎖,vocab,51,"封,鎖",N/A,N/A,N/A,N/A,ふうさ,ふうさ,Phong Tỏa,
専攻,vocab,48,"専,攻",N/A,N/A,N/A,N/A,せんこう,せんこう,Chuyên Ngành,
専用,vocab,48,"専,用",N/A,N/A,N/A,N/A,せんよう,せんよう,Chuyên Dụng,
専門,vocab,48,"専,門",N/A,N/A,N/A,N/A,せんもん,せんもん,Chuyên Môn,
将来,vocab,47,"将,来",N/A,N/A,N/A,N/A,しょうらい,しょうらい,Tương Lai,
将棋,vocab,47,"将,棋",N/A,N/A,N/A,N/A,しょうぎ,しょうぎ,Shougi,
将軍,vocab,47,"将,軍",N/A,N/A,N/A,N/A,しょうぐん,しょうぐん,Shougun,Tướng Quân
尊い,vocab,64,尊,N/A,N/A,N/A,N/A,とうとい,とうとい,Quý Giá,Đáng Quý
尊敬,vocab,64,"尊,敬",N/A,N/A,N/A,N/A,そんけい,そんけい,Tôn Kính,
尊重,vocab,64,"尊,重",N/A,N/A,N/A,N/A,そんちょう,そんちょう,Tôn Trọng,
尋ねる,vocab,65,尋,N/A,N/A,N/A,N/A,たずねる,たずねる,Hỏi,
尋問,vocab,65,"尋,問",N/A,N/A,N/A,N/A,じんもん,じんもん,Thẩm Vấn,
導く,vocab,40,導,N/A,N/A,N/A,N/A,みちびく,みちびく,Dẫn Dắt,
導入,vocab,40,"導,入",N/A,N/A,N/A,N/A,どうにゅう,どうにゅう,Áp Dụng,Đưa Vào
小さい,vocab,2,小,N/A,N/A,N/A,N/A,ちいさい,ちいさい,Nhỏ,Bé
小五郎,vocab,30,"小,五,郎",N/A,N/A,N/A,N/A,こごろう,こごろう,Kogorou,
小便,vocab,18,"小,便",N/A,N/A,N/A,N/A,しょうべん,しょうべん,Tiểu Tiện,"Đi Tiểu, Tè"
小僧,vocab,54,"小,僧",N/A,N/A,N/A,N/A,こぞう,こぞう,Kozou,"Nhóc, Nhãi Ranh"
小凶,vocab,6,"小,凶",N/A,N/A,N/A,N/A,しょうきょう,しょうきょう,Tiểu Hung,
小吉,vocab,6,"小,吉",N/A,N/A,N/A,N/A,しょうきち,しょうきち,Tiểu Cát,
小声,vocab,9,"小,声",N/A,N/A,N/A,N/A,こごえ,こごえ,Giọng Nhỏ,
小学,vocab,6,"小,学",N/A,N/A,N/A,N/A,しょうがく,しょうがく,Tiểu Học,
小指,vocab,18,"小,指",N/A,N/A,N/A,N/A,こゆび,こゆび,Ngón Út,
小笠原,vocab,62,"小,笠,原",N/A,N/A,N/A,N/A,おがさわら,おがさわら,Ogasawara,
小説,vocab,22,"小,説",N/A,N/A,N/A,N/A,しょうせつ,しょうせつ,Tiểu Thuyết,
小豆,vocab,23,"小,豆",N/A,N/A,N/A,N/A,あずき,あずき,Azuki,Đậu Azuki
小遣い,vocab,51,"小,遣",N/A,N/A,N/A,N/A,こづかい,こづかい,Tiền Tiêu Vặt,
小麦,vocab,28,"小,麦",N/A,N/A,N/A,N/A,こむぎ,こむぎ,Lúa Mì,
小麦粉,vocab,28,"小,麦,粉",N/A,N/A,N/A,N/A,こむぎこ,こむぎこ,Bột Mì,
少し,vocab,4,少,N/A,N/A,N/A,N/A,すこし,すこし,Chút,
少ない,vocab,4,少,N/A,N/A,N/A,N/A,すくない,すくない,Ít,
少女,vocab,4,"少,女",N/A,N/A,N/A,N/A,しょうじょ,しょうじょ,Cô Gái,Thiếu Nữ
少年,vocab,8,"少,年",N/A,N/A,N/A,N/A,しょうねん,しょうねん,Thiếu Niên,
少数派,vocab,51,"少,数,派",N/A,N/A,N/A,N/A,しょうすうは,しょうすうは,Nhóm Thiểu Số,Thiểu Số
尖る,vocab,37,尖,N/A,N/A,N/A,N/A,とがる,とがる,Nhọn,
就く,vocab,64,就,N/A,N/A,N/A,N/A,つく,つく,Nhậm Chức,
就任,vocab,64,"就,任",N/A,N/A,N/A,N/A,しゅうにん,しゅうにん,Nhậm Chức,
就業,vocab,64,"就,業",N/A,N/A,N/A,N/A,しゅうぎょう,しゅうぎょう,Làm Việc,
就職,vocab,64,"就,職",N/A,N/A,N/A,N/A,しゅうしょく,しゅうしょく,Nhận Việc,
尻取り,vocab,33,"尻,取",N/A,N/A,N/A,N/A,しりとり,しりとり,Nối Từ,
尻尾,vocab,33,"尻,尾",N/A,N/A,N/A,N/A,しっぽ,しっぽ,Đuôi,
尻拭い,vocab,51,"尻,拭",N/A,N/A,N/A,N/A,しりぬぐい,しりぬぐい,Chùi Đít,Giải Quyết Hậu Quả
尽きる,vocab,37,尽,N/A,N/A,N/A,N/A,つきる,つきる,Cạn Kiệt,Hết
尽くす,vocab,37,尽,N/A,N/A,N/A,N/A,つくす,つくす,Dùng Hết,Hết Sức
尾,vocab,33,尾,N/A,N/A,N/A,N/A,お,お,Đuôi,
尾行,vocab,63,"尾,行",N/A,N/A,N/A,N/A,びこう,びこう,Theo Dõi,Bám Đuôi
尿,vocab,60,尿,N/A,N/A,N/A,N/A,にょう,にょう,Nước Tiểu,
尿路結石,vocab,60,"尿,路,結,石",N/A,N/A,N/A,N/A,にょうろけっせき,にょうろけっせき,Sỏi Tiết Niệu,
局,vocab,22,局,N/A,N/A,N/A,N/A,きょく,きょく,Cục,
局長,vocab,22,"局,長",N/A,N/A,N/A,N/A,きょくちょう,きょくちょう,Cục Trưởng,
居る,vocab,13,居,N/A,N/A,N/A,N/A,いる,"いる, おる",Có,Ở
居眠り,vocab,52,"居,眠",N/A,N/A,N/A,N/A,いねむり,いねむり,Ngủ Gật,
居酒屋,vocab,16,"居,酒,屋",N/A,N/A,N/A,N/A,いざかや,いざかや,Izakaya,Quán Nhậu
居間,vocab,13,"居,間",N/A,N/A,N/A,N/A,いま,いま,Phòng Khách,
屈む,vocab,49,屈,N/A,N/A,N/A,N/A,かがむ,かがむ,Cúi Người,
届く,vocab,47,届,N/A,N/A,N/A,N/A,とどく,とどく,Được Gửi,Đến
届ける,vocab,47,届,N/A,N/A,N/A,N/A,とどける,とどける,Gửi,Giao
屋上,vocab,17,"屋,上",N/A,N/A,N/A,N/A,おくじょう,おくじょう,Sân Thượng,Tầng Thượng
屋台,vocab,16,"屋,台",N/A,N/A,N/A,N/A,やたい,やたい,Yatai,Quầy Hàng Rong
屋根,vocab,50,"屋,根",N/A,N/A,N/A,N/A,やね,やね,Nóc,Mái
展望,vocab,20,"展,望",N/A,N/A,N/A,N/A,てんぼう,てんぼう,Triển Vọng,
展示,vocab,19,"展,示",N/A,N/A,N/A,N/A,てんじ,てんじ,Trưng Bày,
展覧会,vocab,40,"展,覧,会",N/A,N/A,N/A,N/A,てんらんかい,てんらんかい,Triển Lãm,
展開,vocab,19,"展,開",N/A,N/A,N/A,N/A,てんかい,てんかい,Triển Khai,Diễn Biến
属する,vocab,64,属,N/A,N/A,N/A,N/A,ぞくする,ぞくする,Thuộc,
属性,vocab,64,"属,性",N/A,N/A,N/A,N/A,ぞくせい,ぞくせい,Thuộc Tính,
履き物,vocab,34,"履,物",N/A,N/A,N/A,N/A,はきもの,はきもの,Giày Dép,
履く,vocab,34,履,N/A,N/A,N/A,N/A,はく,はく,Đi Giày,
履歴,vocab,34,"履,歴",N/A,N/A,N/A,N/A,りれき,りれき,Lý Lịch,
山,vocab,1,山,N/A,N/A,N/A,N/A,やま,やま,Núi,
山林,vocab,4,"山,林",N/A,N/A,N/A,N/A,さんりん,さんりん,Núi Rừng,Sơn Lâm
山脈,vocab,56,"山,脈",N/A,N/A,N/A,N/A,さんみゃく,さんみゃく,Dãy Núi,
山葵,vocab,67,"山,葵",N/A,N/A,N/A,N/A,わさび,わさび,Wasabi,
山頂,vocab,58,"山,頂",N/A,N/A,N/A,N/A,さんちょう,さんちょう,Đỉnh Núi,
岡山市,vocab,49,"岡,山,市",N/A,N/A,N/A,N/A,おかやまし,おかやまし,Okayamashi,Thành Phố Okayama
岩,vocab,48,岩,N/A,N/A,N/A,N/A,いわ,いわ,Tảng Đá,
岩石,vocab,48,"岩,石",N/A,N/A,N/A,N/A,がんせき,がんせき,Đá,
岸,vocab,44,岸,N/A,N/A,N/A,N/A,きし,きし,Bờ,
峠,vocab,55,峠,N/A,N/A,N/A,N/A,とうげ,とうげ,Đèo,Cao Trào
島,vocab,21,島,N/A,N/A,N/A,N/A,しま,しま,Đảo,
崇拝,vocab,62,"崇,拝",N/A,N/A,N/A,N/A,すうはい,すうはい,Sùng Bái,
崩す,vocab,30,崩,N/A,N/A,N/A,N/A,くずす,くずす,Phá Hủy,
崩れる,vocab,30,崩,N/A,N/A,N/A,N/A,くずれる,くずれる,Sụp Đổ,
崩壊,vocab,30,"崩,壊",N/A,N/A,N/A,N/A,ほうかい,ほうかい,Sụp Đổ,
嵐,vocab,47,嵐,N/A,N/A,N/A,N/A,あらし,あらし,Dông Tố,Bão
川,vocab,1,川,N/A,N/A,N/A,N/A,かわ,かわ,Sông,
川岸,vocab,44,"川,岸",N/A,N/A,N/A,N/A,かわぎし,かわぎし,Bờ Sông,
川崎市,vocab,62,"川,崎,市",N/A,N/A,N/A,N/A,かわさきし,かわさきし,Kawasakishi,Thành Phố Kawasaki
川沿い,vocab,44,"川,沿",N/A,N/A,N/A,N/A,かわぞい,かわぞい,Ven Sông,
巡る,vocab,37,巡,N/A,N/A,N/A,N/A,めぐる,めぐる,Vòng Quanh,Dạo Quanh
巡査,vocab,37,"巡,査",N/A,N/A,N/A,N/A,じゅんさ,じゅんさ,Tuần Cảnh,Cảnh Sát Tuần Tra
巣,vocab,45,巣,N/A,N/A,N/A,N/A,す,す,Tổ,Ổ
工場,vocab,10,"工,場",N/A,N/A,N/A,N/A,こうじょう,こうじょう,Nhà Máy,Xưởng
工業,vocab,15,"工,業",N/A,N/A,N/A,N/A,こうぎょう,こうぎょう,Công Nghiệp,
左,vocab,4,左,N/A,N/A,N/A,N/A,ひだり,ひだり,Trái,
左利き,vocab,18,"左,利",N/A,N/A,N/A,N/A,ひだりきき,ひだりきき,Thuận Tay Trái,
左右,vocab,4,"左,右",N/A,N/A,N/A,N/A,さゆう,さゆう,Trái Phải,
左手,vocab,4,"左,手",N/A,N/A,N/A,N/A,ひだりて,ひだりて,Tay Trái,
左折,vocab,17,"左,折",N/A,N/A,N/A,N/A,させつ,させつ,Rẽ Trái,
左翼,vocab,70,"左,翼",N/A,N/A,N/A,N/A,さよく,さよく,Cánh Trái,Cánh Tả
巧み,vocab,31,巧,N/A,N/A,N/A,N/A,たくみ,たくみ,Khéo Léo,
巧妙,vocab,31,"巧,妙",N/A,N/A,N/A,N/A,こうみょう,こうみょう,Tinh Vi,
巨人,vocab,22,"巨,人",N/A,N/A,N/A,N/A,きょじん,きょじん,Người Khổng Lồ,
巨大,vocab,22,"巨,大",N/A,N/A,N/A,N/A,きょだい,きょだい,Khổng Lồ,
差,vocab,54,差,N/A,N/A,N/A,N/A,さ,さ,Khác Biệt,Chênh Lệch
差し上げる,vocab,54,"差,上",N/A,N/A,N/A,N/A,さしあげる,さしあげる,Biếu,Tặng
差す,vocab,54,差,N/A,N/A,N/A,N/A,さす,さす,Chiếu,
差別,vocab,54,"差,別",N/A,N/A,N/A,N/A,さべつ,さべつ,Sabetsu,Phân Biệt Đối Xử
己,vocab,28,己,N/A,N/A,N/A,N/A,おのれ,おのれ,Bản Thân,
巻き寿司,vocab,20,"巻,寿,司",N/A,N/A,N/A,N/A,まきずし,まきずし,Makizushi,Sushi Cuộn
巻く,vocab,20,巻,N/A,N/A,N/A,N/A,まく,まく,Quấn,"Cuốn, Cuộn"
市,vocab,4,市,N/A,N/A,N/A,N/A,し,し,Thành Phố,
市場,vocab,10,"市,場",N/A,N/A,N/A,N/A,いちば,"いちば, しじょう",Chợ,Thị Trường
市役所,vocab,38,"市,役,所",N/A,N/A,N/A,N/A,しやくしょ,しやくしょ,Tòa Thị Chính,
市民,vocab,13,"市,民",N/A,N/A,N/A,N/A,しみん,しみん,Thị Dân,
布,vocab,11,布,N/A,N/A,N/A,N/A,ぬの,ぬの,Vải,
布団,vocab,12,"布,団",N/A,N/A,N/A,N/A,ふとん,ふとん,Futon,
布巾,vocab,11,"布,巾",N/A,N/A,N/A,N/A,ふきん,ふきん,Khăn Lau,
希望,vocab,20,"希,望",N/A,N/A,N/A,N/A,きぼう,きぼう,Hy Vọng,"Kỳ Vọng, Triển Vọng"
希望者,vocab,20,"希,望,者",N/A,N/A,N/A,N/A,きぼうしゃ,きぼうしゃ,Ứng Viên,
希薄,vocab,70,"希,薄",N/A,N/A,N/A,N/A,きはく,きはく,Mỏng Manh,Thưa Thớt
帝国,vocab,52,"帝,国",N/A,N/A,N/A,N/A,ていこく,ていこく,Đế Quốc,
帝政,vocab,52,"帝,政",N/A,N/A,N/A,N/A,ていせい,ていせい,Đế Chế,
師匠,vocab,29,"師,匠",N/A,N/A,N/A,N/A,ししょう,ししょう,Sư Phụ,
席,vocab,27,席,N/A,N/A,N/A,N/A,せき,せき,Chỗ Ngồi,
帯,vocab,28,帯,N/A,N/A,N/A,N/A,おび,おび,Obi,Thắt Lưng Kimono
帰り道,vocab,18,"帰,道",N/A,N/A,N/A,N/A,かえりみち,かえりみち,Đường Về,
帰る,vocab,18,帰,N/A,N/A,N/A,N/A,かえる,かえる,Về,
帰化,vocab,18,"帰,化",N/A,N/A,N/A,N/A,きか,きか,Nhập Tịch,
帰宅,vocab,18,"帰,宅",N/A,N/A,N/A,N/A,きたく,きたく,Về Nhà,
常に,vocab,23,常,N/A,N/A,N/A,N/A,つねに,つねに,Luôn Luôn,
常勤,vocab,32,"常,勤",N/A,N/A,N/A,N/A,じょうきん,じょうきん,Thường Trực,
常用,vocab,23,"常,用",N/A,N/A,N/A,N/A,じょうよう,じょうよう,Thông Dụng,
常識,vocab,32,"常,識",N/A,N/A,N/A,N/A,じょうしき,じょうしき,Thường Thức,Lẽ Thường
常連,vocab,32,"常,連",N/A,N/A,N/A,N/A,じょうれん,じょうれん,Khách Quen,
帽子,vocab,64,"帽,子",N/A,N/A,N/A,N/A,ぼうし,ぼうし,Mũ,Nón
幅,vocab,64,幅,N/A,N/A,N/A,N/A,はば,はば,Chiều Rộng,
幕,vocab,36,幕,N/A,N/A,N/A,N/A,まく,まく,Màn,Rèm
幕府,vocab,44,"幕,府",N/A,N/A,N/A,N/A,ばくふ,ばくふ,Bakufu,Mạc Phủ
干し物,vocab,10,"干,物",N/A,N/A,N/A,N/A,ほしもの,ほしもの,Đồ Phơi Khô,
干す,vocab,4,干,N/A,N/A,N/A,N/A,ほす,ほす,Phơi Khô,
干渉,vocab,62,"干,渉",N/A,N/A,N/A,N/A,かんしょう,かんしょう,Can Thiệp,
平ら,vocab,5,平,N/A,N/A,N/A,N/A,たいら,たいら,Phẳng,
平仮名,vocab,12,"平,仮,名",N/A,N/A,N/A,N/A,ひらがな,ひらがな,Hiragana,
平凡,vocab,5,"平,凡",N/A,N/A,N/A,N/A,へいぼん,へいぼん,Bình Thường,
平和,vocab,5,"平,和",N/A,N/A,N/A,N/A,へいわ,へいわ,Hòa Bình,
平均,vocab,11,"平,均",N/A,N/A,N/A,N/A,へいきん,へいきん,Trung Bình,Bình Quân
平均点,vocab,11,"平,均,点",N/A,N/A,N/A,N/A,へいきんてん,へいきんてん,Điểm Trung Bình,
平成時代,vocab,9,"平,成,時,代",N/A,N/A,N/A,N/A,へいせいじだい,へいせいじだい,Heiseijidai,Thời Đại Heisei
平日,vocab,5,"平,日",N/A,N/A,N/A,N/A,へいじつ,へいじつ,Ngày Thường,
平気,vocab,7,"平,気",N/A,N/A,N/A,N/A,へいき,へいき,Ổn,Bình Thản
平泳ぎ,vocab,20,"平,泳",N/A,N/A,N/A,N/A,ひらおよぎ,ひらおよぎ,Bơi Ếch,
平穏,vocab,70,"平,穏",N/A,N/A,N/A,N/A,へいおん,へいおん,Bình Ổn,
平等,vocab,37,"平,等",N/A,N/A,N/A,N/A,びょうどう,びょうどう,Bình Đẳng,
平静,vocab,21,"平,静",N/A,N/A,N/A,N/A,へいせい,へいせい,Thanh Bình,Bình Tĩnh
年,vocab,8,年,N/A,N/A,N/A,N/A,とし,とし,Năm,Tuổi
年上,vocab,8,"年,上",N/A,N/A,N/A,N/A,としうえ,としうえ,Trên Tuổi,Hơn Tuổi
年下,vocab,8,"年,下",N/A,N/A,N/A,N/A,としした,としした,Dưới Tuổi,Kém Tuổi
年中,vocab,10,"年,中",N/A,N/A,N/A,N/A,ねんじゅう,ねんじゅう,Quanh Năm,
年代,vocab,8,"年,代",N/A,N/A,N/A,N/A,ねんだい,ねんだい,Niên Đại,
年内,vocab,8,"年,内",N/A,N/A,N/A,N/A,ねんない,ねんない,Trong Năm,
年月日,vocab,8,"年,月,日",N/A,N/A,N/A,N/A,ねんがっぴ,ねんがっぴ,Ngày,Năm Tháng Ngày
年末,vocab,11,"年,末",N/A,N/A,N/A,N/A,ねんまつ,ねんまつ,Cuối Năm,
年賀状,vocab,50,"年,賀,状",N/A,N/A,N/A,N/A,ねんがじょう,ねんがじょう,Thiệp Mừng,Thiệp Năm Mới
年齢,vocab,50,"年,齢",N/A,N/A,N/A,N/A,ねんれい,ねんれい,Tuổi,
年齢層,vocab,60,"年,齢,層",N/A,N/A,N/A,N/A,ねんれいそう,ねんれいそう,Nhóm Tuổi,
幸い,vocab,15,幸,N/A,N/A,N/A,N/A,さいわい,さいわい,May Mắn,
幸せ,vocab,15,幸,N/A,N/A,N/A,N/A,しあわせ,しあわせ,Hạnh Phúc,
幸福,vocab,49,"幸,福",N/A,N/A,N/A,N/A,こうふく,こうふく,Hạnh Phúc,
幸運,vocab,19,"幸,運",N/A,N/A,N/A,N/A,こううん,こううん,May Mắn,
幹,vocab,17,幹,N/A,N/A,N/A,N/A,みき,みき,Thân Cây,
幹部,vocab,17,"幹,部",N/A,N/A,N/A,N/A,かんぶ,かんぶ,Cán Bộ,
幻,vocab,33,幻,N/A,N/A,N/A,N/A,まぼろし,まぼろし,Ảo Giác,"Ảo Tưởng, Rất Hiếm"
幻想,vocab,33,"幻,想",N/A,N/A,N/A,N/A,げんそう,げんそう,Ảo Tưởng,
幻覚,vocab,33,"幻,覚",N/A,N/A,N/A,N/A,げんかく,げんかく,Ảo Giác,
幼い,vocab,34,幼,N/A,N/A,N/A,N/A,おさない,おさない,Trẻ Con,Ngây Thơ
幼児,vocab,39,"幼,児",N/A,N/A,N/A,N/A,ようじ,ようじ,Trẻ Con,
幼稚,vocab,34,"幼,稚",N/A,N/A,N/A,N/A,ようち,ようち,Trẻ Con,
幼稚園,vocab,34,"幼,稚,園",N/A,N/A,N/A,N/A,ようちえん,ようちえん,Trường Mẫu Giáo,
幼馴染,vocab,62,"幼,馴,染",N/A,N/A,N/A,N/A,おさななじみ,おさななじみ,BTTA,Bạn Thời Thơ Ấu
幽霊,vocab,54,"幽,霊",N/A,N/A,N/A,N/A,ゆうれい,ゆうれい,Ma,
幾つ,vocab,46,幾,N/A,N/A,N/A,N/A,いくつ,いくつ,Bao Nhiêu,
幾ら,vocab,46,幾,N/A,N/A,N/A,N/A,いくら,いくら,Bao Nhiêu,
庁舎,vocab,50,"庁,舎",N/A,N/A,N/A,N/A,ちょうしゃ,ちょうしゃ,Chousha,Tòa Nhà Văn Phòng Chính Phủ
広い,vocab,8,広,N/A,N/A,N/A,N/A,ひろい,ひろい,Rộng,
広がる,vocab,8,広,N/A,N/A,N/A,N/A,ひろがる,ひろがる,Lan Rộng,
広げる,vocab,8,広,N/A,N/A,N/A,N/A,ひろげる,ひろげる,Mở Rộng,
広告,vocab,10,"広,告",N/A,N/A,N/A,N/A,こうこく,こうこく,Quảng Cáo,
広場,vocab,10,"広,場",N/A,N/A,N/A,N/A,ひろば,ひろば,Quảng Trường,
広島県,vocab,21,"広,島,県",N/A,N/A,N/A,N/A,ひろしまけん,ひろしまけん,Hiroshimaken,Tỉnh Hiroshima
床,vocab,19,床,N/A,N/A,N/A,N/A,ゆか,ゆか,Sàn,
床屋,vocab,19,"床,屋",N/A,N/A,N/A,N/A,とこや,とこや,Hiệu Tóc,Tiệm Cắt Tóc
底,vocab,44,底,N/A,N/A,N/A,N/A,そこ,そこ,Đáy,
底力,vocab,44,"底,力",N/A,N/A,N/A,N/A,そこぢから,そこぢから,Tiềm Lực,
店員,vocab,16,"店,員",N/A,N/A,N/A,N/A,てんいん,てんいん,Nhân Viên,Nhân Viên Tiệm
店舗,vocab,69,"店,舗",N/A,N/A,N/A,N/A,てんぽ,てんぽ,Cửa Hàng,Cửa Hiệu
店長,vocab,16,"店,長",N/A,N/A,N/A,N/A,てんちょう,てんちょう,Tiệm Trưởng,
度胸,vocab,55,"度,胸",N/A,N/A,N/A,N/A,どきょう,どきょう,Can Đảm,
座る,vocab,10,座,N/A,N/A,N/A,N/A,すわる,すわる,Ngồi,
座席,vocab,27,"座,席",N/A,N/A,N/A,N/A,ざせき,ざせき,Chỗ Ngồi,
座禅,vocab,33,"座,禅",N/A,N/A,N/A,N/A,ざぜん,ざぜん,Ngồi Thiền,Tọa Thiền
庫,vocab,21,庫,N/A,N/A,N/A,N/A,くら,くら,Kho,
庭,vocab,54,庭,N/A,N/A,N/A,N/A,にわ,にわ,Vườn,Sân
庭園,vocab,54,"庭,園",N/A,N/A,N/A,N/A,ていえん,ていえん,Vườn,
廃棄,vocab,66,"廃,棄",N/A,N/A,N/A,N/A,はいき,はいき,Tiêu Hủy,
廃止,vocab,66,"廃,止",N/A,N/A,N/A,N/A,はいし,はいし,Hủy Bỏ,
廊下,vocab,65,"廊,下",N/A,N/A,N/A,N/A,ろうか,ろうか,Hành Lang,
延ばす,vocab,44,延,N/A,N/A,N/A,N/A,のばす,のばす,Hoãn,Kéo Dài
延びる,vocab,44,延,N/A,N/A,N/A,N/A,のびる,のびる,Bị Hoãn,Bị Kéo Dài
延期,vocab,44,"延,期",N/A,N/A,N/A,N/A,えんき,えんき,Hoãn,
延長,vocab,44,"延,長",N/A,N/A,N/A,N/A,えんちょう,えんちょう,Kéo Dài,
建つ,vocab,17,建,N/A,N/A,N/A,N/A,たつ,たつ,Được Xây,
建てる,vocab,17,建,N/A,N/A,N/A,N/A,たてる,たてる,Xây,
建前,vocab,17,"建,前",N/A,N/A,N/A,N/A,たてまえ,たてまえ,Tatemae,"Thảo Mai, Vỏ Bọc Lịch Sự Khi Xã Giao"
建物,vocab,17,"建,物",N/A,N/A,N/A,N/A,たてもの,たてもの,Tòa Nhà,
建築,vocab,21,"建,築",N/A,N/A,N/A,N/A,けんちく,けんちく,Kiến Trúc,
建築家,vocab,21,"建,築,家",N/A,N/A,N/A,N/A,けんちくか,けんちくか,Kiến Trúc Sư,
建設,vocab,36,"建,設",N/A,N/A,N/A,N/A,けんせつ,けんせつ,Kiến Thiết,Xây Dựng
弁償,vocab,60,"弁,償",N/A,N/A,N/A,N/A,べんしょう,べんしょう,Bồi Thường,
弁当,vocab,19,"弁,当",N/A,N/A,N/A,N/A,べんとう,べんとう,Bentou,Cơm Hộp
弁明,vocab,19,"弁,明",N/A,N/A,N/A,N/A,べんめい,べんめい,Biện Minh,
弁護士,vocab,45,"弁,護,士",N/A,N/A,N/A,N/A,べんごし,べんごし,Luật Sư,
式,vocab,23,式,N/A,N/A,N/A,N/A,しき,しき,Lễ,Nghi Thức
弓,vocab,7,弓,N/A,N/A,N/A,N/A,ゆみ,ゆみ,Cung,
弓矢,vocab,7,"弓,矢",N/A,N/A,N/A,N/A,ゆみや,ゆみや,Cung Và Tên,
弓道,vocab,7,"弓,道",N/A,N/A,N/A,N/A,きゅうどう,きゅうどう,Cung Đạo,
引き出し,vocab,25,"引,出",N/A,N/A,N/A,N/A,ひきだし,ひきだし,Ngăn Kéo,
引き取る,vocab,25,"引,取",N/A,N/A,N/A,N/A,ひきとる,ひきとる,Nhận,Nhận Nuôi
引き算,vocab,25,"引,算",N/A,N/A,N/A,N/A,ひきざん,ひきざん,Phép Trừ,
引き継ぐ,vocab,62,"引,継",N/A,N/A,N/A,N/A,ひきつぐ,ひきつぐ,Tiếp Quản,
引き続き,vocab,46,"引,続",N/A,N/A,N/A,N/A,ひきつづき,ひきつづき,Tiếp Tục,
引き締める,vocab,69,"引,締",N/A,N/A,N/A,N/A,ひきしめる,ひきしめる,Siết Chặt,
引く,vocab,25,引,N/A,N/A,N/A,N/A,ひく,ひく,Kéo,"Rút, Trừ"
引っ張る,vocab,32,"引,張",N/A,N/A,N/A,N/A,ひっぱる,ひっぱる,Kéo,
引っ掛かる,vocab,26,"引,掛",N/A,N/A,N/A,N/A,ひっかかる,ひっかかる,Vướng,Mắc
引っ越す,vocab,46,"引,越",N/A,N/A,N/A,N/A,ひっこす,ひっこす,Chuyển Nhà,
引退,vocab,27,"引,退",N/A,N/A,N/A,N/A,いんたい,いんたい,Giải Nghệ,
弟,vocab,16,弟,N/A,N/A,N/A,N/A,おとうと,おとうと,Em Trai,
弟子,vocab,16,"弟,子",N/A,N/A,N/A,N/A,でし,でし,Đệ Tử,
弱い,vocab,11,弱,N/A,N/A,N/A,N/A,よわい,よわい,Yếu,
弱火,vocab,11,"弱,火",N/A,N/A,N/A,N/A,よわび,よわび,Lửa Nhỏ,
弱点,vocab,11,"弱,点",N/A,N/A,N/A,N/A,じゃくてん,じゃくてん,Điểm Yếu,Nhược Điểm
張り切る,vocab,58,"張,切",N/A,N/A,N/A,N/A,はりきる,はりきる,Hăng Hái,
張る,vocab,32,張,N/A,N/A,N/A,N/A,はる,はる,Căng,
強い,vocab,11,強,N/A,N/A,N/A,N/A,つよい,つよい,Mạnh,Khỏe
強いて,vocab,14,強,N/A,N/A,N/A,N/A,しいて,しいて,Phải,Nếu Phải
強制,vocab,51,"強,制",N/A,N/A,N/A,N/A,きょうせい,きょうせい,Bắt Buộc,Cưỡng Chế
強力,vocab,11,"強,力",N/A,N/A,N/A,N/A,きょうりょく,きょうりょく,Cường Lực,Mạnh Mẽ
強火,vocab,11,"強,火",N/A,N/A,N/A,N/A,つよび,つよび,Lửa To,
強烈,vocab,42,"強,烈",N/A,N/A,N/A,N/A,きょうれつ,きょうれつ,Gắt,"Rõ, Mạnh"
強盗,vocab,31,"強,盗",N/A,N/A,N/A,N/A,ごうとう,ごうとう,Cướp,
強調,vocab,36,"強,調",N/A,N/A,N/A,N/A,きょうちょう,きょうちょう,Nhấn Mạnh,
弾く,vocab,44,弾,N/A,N/A,N/A,N/A,ひく,ひく,Chơi,
弾む,vocab,43,弾,N/A,N/A,N/A,N/A,はずむ,はずむ,Nảy,
弾丸,vocab,43,"弾,丸",N/A,N/A,N/A,N/A,だんがん,だんがん,Viên Đạn,
弾力,vocab,43,"弾,力",N/A,N/A,N/A,N/A,だんりょく,だんりょく,Độ Dẻo,Độ Đàn Hồi
当たり前,vocab,19,"当,前",N/A,N/A,N/A,N/A,あたりまえ,あたりまえ,Đương Nhiên,
当たる,vocab,19,当,N/A,N/A,N/A,N/A,あたる,あたる,Trúng,Đúng
当てはまる,vocab,20,当,N/A,N/A,N/A,N/A,あてはまる,あてはまる,Phù Hợp,"Được Áp Dụng, Có Thể Áp Dụng"
当てはめる,vocab,20,当,N/A,N/A,N/A,N/A,あてはめる,あてはめる,Áp Dụng,
当てる,vocab,19,当,N/A,N/A,N/A,N/A,あてる,あてる,Đoán,
当て逃げ,vocab,27,"当,逃",N/A,N/A,N/A,N/A,あてにげ,あてにげ,Atenige,Gây Tai Nạn Rồi Chạy
当時,vocab,19,"当,時",N/A,N/A,N/A,N/A,とうじ,とうじ,Ngày Ấy,Hồi Ấy
当然,vocab,26,"当,然",N/A,N/A,N/A,N/A,とうぜん,とうぜん,Đương Nhiên,
当番,vocab,37,"当,番",N/A,N/A,N/A,N/A,とうばん,とうばん,Lượt,Phiên
形,vocab,23,形,N/A,N/A,N/A,N/A,かたち,かたち,Hình Dáng,Hình Thức
形式,vocab,23,"形,式",N/A,N/A,N/A,N/A,けいしき,けいしき,Hình Thức,
形見,vocab,23,"形,見",N/A,N/A,N/A,N/A,かたみ,かたみ,Kỷ Vật,
彩る,vocab,62,彩,N/A,N/A,N/A,N/A,いろどる,いろどる,Tô Màu,
彫る,vocab,43,彫,N/A,N/A,N/A,N/A,ほる,ほる,Điêu Khắc,Khắc
彫刻,vocab,43,"彫,刻",N/A,N/A,N/A,N/A,ちょうこく,ちょうこく,Điêu Khắc,
影,vocab,31,影,N/A,N/A,N/A,N/A,かげ,かげ,Cái Bóng,Bóng
影響,vocab,31,"影,響",N/A,N/A,N/A,N/A,えいきょう,えいきょう,Ảnh Hưởng,
影響力,vocab,31,"影,響,力",N/A,N/A,N/A,N/A,えいきょうりょく,えいきょうりょく,Sức Ảnh Hưởng,
役,vocab,38,役,N/A,N/A,N/A,N/A,やく,やく,Vai Trò,
役に立つ,vocab,38,"役,立",N/A,N/A,N/A,N/A,やくにたつ,やくにたつ,Có Ích,
役割,vocab,38,"役,割",N/A,N/A,N/A,N/A,やくわり,やくわり,Vai Trò,
役目,vocab,38,"役,目",N/A,N/A,N/A,N/A,やくめ,やくめ,Trách Nhiệm,
彼,vocab,15,彼,N/A,N/A,N/A,N/A,かれ,かれ,Anh Ấy,
彼女,vocab,15,"彼,女",N/A,N/A,N/A,N/A,かのじょ,かのじょ,Bạn Gái,Cô Ấy
彼氏,vocab,15,"彼,氏",N/A,N/A,N/A,N/A,かれし,かれし,Bạn Trai,
往復,vocab,49,"往,復",N/A,N/A,N/A,N/A,おうふく,おうふく,Khứ Hồi,
往来,vocab,49,"往,来",N/A,N/A,N/A,N/A,おうらい,おうらい,Đi Lại,
待たす,vocab,9,待,N/A,N/A,N/A,N/A,またす,またす,Làm Đợi,Làm Chờ
待ち伏せる,vocab,30,"待,伏",N/A,N/A,N/A,N/A,まちぶせる,まちぶせる,Mai Phục,
待つ,vocab,9,待,N/A,N/A,N/A,N/A,まつ,まつ,Đợi,Chờ
待合室,vocab,17,"待,合,室",N/A,N/A,N/A,N/A,まちあいしつ,まちあいしつ,Phòng Chờ,
待機,vocab,32,"待,機",N/A,N/A,N/A,N/A,たいき,たいき,Đợi,Chờ
待遇,vocab,43,"待,遇",N/A,N/A,N/A,N/A,たいぐう,たいぐう,Đãi Ngộ,
後,vocab,8,後,N/A,N/A,N/A,N/A,あと,"あと, ご",Sau,
後ろ,vocab,8,後,N/A,N/A,N/A,N/A,うしろ,うしろ,Đằng Sau,Sau
後ろ盾,vocab,35,"後,盾",N/A,N/A,N/A,N/A,うしろだて,うしろだて,Hậu Thuẫn,
後悔,vocab,36,"後,悔",N/A,N/A,N/A,N/A,こうかい,こうかい,Hối Hận,
後輩,vocab,24,"後,輩",N/A,N/A,N/A,N/A,こうはい,こうはい,Hậu Bối,
徐々に,vocab,57,"徐,々",N/A,N/A,N/A,N/A,じょじょに,じょじょに,Từ Từ,Dần Dần
徐行,vocab,57,"徐,行",N/A,N/A,N/A,N/A,じょこう,じょこう,Đi Chậm,
徒歩,vocab,54,"徒,歩",N/A,N/A,N/A,N/A,とほ,とほ,Đi Bộ,
従う,vocab,56,従,N/A,N/A,N/A,N/A,したがう,したがう,Tuân Theo,
従兄弟,vocab,56,"従,兄,弟",N/A,N/A,N/A,N/A,いとこ,いとこ,Anh Họ,Em Trai Họ
従姉妹,vocab,56,"従,姉,妹",N/A,N/A,N/A,N/A,いとこ,いとこ,Chị Họ,Em Gái Họ
従来,vocab,56,"従,来",N/A,N/A,N/A,N/A,じゅうらい,じゅうらい,Thông Thường,"Truyền Thống, Cho Đến Nay"
従業員,vocab,56,"従,業,員",N/A,N/A,N/A,N/A,じゅうぎょういん,じゅうぎょういん,Nhân Viên,
得る,vocab,33,得,N/A,N/A,N/A,N/A,える,える,Có Được,Nhận Được
得意,vocab,33,"得,意",N/A,N/A,N/A,N/A,とくい,とくい,Giỏi,
得点,vocab,33,"得,点",N/A,N/A,N/A,N/A,とくてん,とくてん,Ghi Điểm,
御免,vocab,46,"御,免",N/A,N/A,N/A,N/A,ごめん,ごめん,Xin Lỗi,
御利益,vocab,47,"御,利,益",N/A,N/A,N/A,N/A,ごりやく,ごりやく,Linh,Linh Thiêng
御洒落,vocab,46,"御,洒,落",N/A,N/A,N/A,N/A,おしゃれ,おしゃれ,Sành Điệu,
御目出度う,vocab,46,"御,目,出,度",N/A,N/A,N/A,N/A,おめでとう,おめでとう,Chúc Mừng,
御飯,vocab,46,"御,飯",N/A,N/A,N/A,N/A,ごはん,ごはん,Cơm,Bữa Ăn
復唱,vocab,61,"復,唱",N/A,N/A,N/A,N/A,ふくしょう,ふくしょう,Nhắc Lại,
復旧,vocab,49,"復,旧",N/A,N/A,N/A,N/A,ふっきゅう,ふっきゅう,Khôi Phục,
復習,vocab,49,"復,習",N/A,N/A,N/A,N/A,ふくしゅう,ふくしゅう,Ôn Bài,
循環,vocab,41,"循,環",N/A,N/A,N/A,N/A,じゅんかん,じゅんかん,Vòng Quanh,Tuần Hoàn
循環器,vocab,41,"循,環,器",N/A,N/A,N/A,N/A,じゅんかんき,じゅんかんき,Hệ Tuần Hoàn,
微か,vocab,66,微,N/A,N/A,N/A,N/A,かすか,かすか,Mơ Hồ,Loáng Thoáng
微妙,vocab,66,"微,妙",N/A,N/A,N/A,N/A,びみょう,びみょう,Tinh Tế,Mơ Hồ
微笑む,vocab,66,"微,笑",N/A,N/A,N/A,N/A,ほほえむ,ほほえむ,Mỉm Cười,
徹する,vocab,44,徹,N/A,N/A,N/A,N/A,てっする,てっする,Thâu,Chuyên Tâm
徹夜,vocab,44,"徹,夜",N/A,N/A,N/A,N/A,てつや,てつや,Thâu Đêm,Thức Trắng Đêm
徹底,vocab,44,"徹,底",N/A,N/A,N/A,N/A,てってい,てってい,Triệt Để,
心,vocab,5,心,N/A,N/A,N/A,N/A,こころ,こころ,Tim,"Tâm, Trái Tim"
心地,vocab,27,"心,地",N/A,N/A,N/A,N/A,ここち,ここち,Cảm Giác,
心当たり,vocab,30,"心,当",N/A,N/A,N/A,N/A,こころあたり,こころあたり,Manh Mối,
心得る,vocab,53,"心,得",N/A,N/A,N/A,N/A,こころえる,こころえる,Am Hiểu,
心拍,vocab,29,"心,拍",N/A,N/A,N/A,N/A,しんぱく,しんぱく,Nhịp Tim,
心理,vocab,13,"心,理",N/A,N/A,N/A,N/A,しんり,しんり,Tâm Lý,
心臓,vocab,43,"心,臓",N/A,N/A,N/A,N/A,しんぞう,しんぞう,Tim,Quả Tim
心配,vocab,54,"心,配",N/A,N/A,N/A,N/A,しんぱい,しんぱい,Lo Lắng,
必ず,vocab,11,必,N/A,N/A,N/A,N/A,かならず,かならず,Nhất Định,Phải
必勝,vocab,18,"必,勝",N/A,N/A,N/A,N/A,ひっしょう,ひっしょう,Tất Thắng,
必死,vocab,11,"必,死",N/A,N/A,N/A,N/A,ひっし,ひっし,Cuống Cuồng,
必要,vocab,11,"必,要",N/A,N/A,N/A,N/A,ひつよう,ひつよう,Cần Thiết,Tất Yếu
必需品,vocab,40,"必,需,品",N/A,N/A,N/A,N/A,ひつじゅひん,ひつじゅひん,Nhu Yếu Phẩm,
必須,vocab,67,"必,須",N/A,N/A,N/A,N/A,ひっす,ひっす,Bắt Buộc,
忍び,vocab,30,忍,N/A,N/A,N/A,N/A,しのび,しのび,Shinobi,
忍者,vocab,30,"忍,者",N/A,N/A,N/A,N/A,にんじゃ,にんじゃ,Ninja,
忍耐,vocab,30,"忍,耐",N/A,N/A,N/A,N/A,にんたい,にんたい,Kiên Nhẫn,Nhẫn Nại
忍耐力,vocab,30,"忍,耐,力",N/A,N/A,N/A,N/A,にんたいりょく,にんたいりょく,Sự Kiên Nhẫn,Sự Nhẫn Nại
志す,vocab,40,志,N/A,N/A,N/A,N/A,こころざす,こころざす,Quyết Chí,
志望,vocab,40,"志,望",N/A,N/A,N/A,N/A,しぼう,しぼう,Khát Vọng,
忘れる,vocab,28,忘,N/A,N/A,N/A,N/A,わすれる,わすれる,Quên,
忘れ物,vocab,28,"忘,物",N/A,N/A,N/A,N/A,わすれもの,わすれもの,Đồ Bỏ Quên,Quên Đồ
忘却,vocab,42,"忘,却",N/A,N/A,N/A,N/A,ぼうきゃく,ぼうきゃく,Lãng Quên,
忘年会,vocab,28,"忘,年,会",N/A,N/A,N/A,N/A,ぼうねんかい,ぼうねんかい,Bounenkai,Tiệc Cuối Năm
忙しい,vocab,34,忙,N/A,N/A,N/A,N/A,いそがしい,いそがしい,Bận,
応じる,vocab,41,応,N/A,N/A,N/A,N/A,おうじる,おうじる,Đáp Ứng,
応募,vocab,49,"応,募",N/A,N/A,N/A,N/A,おうぼ,おうぼ,Ứng Tuyển,
応援,vocab,41,"応,援",N/A,N/A,N/A,N/A,おうえん,おうえん,Cổ Vũ,
忠実,vocab,10,"忠,実",N/A,N/A,N/A,N/A,ちゅうじつ,ちゅうじつ,Trung Thực,
忠誠,vocab,10,"忠,誠",N/A,N/A,N/A,N/A,ちゅうせい,ちゅうせい,Trung Thành,
快い,vocab,39,快,N/A,N/A,N/A,N/A,こころよい,こころよい,Thoải Mái,
快晴,vocab,63,"快,晴",N/A,N/A,N/A,N/A,かいせい,かいせい,Trời Đẹp,
快楽,vocab,39,"快,楽",N/A,N/A,N/A,N/A,かいらく,かいらく,Khoái Lạc,
快適,vocab,40,"快,適",N/A,N/A,N/A,N/A,かいてき,かいてき,Dễ Chịu,
怒り,vocab,28,怒,N/A,N/A,N/A,N/A,いかり,いかり,Sự Tức Giận,Cơn Giận
怒る,vocab,28,怒,N/A,N/A,N/A,N/A,おこる,おこる,Tức Giận,Giận
怒鳴る,vocab,28,"怒,鳴",N/A,N/A,N/A,N/A,どなる,どなる,Quát,
怖い,vocab,43,怖,N/A,N/A,N/A,N/A,こわい,こわい,Đáng Sợ,
怖がる,vocab,43,怖,N/A,N/A,N/A,N/A,こわがる,こわがる,Sợ,
思い付く,vocab,17,"思,付",N/A,N/A,N/A,N/A,おもいつく,おもいつく,Nghĩ Ra,
思い出,vocab,17,"思,出",N/A,N/A,N/A,N/A,おもいで,おもいで,Kỷ Niệm,
思い出す,vocab,17,"思,出",N/A,N/A,N/A,N/A,おもいだす,おもいだす,Nhớ Ra,Nhớ Lại
思う,vocab,17,思,N/A,N/A,N/A,N/A,おもう,おもう,Nghĩ,
思想,vocab,30,"思,想",N/A,N/A,N/A,N/A,しそう,しそう,Tư Tưởng,
思春期,vocab,18,"思,春,期",N/A,N/A,N/A,N/A,ししゅんき,ししゅんき,Tuổi Dậy Thì,
怠い,vocab,52,怠,N/A,N/A,N/A,N/A,だるい,だるい,Uể Oải,Phiền Phức
怠ける,vocab,52,怠,N/A,N/A,N/A,N/A,なまける,なまける,Lười,
怠け者,vocab,52,"怠,者",N/A,N/A,N/A,N/A,なまけもの,なまけもの,Đồ Lười,
怠る,vocab,52,怠,N/A,N/A,N/A,N/A,おこたる,おこたる,Bỏ Bê,
急ぐ,vocab,17,急,N/A,N/A,N/A,N/A,いそぐ,いそぐ,Vội,Nhanh Lên
急に,vocab,17,急,N/A,N/A,N/A,N/A,きゅうに,きゅうに,Đột Nhiên,
急激,vocab,42,"急,激",N/A,N/A,N/A,N/A,きゅうげき,きゅうげき,Đột Ngột,"Tăng Mạnh, Giảm Mạnh"
急行,vocab,17,"急,行",N/A,N/A,N/A,N/A,きゅうこう,きゅうこう,Tốc Hành,Tàu Tốc Hành
急騰,vocab,68,"急,騰",N/A,N/A,N/A,N/A,きゅうとう,きゅうとう,Tăng Đột Ngột,
性格,vocab,33,"性,格",N/A,N/A,N/A,N/A,せいかく,せいかく,Tính Cách,
性欲,vocab,32,"性,欲",N/A,N/A,N/A,N/A,せいよく,せいよく,Tính Dục,
性癖,vocab,70,"性,癖",N/A,N/A,N/A,N/A,せいへき,せいへき,Fetish,Sở Thích
怪しい,vocab,31,怪,N/A,N/A,N/A,N/A,あやしい,あやしい,Đáng Nghi,
怪我,vocab,31,"怪,我",N/A,N/A,N/A,N/A,けが,けが,Vết Thương,Bị Thương
怪物,vocab,31,"怪,物",N/A,N/A,N/A,N/A,かいぶつ,かいぶつ,Quái Vật,
怪獣,vocab,42,"怪,獣",N/A,N/A,N/A,N/A,かいじゅう,かいじゅう,Quái Thú,
怪談,vocab,33,"怪,談",N/A,N/A,N/A,N/A,かいだん,かいだん,Truyện Ma,
恋,vocab,21,恋,N/A,N/A,N/A,N/A,こい,こい,Tình Yêu,Yêu
恋人,vocab,21,"恋,人",N/A,N/A,N/A,N/A,こいびと,こいびと,Người Yêu,
恋愛,vocab,21,"恋,愛",N/A,N/A,N/A,N/A,れんあい,れんあい,Tình Yêu,Lãng Mạn
恐らく,vocab,44,恐,N/A,N/A,N/A,N/A,おそらく,おそらく,Có Lẽ,Khả Năng Cao Là
恐れる,vocab,43,恐,N/A,N/A,N/A,N/A,おそれる,おそれる,Sợ,
恐ろしい,vocab,43,恐,N/A,N/A,N/A,N/A,おそろしい,おそろしい,Đáng Sợ,
恐怖,vocab,43,"恐,怖",N/A,N/A,N/A,N/A,きょうふ,きょうふ,Nỗi Sợ,Sợ
恐慌,vocab,44,"恐,慌",N/A,N/A,N/A,N/A,きょうこう,きょうこう,Khủng Hoảng,
恐竜,vocab,44,"恐,竜",N/A,N/A,N/A,N/A,きょうりゅう,きょうりゅう,Khủng Long,
恥,vocab,54,恥,N/A,N/A,N/A,N/A,はじ,はじ,Sự Xấu Hổ,
恥ずかしい,vocab,54,恥,N/A,N/A,N/A,N/A,はずかしい,はずかしい,Xấu Hổ,
恨む,vocab,53,恨,N/A,N/A,N/A,N/A,うらむ,うらむ,Hận,
恩,vocab,56,恩,N/A,N/A,N/A,N/A,おん,おん,Ơn,
恩人,vocab,56,"恩,人",N/A,N/A,N/A,N/A,おんじん,おんじん,Ân Nhân,
恩恵,vocab,56,"恩,恵",N/A,N/A,N/A,N/A,おんけい,おんけい,Ân Huệ,
恩返し,vocab,56,"恩,返",N/A,N/A,N/A,N/A,おんがえし,おんがえし,Trả Ơn,
息,vocab,54,息,N/A,N/A,N/A,N/A,いき,いき,Hơi Thở,Sự Thở
息子,vocab,54,"息,子",N/A,N/A,N/A,N/A,むすこ,むすこ,Con Trai,
恵まれる,vocab,56,恵,N/A,N/A,N/A,N/A,めぐまれる,めぐまれる,Được Ban Cho,May Mắn
恵む,vocab,56,恵,N/A,N/A,N/A,N/A,めぐむ,めぐむ,Ban Cho,
悔しい,vocab,36,悔,N/A,N/A,N/A,N/A,くやしい,くやしい,Cay Cú,
悔やむ,vocab,36,悔,N/A,N/A,N/A,N/A,くやむ,くやむ,Thương Tiếc,Hối Hận
悟る,vocab,57,悟,N/A,N/A,N/A,N/A,さとる,さとる,Giác Ngộ,
悠々,vocab,62,"悠,々",N/A,N/A,N/A,N/A,ゆうゆう,ゆうゆう,Ung Dung,Thong Thả
患う,vocab,60,患,N/A,N/A,N/A,N/A,わずらう,わずらう,Bị Bệnh,
患者,vocab,60,"患,者",N/A,N/A,N/A,N/A,かんじゃ,かんじゃ,Bệnh Nhân,
患部,vocab,60,"患,部",N/A,N/A,N/A,N/A,かんぶ,かんぶ,Vết Thương,Bộ Phận Nhiễm Bệnh
悩む,vocab,36,悩,N/A,N/A,N/A,N/A,なやむ,なやむ,Trăn Trở,
悪い,vocab,12,悪,N/A,N/A,N/A,N/A,わるい,わるい,Tệ,
悪化,vocab,12,"悪,化",N/A,N/A,N/A,N/A,あっか,あっか,Tệ Đi,
悪口,vocab,12,"悪,口",N/A,N/A,N/A,N/A,わるぐち,わるぐち,Nói Xấu,
悪夢,vocab,23,"悪,夢",N/A,N/A,N/A,N/A,あくむ,あくむ,Ác Mộng,
悪徳,vocab,52,"悪,徳",N/A,N/A,N/A,N/A,あくとく,あくとく,Thất Đức,
悪戯,vocab,17,"悪,戯",N/A,N/A,N/A,N/A,いたずら,いたずら,Chơi Khăm,Nghịch Ngợm
悪魔,vocab,28,"悪,魔",N/A,N/A,N/A,N/A,あくま,あくま,Ác Ma,Ác Quỷ
悲しい,vocab,37,悲,N/A,N/A,N/A,N/A,かなしい,かなしい,Buồn,
悲しむ,vocab,37,悲,N/A,N/A,N/A,N/A,かなしむ,かなしむ,Buồn,
悲劇,vocab,38,"悲,劇",N/A,N/A,N/A,N/A,ひげき,ひげき,Bi Kịch,
悲報,vocab,57,"悲,報",N/A,N/A,N/A,N/A,ひほう,ひほう,Tin Buồn,
悲惨,vocab,38,"悲,惨",N/A,N/A,N/A,N/A,ひさん,ひさん,Bi Thảm,
悲観的,vocab,40,"悲,観,的",N/A,N/A,N/A,N/A,ひかんてき,ひかんてき,Bi Quan,
悲鳴,vocab,38,"悲,鳴",N/A,N/A,N/A,N/A,ひめい,ひめい,Tiếng Hét,
情け,vocab,21,情,N/A,N/A,N/A,N/A,なさけ,なさけ,Sự Cảm Thông,
情けない,vocab,21,情,N/A,N/A,N/A,N/A,なさけない,なさけない,Thảm Hại,Đáng Thương Hại
情報,vocab,21,"情,報",N/A,N/A,N/A,N/A,じょうほう,じょうほう,Thông Tin,
情緒,vocab,45,"情,緒",N/A,N/A,N/A,N/A,じょうちょ,"じょうちょ, じょうしょ",Cảm Xúc,
惑星,vocab,21,"惑,星",N/A,N/A,N/A,N/A,わくせい,わくせい,Hành Tinh,
惚け,vocab,58,惚,N/A,N/A,N/A,N/A,ぼけ,ぼけ,Đồ Ngốc,Đồ Ngu
惚れる,vocab,58,惚,N/A,N/A,N/A,N/A,ほれる,ほれる,Phải Lòng,Yêu
惜しい,vocab,61,惜,N/A,N/A,N/A,N/A,おしい,おしい,Đáng Tiếc,Tiếc Nuối
惜しみない,vocab,61,惜,N/A,N/A,N/A,N/A,おしみない,おしみない,Không Ngừng,Hào Phóng
惜しむ,vocab,61,惜,N/A,N/A,N/A,N/A,おしむ,おしむ,Tiếc Nuối,Dành
惨め,vocab,38,惨,N/A,N/A,N/A,N/A,みじめ,みじめ,Thảm Hại,Đáng Thương
想像,vocab,30,"想,像",N/A,N/A,N/A,N/A,そうぞう,そうぞう,Tưởng Tượng,
愉快,vocab,39,"愉,快",N/A,N/A,N/A,N/A,ゆかい,ゆかい,Thoải Mái,Vui Nhộn
意味,vocab,16,"意,味",N/A,N/A,N/A,N/A,いみ,いみ,Ý Nghĩa,Nghĩa
意図,vocab,16,"意,図",N/A,N/A,N/A,N/A,いと,いと,Ý Đồ,
意図的,vocab,16,"意,図,的",N/A,N/A,N/A,N/A,いとてき,いとてき,Cố Ý,
意地悪,vocab,16,"意,地,悪",N/A,N/A,N/A,N/A,いじわる,いじわる,Xấu Tính,
意外,vocab,16,"意,外",N/A,N/A,N/A,N/A,いがい,いがい,Không Ngờ,
意志,vocab,40,"意,志",N/A,N/A,N/A,N/A,いし,いし,Ý Chí,
意思,vocab,17,"意,思",N/A,N/A,N/A,N/A,いし,いし,Ý Định,Ý Nghĩ
意見,vocab,16,"意,見",N/A,N/A,N/A,N/A,いけん,いけん,Ý Kiến,
意識,vocab,32,"意,識",N/A,N/A,N/A,N/A,いしき,いしき,Ý Thức,
愚か,vocab,67,愚,N/A,N/A,N/A,N/A,おろか,おろか,Ngu Ngốc,
愚痴,vocab,67,"愚,痴",N/A,N/A,N/A,N/A,ぐち,ぐち,Than Thở,Phàn Nàn
愛,vocab,21,愛,N/A,N/A,N/A,N/A,あい,あい,Tình Yêu,Yêu
愛しい,vocab,22,愛,N/A,N/A,N/A,N/A,いとしい,いとしい,Yêu Dấu,Thân Mến
愛情,vocab,21,"愛,情",N/A,N/A,N/A,N/A,あいじょう,あいじょう,Tình Yêu,Tình Thương
愛着,vocab,58,"愛,着",N/A,N/A,N/A,N/A,あいちゃく,あいちゃく,Gắn Bó,
感じる,vocab,20,感,N/A,N/A,N/A,N/A,かんじる,かんじる,Cảm Thấy,Cảm Giác
感動,vocab,20,"感,動",N/A,N/A,N/A,N/A,かんどう,かんどう,Xúc Động,"Cảm Động, Ấn Tượng Mạnh"
感嘆符,vocab,59,"感,嘆,符",N/A,N/A,N/A,N/A,かんたんふ,かんたんふ,Dấu Chấm Than,Dấu Cảm Thán
感心,vocab,20,"感,心",N/A,N/A,N/A,N/A,かんしん,かんしん,Khâm Phục,
感情,vocab,20,"感,情",N/A,N/A,N/A,N/A,かんじょう,かんじょう,Cảm Xúc,
感想,vocab,30,"感,想",N/A,N/A,N/A,N/A,かんそう,かんそう,Ấn Tượng,Cảm Nhận
感染,vocab,29,"感,染",N/A,N/A,N/A,N/A,かんせん,かんせん,Nhiễm,
感覚,vocab,20,"感,覚",N/A,N/A,N/A,N/A,かんかく,かんかく,Giác Quan,Cảm Giác
感触,vocab,52,"感,触",N/A,N/A,N/A,N/A,かんしょく,かんしょく,Cảm Giác,
感謝,vocab,69,"感,謝",N/A,N/A,N/A,N/A,かんしゃ,かんしゃ,Cảm Tạ,Cảm Ơn
慈善,vocab,53,"慈,善",N/A,N/A,N/A,N/A,じぜん,じぜん,Từ Thiện,
慈悲,vocab,53,"慈,悲",N/A,N/A,N/A,N/A,じひ,じひ,Từ Bi,
態々,vocab,38,"態,々",N/A,N/A,N/A,N/A,わざわざ,わざわざ,Wazawaza,
態と,vocab,38,態,N/A,N/A,N/A,N/A,わざと,わざと,Cố Tình,
態度,vocab,38,"態,度",N/A,N/A,N/A,N/A,たいど,たいど,Thái Độ,
慌ただしい,vocab,44,慌,N/A,N/A,N/A,N/A,あわただしい,あわただしい,Bận Rộn,Hối Hả
慌てる,vocab,44,慌,N/A,N/A,N/A,N/A,あわてる,あわてる,Luống Cuống,Vội Vàng
慎む,vocab,67,慎,N/A,N/A,N/A,N/A,つつしむ,つつしむ,Thận Trọng,Cẩn Thận
慎重,vocab,67,"慎,重",N/A,N/A,N/A,N/A,しんちょう,しんちょう,Thận Trọng,
慢性,vocab,31,"慢,性",N/A,N/A,N/A,N/A,まんせい,まんせい,Mãn Tính,
慣らす,vocab,26,慣,N/A,N/A,N/A,N/A,ならす,ならす,Làm Cho Quen,
慣れる,vocab,26,慣,N/A,N/A,N/A,N/A,なれる,なれる,Quen,
慰める,vocab,69,慰,N/A,N/A,N/A,N/A,なぐさめる,なぐさめる,An Ủi,
慰謝,vocab,69,"慰,謝",N/A,N/A,N/A,N/A,いしゃ,いしゃ,An Ủi,
慰霊,vocab,69,"慰,霊",N/A,N/A,N/A,N/A,いれい,いれい,Tưởng Niệm,
憎しみ,vocab,45,憎,N/A,N/A,N/A,N/A,にくしみ,にくしみ,Sự Căm Ghét,Sự Thù Hận
憎む,vocab,45,憎,N/A,N/A,N/A,N/A,にくむ,にくむ,Căm Ghét,Thù Hận
憎らしい,vocab,45,憎,N/A,N/A,N/A,N/A,にくらしい,にくらしい,Đáng Ghét,
憧れる,vocab,69,憧,N/A,N/A,N/A,N/A,あこがれる,あこがれる,Ngưỡng Mộ,Mong Ước
憩い,vocab,59,憩,N/A,N/A,N/A,N/A,いこい,いこい,Nghỉ Ngơi,
憲法,vocab,46,"憲,法",N/A,N/A,N/A,N/A,けんぽう,けんぽう,Hiến Pháp,
懐かしい,vocab,56,懐,N/A,N/A,N/A,N/A,なつかしい,なつかしい,Hoài Niệm,
懐中電灯,vocab,56,"懐,中,電,灯",N/A,N/A,N/A,N/A,かいちゅうでんとう,かいちゅうでんとう,Đèn Pin,
懸垂,vocab,46,"懸,垂",N/A,N/A,N/A,N/A,けんすい,けんすい,Hít Xà,
懸念,vocab,46,"懸,念",N/A,N/A,N/A,N/A,けねん,けねん,Quan Ngại,
成し遂げる,vocab,64,"成,遂",N/A,N/A,N/A,N/A,なしとげる,なしとげる,Đạt Được,Hoàn Thành
成る,vocab,7,成,N/A,N/A,N/A,N/A,なる,なる,Thành,
成功,vocab,35,"成,功",N/A,N/A,N/A,N/A,せいこう,せいこう,Thành Công,
成果,vocab,22,"成,果",N/A,N/A,N/A,N/A,せいか,せいか,Thành Quả,
成熟,vocab,69,"成,熟",N/A,N/A,N/A,N/A,せいじゅく,せいじゅく,Chín,Trưởng Thành
成立,vocab,7,"成,立",N/A,N/A,N/A,N/A,せいりつ,せいりつ,Hình Thành,
成績,vocab,35,"成,績",N/A,N/A,N/A,N/A,せいせき,せいせき,Thành Tích,
成長,vocab,7,"成,長",N/A,N/A,N/A,N/A,せいちょう,せいちょう,Trưởng Thành,
我々,vocab,29,"我,々",N/A,N/A,N/A,N/A,われわれ,われわれ,Chúng Tôi,Chúng Ta
我が,vocab,29,我,N/A,N/A,N/A,N/A,わが,わが,Của Tôi,Của Chúng Tôi
我慢,vocab,31,"我,慢",N/A,N/A,N/A,N/A,がまん,がまん,Chịu Đựng,
戒める,vocab,31,戒,N/A,N/A,N/A,N/A,いましめる,いましめる,Cảnh Báo,Răn Đe
戦う,vocab,20,戦,N/A,N/A,N/A,N/A,たたかう,たたかう,Chiến,Chiến Đấu
戦争,vocab,20,"戦,争",N/A,N/A,N/A,N/A,せんそう,せんそう,Chiến Tranh,
戦場,vocab,20,"戦,場",N/A,N/A,N/A,N/A,せんじょう,せんじょう,Chiến Trường,
戦略,vocab,51,"戦,略",N/A,N/A,N/A,N/A,せんりゃく,せんりゃく,Chiến Lược,
戦艦,vocab,47,"戦,艦",N/A,N/A,N/A,N/A,せんかん,せんかん,Chiến Hạm,
戦闘,vocab,40,"戦,闘",N/A,N/A,N/A,N/A,せんとう,せんとう,Chiến Đấu,
戯れる,vocab,50,戯,N/A,N/A,N/A,N/A,たわむれる,たわむれる,Nô Đùa,
戯曲,vocab,17,"戯,曲",N/A,N/A,N/A,N/A,ぎきょく,ぎきょく,Vở Kịch,
戸惑う,vocab,21,"戸,惑",N/A,N/A,N/A,N/A,とまどう,とまどう,Hoang Mang,Lúng Túng
戸棚,vocab,64,"戸,棚",N/A,N/A,N/A,N/A,とだな,とだな,Tủ Bếp,
戸締まり,vocab,69,"戸,締",N/A,N/A,N/A,N/A,とじまり,とじまり,Khóa Cửa,Khóa Mọi Cửa
戻す,vocab,16,戻,N/A,N/A,N/A,N/A,もどす,もどす,Để Lại,Trả
戻る,vocab,16,戻,N/A,N/A,N/A,N/A,もどる,もどる,Quay Lại,
所,vocab,6,所,N/A,N/A,N/A,N/A,ところ,ところ,Chỗ,
所属,vocab,64,"所,属",N/A,N/A,N/A,N/A,しょぞく,しょぞく,Thuộc,
所有,vocab,64,"所,有",N/A,N/A,N/A,N/A,しょゆう,しょゆう,Sở Hữu,
扇ぐ,vocab,56,扇,N/A,N/A,N/A,N/A,あおぐ,あおぐ,Quạt,
扇子,vocab,56,"扇,子",N/A,N/A,N/A,N/A,せんす,せんす,Quạt Giấy,
扇風機,vocab,56,"扇,風,機",N/A,N/A,N/A,N/A,せんぷうき,せんぷうき,Quạt Điện,
扉,vocab,66,扉,N/A,N/A,N/A,N/A,とびら,とびら,Cánh Cửa,Cửa
手,vocab,3,手,N/A,N/A,N/A,N/A,て,て,Tay,Bàn Tay
手に入る,vocab,4,"手,入",N/A,N/A,N/A,N/A,てにはいる,てにはいる,Đạt Được,
手に入れる,vocab,4,"手,入",N/A,N/A,N/A,N/A,てにいれる,てにいれる,Đạt Được,
手の平,vocab,5,"手,平",N/A,N/A,N/A,N/A,てのひら,てのひら,Lòng Bàn Tay,
手の甲,vocab,35,"手,甲",N/A,N/A,N/A,N/A,てのこう,てのこう,Mu Bàn Tay,
手を叩く,vocab,5,"手,叩",N/A,N/A,N/A,N/A,てをたたく,てをたたく,Vỗ Tay,
手伝う,vocab,22,"手,伝",N/A,N/A,N/A,N/A,てつだう,てつだう,Giúp,
手堅い,vocab,65,"手,堅",N/A,N/A,N/A,N/A,てがたい,てがたい,Ổn Định,
手帳,vocab,57,"手,帳",N/A,N/A,N/A,N/A,てちょう,てちょう,Sổ Tay,
手掛かり,vocab,30,"手,掛",N/A,N/A,N/A,N/A,てがかり,てがかり,Manh Mối,
手段,vocab,23,"手,段",N/A,N/A,N/A,N/A,しゅだん,しゅだん,Thủ Đoạn,Phương Pháp
手紙,vocab,17,"手,紙",N/A,N/A,N/A,N/A,てがみ,てがみ,Thư,
手続き,vocab,32,"手,続",N/A,N/A,N/A,N/A,てつづき,てつづき,Thủ Tục,
手術,vocab,39,"手,術",N/A,N/A,N/A,N/A,しゅじゅつ,しゅじゅつ,Phẫu Thuật,
手袋,vocab,60,"手,袋",N/A,N/A,N/A,N/A,てぶくろ,てぶくろ,Găng Tay,
手裏剣,vocab,47,"手,裏,剣",N/A,N/A,N/A,N/A,しゅりけん,しゅりけん,Shuriken,
手軽,vocab,36,"手,軽",N/A,N/A,N/A,N/A,てがる,てがる,Dễ,Đơn Giản
手錠,vocab,70,"手,錠",N/A,N/A,N/A,N/A,てじょう,てじょう,Còng Tay,
手際,vocab,58,"手,際",N/A,N/A,N/A,N/A,てぎわ,てぎわ,Tay Nghề,Khả Năng Xử Lý
手頃,vocab,58,"手,頃",N/A,N/A,N/A,N/A,てごろ,てごろ,Vừa Phải,Phải Chăng
手首,vocab,7,"手,首",N/A,N/A,N/A,N/A,てくび,てくび,Cổ Tay,
打ち合わせ,vocab,33,"打,合",N/A,N/A,N/A,N/A,うちあわせ,うちあわせ,Cuộc Họp,
打つ,vocab,33,打,N/A,N/A,N/A,N/A,うつ,うつ,Đập,Gõ
打付かる,vocab,33,"打,付",N/A,N/A,N/A,N/A,ぶつかる,ぶつかる,Bị Đập,Bị Va
打付ける,vocab,33,"打,付",N/A,N/A,N/A,N/A,ぶつける,ぶつける,Đập,Va
払う,vocab,16,払,N/A,N/A,N/A,N/A,はらう,はらう,Trả Tiền,Phủi
扱う,vocab,37,扱,N/A,N/A,N/A,N/A,あつかう,あつかう,Xử Lý,Đối Xử
批判,vocab,42,"批,判",N/A,N/A,N/A,N/A,ひはん,ひはん,Phê Phán,
批評,vocab,42,"批,評",N/A,N/A,N/A,N/A,ひひょう,ひひょう,Phê Bình,
承る,vocab,48,承,N/A,N/A,N/A,N/A,うけたまわる,うけたまわる,Nhận,Nghe
承知,vocab,48,"承,知",N/A,N/A,N/A,N/A,しょうち,しょうち,Chấp Nhận,Hiểu Rõ
承認,vocab,48,"承,認",N/A,N/A,N/A,N/A,しょうにん,しょうにん,Xác Nhận,"Đồng Ý, Phê Duyệt"
承諾,vocab,48,"承,諾",N/A,N/A,N/A,N/A,しょうだく,しょうだく,Chấp Thuận,
技,vocab,39,技,N/A,N/A,N/A,N/A,わざ,わざ,Kỹ Năng,Kỹ Thuật
技能,vocab,39,"技,能",N/A,N/A,N/A,N/A,ぎのう,ぎのう,Kỹ Năng,
技術,vocab,39,"技,術",N/A,N/A,N/A,N/A,ぎじゅつ,ぎじゅつ,Kỹ Thuật,
抑制,vocab,31,"抑,制",N/A,N/A,N/A,N/A,よくせい,よくせい,Kiềm Chế,Hạn Chế
抑圧,vocab,31,"抑,圧",N/A,N/A,N/A,N/A,よくあつ,よくあつ,Áp Bức,Đàn Áp
抑止,vocab,31,"抑,止",N/A,N/A,N/A,N/A,よくし,よくし,Ngăn Chặn,
投げる,vocab,26,投,N/A,N/A,N/A,N/A,なげる,なげる,Ném,
投入,vocab,26,"投,入",N/A,N/A,N/A,N/A,とうにゅう,とうにゅう,Cho Vào,
投票,vocab,62,"投,票",N/A,N/A,N/A,N/A,とうひょう,とうひょう,Bỏ Phiếu,
投稿,vocab,62,"投,稿",N/A,N/A,N/A,N/A,とうこう,とうこう,Đăng,"Đăng Tải, Đăng Bài"
投資,vocab,26,"投,資",N/A,N/A,N/A,N/A,とうし,とうし,Đầu Tư,
抗体,vocab,41,"抗,体",N/A,N/A,N/A,N/A,こうたい,こうたい,Kháng Thể,
抗戦,vocab,41,"抗,戦",N/A,N/A,N/A,N/A,こうせん,こうせん,Kháng Chiến,
折り紙,vocab,17,"折,紙",N/A,N/A,N/A,N/A,おりがみ,おりがみ,Origami,
折り鶴,vocab,47,"折,鶴",N/A,N/A,N/A,N/A,おりづる,おりづる,Hạc Giấy,
折る,vocab,17,折,N/A,N/A,N/A,N/A,おる,おる,Làm Gãy,Gấp
折れる,vocab,17,折,N/A,N/A,N/A,N/A,おれる,おれる,Gãy,Gập
折角,vocab,17,"折,角",N/A,N/A,N/A,N/A,せっかく,せっかく,Sekkaku,
抜く,vocab,38,抜,N/A,N/A,N/A,N/A,ぬく,ぬく,Rút,Nhổ
抜ける,vocab,38,抜,N/A,N/A,N/A,N/A,ぬける,ぬける,Rời,Thoát
抜刀,vocab,54,"抜,刀",N/A,N/A,N/A,N/A,ばっとう,ばっとう,Rút Kiếm,
披露,vocab,60,"披,露",N/A,N/A,N/A,N/A,ひろう,ひろう,Công Khai,
披露宴,vocab,60,"披,露,宴",N/A,N/A,N/A,N/A,ひろうえん,ひろうえん,Tiệc Chiêu Đãi,
抱える,vocab,28,抱,N/A,N/A,N/A,N/A,かかえる,かかえる,Ôm,
抱き枕,vocab,28,"抱,枕",N/A,N/A,N/A,N/A,だきまくら,だきまくら,Gối Ôm,
抱き締める,vocab,69,"抱,締",N/A,N/A,N/A,N/A,だきしめる,だきしめる,Ôm Chặt,
抱く,vocab,28,抱,N/A,N/A,N/A,N/A,だく,"だく, いだく",Ôm,
抱っこ,vocab,28,抱,N/A,N/A,N/A,N/A,だっこ,だっこ,Bế,
抵抗,vocab,41,"抵,抗",N/A,N/A,N/A,N/A,ていこう,ていこう,Ngại Ngần,Phản Kháng
抹消,vocab,50,"抹,消",N/A,N/A,N/A,N/A,まっしょう,まっしょう,Xóa,
抹茶,vocab,50,"抹,茶",N/A,N/A,N/A,N/A,まっちゃ,まっちゃ,Maccha,Matcha
押さえる,vocab,43,押,N/A,N/A,N/A,N/A,おさえる,おさえる,Giữ,
押し入れ,vocab,43,"押,入",N/A,N/A,N/A,N/A,おしいれ,おしいれ,Tủ,Tủ Âm Tường
押す,vocab,43,押,N/A,N/A,N/A,N/A,おす,おす,Ấn,Đẩy
押収,vocab,43,"押,収",N/A,N/A,N/A,N/A,おうしゅう,おうしゅう,Tịch Thu,
抽象的,vocab,50,"抽,象,的",N/A,N/A,N/A,N/A,ちゅうしょうてき,ちゅうしょうてき,Trừu Tượng,
抽選,vocab,50,"抽,選",N/A,N/A,N/A,N/A,ちゅうせん,ちゅうせん,Rút Thăm,
担う,vocab,44,担,N/A,N/A,N/A,N/A,になう,になう,Gánh Vác,
担ぐ,vocab,44,担,N/A,N/A,N/A,N/A,かつぐ,かつぐ,Vác,Khiêng
担当,vocab,44,"担,当",N/A,N/A,N/A,N/A,たんとう,たんとう,Phụ Trách,Đảm Nhiệm
担架,vocab,53,"担,架",N/A,N/A,N/A,N/A,たんか,たんか,Cáng,
拉致,vocab,50,"拉,致",N/A,N/A,N/A,N/A,らち,らち,Bắt Cóc,
拉麺,vocab,50,"拉,麺",N/A,N/A,N/A,N/A,らーめん,らーめん,Ramen,
拍手,vocab,29,"拍,手",N/A,N/A,N/A,N/A,はくしゅ,はくしゅ,Vỗ Tay,
拒む,vocab,21,拒,N/A,N/A,N/A,N/A,こばむ,こばむ,Từ Chối,
拒否,vocab,21,"拒,否",N/A,N/A,N/A,N/A,きょひ,きょひ,Từ Chối,
拘束,vocab,33,"拘,束",N/A,N/A,N/A,N/A,こうそく,こうそく,Tạm Giam,
拘禁,vocab,33,"拘,禁",N/A,N/A,N/A,N/A,こうきん,こうきん,Giam Giữ,
拘置所,vocab,33,"拘,置,所",N/A,N/A,N/A,N/A,こうちしょ,こうちしょ,Nhà Giam,
招き猫,vocab,9,"招,猫",N/A,N/A,N/A,N/A,まねきねこ,まねきねこ,Mèo Thần Tài,
招く,vocab,9,招,N/A,N/A,N/A,N/A,まねく,まねく,Mời,
招待,vocab,9,"招,待",N/A,N/A,N/A,N/A,しょうたい,しょうたい,Mời,
招集,vocab,13,"招,集",N/A,N/A,N/A,N/A,しょうしゅう,しょうしゅう,Chiêu Tập,Chiêu Mộ
拝む,vocab,48,拝,N/A,N/A,N/A,N/A,おがむ,おがむ,Khấn Vái,
拝借,vocab,48,"拝,借",N/A,N/A,N/A,N/A,はいしゃく,はいしゃく,Mượn,
拝見,vocab,48,"拝,見",N/A,N/A,N/A,N/A,はいけん,はいけん,Xem,
拡大,vocab,50,"拡,大",N/A,N/A,N/A,N/A,かくだい,かくだい,Khuếch Đại,
拡張,vocab,50,"拡,張",N/A,N/A,N/A,N/A,かくちょう,かくちょう,Mở Rộng,
拡散,vocab,63,"拡,散",N/A,N/A,N/A,N/A,かくさん,かくさん,Lan Truyền,Khuếch Tán
括る,vocab,42,括,N/A,N/A,N/A,N/A,くくる,くくる,Buộc,
括弧,vocab,42,"括,弧",N/A,N/A,N/A,N/A,かっこ,かっこ,Dấu Ngoặc,
拭う,vocab,51,拭,N/A,N/A,N/A,N/A,ぬぐう,ぬぐう,Chùi,"Lau, Xóa Bỏ"
拭く,vocab,51,拭,N/A,N/A,N/A,N/A,ふく,ふく,Chùi,Lau
拳,vocab,43,拳,N/A,N/A,N/A,N/A,こぶし,こぶし,Nắm Đấm,
拳銃,vocab,43,"拳,銃",N/A,N/A,N/A,N/A,けんじゅう,けんじゅう,Súng Lục,
拳骨,vocab,43,"拳,骨",N/A,N/A,N/A,N/A,げんこつ,げんこつ,Nắm Đấm,
拷問,vocab,54,"拷,問",N/A,N/A,N/A,N/A,ごうもん,ごうもん,Tra Tấn,
拾い物,vocab,51,"拾,物",N/A,N/A,N/A,N/A,ひろいもの,ひろいもの,Đồ Nhặt Được,Của Trời Cho
拾う,vocab,51,拾,N/A,N/A,N/A,N/A,ひろう,ひろう,Nhặt,
持ち帰る,vocab,18,"持,帰",N/A,N/A,N/A,N/A,もちかえる,もちかえる,Cầm Về,Mang Về
持つ,vocab,8,持,N/A,N/A,N/A,N/A,もつ,もつ,Giữ,"Cầm, Mang, Có"
指,vocab,18,指,N/A,N/A,N/A,N/A,ゆび,ゆび,Ngón,
指す,vocab,19,指,N/A,N/A,N/A,N/A,さす,さす,Chỉ,
指定,vocab,18,"指,定",N/A,N/A,N/A,N/A,してい,してい,Chỉ Định,
指導,vocab,40,"指,導",N/A,N/A,N/A,N/A,しどう,しどう,Chỉ Đạo,
指揮,vocab,41,"指,揮",N/A,N/A,N/A,N/A,しき,しき,Chỉ Huy,
指揮者,vocab,41,"指,揮,者",N/A,N/A,N/A,N/A,しきしゃ,しきしゃ,Nhạc Trưởng,
指摘,vocab,68,"指,摘",N/A,N/A,N/A,N/A,してき,してき,Chỉ Ra,
指示,vocab,19,"指,示",N/A,N/A,N/A,N/A,しじ,しじ,Chỉ Thị,
指紋,vocab,57,"指,紋",N/A,N/A,N/A,N/A,しもん,しもん,Vân Tay,
指輪,vocab,41,"指,輪",N/A,N/A,N/A,N/A,ゆびわ,ゆびわ,Nhẫn,
挑む,vocab,40,挑,N/A,N/A,N/A,N/A,いどむ,いどむ,Thách Thức,
挑戦,vocab,40,"挑,戦",N/A,N/A,N/A,N/A,ちょうせん,ちょうせん,Thử Thách,
挙げる,vocab,43,挙,N/A,N/A,N/A,N/A,あげる,あげる,Giơ Lên,Nêu Ra
挟まる,vocab,52,挟,N/A,N/A,N/A,N/A,はさまる,はさまる,Bị Kẹp,
挟む,vocab,52,挟,N/A,N/A,N/A,N/A,はさむ,はさむ,Kẹp,Chèn
挨拶,vocab,18,"挨,拶",N/A,N/A,N/A,N/A,あいさつ,あいさつ,Chào Hỏi,
振られる,vocab,56,振,N/A,N/A,N/A,N/A,ふられる,ふられる,Bị Từ Chối,Bị Đá
振り掛け,vocab,56,"振,掛",N/A,N/A,N/A,N/A,ふりかけ,ふりかけ,Furikake,Gia Vị Rắc Cơm
振り込む,vocab,56,"振,込",N/A,N/A,N/A,N/A,ふりこむ,ふりこむ,Chuyển Khoản,
振る,vocab,56,振,N/A,N/A,N/A,N/A,ふる,ふる,Vẫy,"Lắc, Rắc, Từ Chối"
振仮名,vocab,56,"振,仮,名",N/A,N/A,N/A,N/A,ふりがな,ふりがな,Furigana,
振動,vocab,56,"振,動",N/A,N/A,N/A,N/A,しんどう,しんどう,Chấn Động,
挿入,vocab,57,"挿,入",N/A,N/A,N/A,N/A,そうにゅう,そうにゅう,Đút Vào,Chèn
挿絵,vocab,57,"挿,絵",N/A,N/A,N/A,N/A,さしえ,さしえ,Hình Minh Họa,
捕まえる,vocab,33,捕,N/A,N/A,N/A,N/A,つかまえる,つかまえる,Bắt,
捕まる,vocab,33,捕,N/A,N/A,N/A,N/A,つかまる,つかまる,Bị Bắt,
捕らえる,vocab,44,捕,N/A,N/A,N/A,N/A,とらえる,とらえる,Bắt,
捕獲,vocab,33,"捕,獲",N/A,N/A,N/A,N/A,ほかく,ほかく,Bắt,
捗る,vocab,56,捗,N/A,N/A,N/A,N/A,はかどる,はかどる,Tiến Triển,
捜す,vocab,38,捜,N/A,N/A,N/A,N/A,さがす,さがす,Tìm Kiếm,
捜査,vocab,38,"捜,査",N/A,N/A,N/A,N/A,そうさ,そうさ,Điều Tra,
捜査班,vocab,38,"捜,査,班",N/A,N/A,N/A,N/A,そうさはん,そうさはん,Nhóm Điều Tra,
捜索,vocab,38,"捜,索",N/A,N/A,N/A,N/A,そうさく,そうさく,Tìm Kiếm,
捨てる,vocab,48,捨,N/A,N/A,N/A,N/A,すてる,すてる,Vứt,
掃く,vocab,59,掃,N/A,N/A,N/A,N/A,はく,はく,Quét,
掃除,vocab,59,"掃,除",N/A,N/A,N/A,N/A,そうじ,そうじ,Lau Dọn,Dọn Vệ Sinh
授業,vocab,62,"授,業",N/A,N/A,N/A,N/A,じゅぎょう,じゅぎょう,Buổi Học,Giờ Học
掌,vocab,66,掌,N/A,N/A,N/A,N/A,てのひら,てのひら,Lòng Bàn Tay,
排出,vocab,59,"排,出",N/A,N/A,N/A,N/A,はいしゅつ,はいしゅつ,Thải Ra,
排除,vocab,59,"排,除",N/A,N/A,N/A,N/A,はいじょ,はいじょ,Bài Trừ,Loại Bỏ
掘る,vocab,59,掘,N/A,N/A,N/A,N/A,ほる,ほる,Đào,
掛かる,vocab,25,掛,N/A,N/A,N/A,N/A,かかる,かかる,Được Treo,Tốn
掛ける,vocab,25,掛,N/A,N/A,N/A,N/A,かける,かける,Treo,"Dành, Nhân"
掛け算,vocab,25,"掛,算",N/A,N/A,N/A,N/A,かけざん,かけざん,Phép Nhân,
採る,vocab,58,採,N/A,N/A,N/A,N/A,とる,とる,Hái,Lượm
採掘,vocab,59,"採,掘",N/A,N/A,N/A,N/A,さいくつ,さいくつ,Khai Thác,
採決,vocab,58,"採,決",N/A,N/A,N/A,N/A,さいけつ,さいけつ,Biểu Quyết,
採点,vocab,58,"採,点",N/A,N/A,N/A,N/A,さいてん,さいてん,Chấm Điểm,
採用,vocab,58,"採,用",N/A,N/A,N/A,N/A,さいよう,さいよう,Tuyển Dụng,
採集,vocab,58,"採,集",N/A,N/A,N/A,N/A,さいしゅう,さいしゅう,Sưu Tập,Hái Lượm
探す,vocab,58,探,N/A,N/A,N/A,N/A,さがす,さがす,Tìm Kiếm,
探る,vocab,58,探,N/A,N/A,N/A,N/A,さぐる,さぐる,Tìm Kiếm,Mò
探偵,vocab,58,"探,偵",N/A,N/A,N/A,N/A,たんてい,たんてい,Thám Tử,
探検,vocab,58,"探,検",N/A,N/A,N/A,N/A,たんけん,たんけん,Thám Hiểm,
接する,vocab,52,接,N/A,N/A,N/A,N/A,せっする,せっする,Tiếp Xúc,
接続,vocab,52,"接,続",N/A,N/A,N/A,N/A,せつぞく,せつぞく,Kết Nối,
接触,vocab,52,"接,触",N/A,N/A,N/A,N/A,せっしょく,せっしょく,Tiếp Xúc,
接近,vocab,52,"接,近",N/A,N/A,N/A,N/A,せっきん,せっきん,Tiếp Cận,
控えめ,vocab,59,控,N/A,N/A,N/A,N/A,ひかえめ,ひかえめ,Vừa Phải,
控える,vocab,59,控,N/A,N/A,N/A,N/A,ひかえる,ひかえる,Kiềm Chế,Kiêng
控除,vocab,59,"控,除",N/A,N/A,N/A,N/A,こうじょ,こうじょ,Khấu Trừ,
推す,vocab,60,推,N/A,N/A,N/A,N/A,おす,おす,Ủng Hộ,
推奨,vocab,60,"推,奨",N/A,N/A,N/A,N/A,すいしょう,すいしょう,Khuyến Khích,
推定,vocab,60,"推,定",N/A,N/A,N/A,N/A,すいてい,すいてい,Ước Tính,
推測,vocab,60,"推,測",N/A,N/A,N/A,N/A,すいそく,すいそく,Phỏng Đoán,
推理,vocab,60,"推,理",N/A,N/A,N/A,N/A,すいり,すいり,Suy Luận,
推薦,vocab,60,"推,薦",N/A,N/A,N/A,N/A,すいせん,すいせん,Tiến Cử,
掲げる,vocab,44,掲,N/A,N/A,N/A,N/A,かかげる,かかげる,Treo Lên,"Giương Lên, Đăng Lên"
掲示板,vocab,44,"掲,示,板",N/A,N/A,N/A,N/A,けいじばん,けいじばん,Bảng Thông Báo,
揃う,vocab,64,揃,N/A,N/A,N/A,N/A,そろう,そろう,Đầy Đủ,
揃える,vocab,64,揃,N/A,N/A,N/A,N/A,そろえる,そろえる,Tập Hợp,
描く,vocab,62,描,N/A,N/A,N/A,N/A,かく,"かく, えがく",Vẽ,
描写,vocab,62,"描,写",N/A,N/A,N/A,N/A,びょうしゃ,びょうしゃ,Miêu Tả,
提出,vocab,56,"提,出",N/A,N/A,N/A,N/A,ていしゅつ,ていしゅつ,Nộp,
提案,vocab,56,"提,案",N/A,N/A,N/A,N/A,ていあん,ていあん,Đề Xuất,
揚げる,vocab,55,揚,N/A,N/A,N/A,N/A,あげる,あげる,Chiên Ngập Dầu,
換える,vocab,49,換,N/A,N/A,N/A,N/A,かえる,かえる,Đổi,
換気,vocab,49,"換,気",N/A,N/A,N/A,N/A,かんき,かんき,Thông Khí,
握る,vocab,65,握,N/A,N/A,N/A,N/A,にぎる,にぎる,Nắm,Nắm Chặt
握力,vocab,65,"握,力",N/A,N/A,N/A,N/A,あくりょく,あくりょく,Lực Nắm,
握手,vocab,65,"握,手",N/A,N/A,N/A,N/A,あくしゅ,あくしゅ,Bắt Tay,
援助,vocab,41,"援,助",N/A,N/A,N/A,N/A,えんじょ,えんじょ,Viện Trợ,
揺らす,vocab,40,揺,N/A,N/A,N/A,N/A,ゆらす,ゆらす,Rung,Lắc
揺れる,vocab,40,揺,N/A,N/A,N/A,N/A,ゆれる,ゆれる,Rung,"Rung Động, Lung Lay"
損する,vocab,66,損,N/A,N/A,N/A,N/A,そんする,そんする,Mất,Tốn
損なう,vocab,66,損,N/A,N/A,N/A,N/A,そこなう,そこなう,Tổn Hại,Lỡ
損失,vocab,66,"損,失",N/A,N/A,N/A,N/A,そんしつ,そんしつ,Tổn Thất,
損害,vocab,66,"損,害",N/A,N/A,N/A,N/A,そんがい,そんがい,Tổn Hại,
搬送,vocab,67,"搬,送",N/A,N/A,N/A,N/A,はんそう,はんそう,Vận Chuyển,
搭乗,vocab,66,"搭,乗",N/A,N/A,N/A,N/A,とうじょう,とうじょう,Lên Máy Bay,
搭載,vocab,66,"搭,載",N/A,N/A,N/A,N/A,とうさい,とうさい,Chất Hành Lý,
携える,vocab,66,携,N/A,N/A,N/A,N/A,たずさえる,たずさえる,Mang Theo,
携わる,vocab,66,携,N/A,N/A,N/A,N/A,たずさわる,たずさわる,Tham Gia,Liên Quan
携帯,vocab,66,"携,帯",N/A,N/A,N/A,N/A,けいたい,けいたい,Điện Thoại,"Điện Thoại Di Động, Mang Theo"
摂取,vocab,67,"摂,取",N/A,N/A,N/A,N/A,せっしゅ,せっしゅ,Hấp Thụ,Tiếp Thu
摂氏,vocab,67,"摂,氏",N/A,N/A,N/A,N/A,せっし,せっし,Độ C,
摘み,vocab,68,摘,N/A,N/A,N/A,N/A,つまみ,つまみ,Đồ Nhắm,Núm
摘む,vocab,68,摘,N/A,N/A,N/A,N/A,つむ,"つむ, つまむ",Nhúm,"Ngắt, Vặt"
摩る,vocab,69,摩,N/A,N/A,N/A,N/A,さする,さする,Xoa Bóp,
摩擦,vocab,69,"摩,擦",N/A,N/A,N/A,N/A,まさつ,まさつ,Ma Sát,
撃つ,vocab,43,撃,N/A,N/A,N/A,N/A,うつ,うつ,Bắn,
撃墜,vocab,69,"撃,墜",N/A,N/A,N/A,N/A,げきつい,げきつい,Bắn Rơi,
撮る,vocab,31,撮,N/A,N/A,N/A,N/A,とる,とる,Chụp,Quay
撮影,vocab,31,"撮,影",N/A,N/A,N/A,N/A,さつえい,さつえい,Chụp,Quay
撲滅,vocab,56,"撲,滅",N/A,N/A,N/A,N/A,ぼくめつ,ぼくめつ,Xóa Bỏ,
操る,vocab,70,操,N/A,N/A,N/A,N/A,あやつる,あやつる,Điều Khiển,"Vận Hành, Thông Thạo"
操作,vocab,70,"操,作",N/A,N/A,N/A,N/A,そうさ,そうさ,Thao Tác,
操縦,vocab,70,"操,縦",N/A,N/A,N/A,N/A,そうじゅう,そうじゅう,Điều Khiển,
擦る,vocab,69,擦,N/A,N/A,N/A,N/A,こする,"こする, する",Chà Xát,Xát
支える,vocab,16,支,N/A,N/A,N/A,N/A,ささえる,ささえる,Hỗ Trợ,
支店,vocab,16,"支,店",N/A,N/A,N/A,N/A,してん,してん,Chi Nhánh,
支度,vocab,16,"支,度",N/A,N/A,N/A,N/A,したく,したく,Chuẩn Bị,
支払う,vocab,16,"支,払",N/A,N/A,N/A,N/A,しはらう,しはらう,Trả Tiền,Chi Trả
支援,vocab,41,"支,援",N/A,N/A,N/A,N/A,しえん,しえん,Chi Viện,
支給,vocab,25,"支,給",N/A,N/A,N/A,N/A,しきゅう,しきゅう,Chu Cấp,
支配,vocab,54,"支,配",N/A,N/A,N/A,N/A,しはい,しはい,Chi Phối,
改まる,vocab,34,改,N/A,N/A,N/A,N/A,あらたまる,あらたまる,Được Sửa Đổi,"Được Cải Thiện, Trang Trọng"
改めて,vocab,34,改,N/A,N/A,N/A,N/A,あらためて,あらためて,Một Lần Nữa,
改める,vocab,34,改,N/A,N/A,N/A,N/A,あらためる,あらためる,Sửa Đổi,"Cải Thiện, Làm Trang Trọng"
改善,vocab,53,"改,善",N/A,N/A,N/A,N/A,かいぜん,かいぜん,Cải Thiện,
改正,vocab,34,"改,正",N/A,N/A,N/A,N/A,かいせい,かいせい,Cải Chính,
改訂,vocab,53,"改,訂",N/A,N/A,N/A,N/A,かいてい,かいてい,Sửa Đổi,
改造,vocab,34,"改,造",N/A,N/A,N/A,N/A,かいぞう,かいぞう,Sửa Đổi,Cải Tạo
改革,vocab,34,"改,革",N/A,N/A,N/A,N/A,かいかく,かいかく,Cải Cách,
攻める,vocab,22,攻,N/A,N/A,N/A,N/A,せめる,せめる,Tấn Công,
攻撃,vocab,22,"攻,撃",N/A,N/A,N/A,N/A,こうげき,こうげき,Công Kích,Tấn Công
放す,vocab,21,放,N/A,N/A,N/A,N/A,はなす,はなす,Thả,Buông
放る,vocab,23,放,N/A,N/A,N/A,N/A,ほうる,ほうる,Ném,Tung
放れる,vocab,21,放,N/A,N/A,N/A,N/A,はなれる,はなれる,Được Thả,Được Buông
放射,vocab,56,"放,射",N/A,N/A,N/A,N/A,ほうしゃ,ほうしゃ,Phóng Xạ,
放棄,vocab,66,"放,棄",N/A,N/A,N/A,N/A,ほうき,ほうき,Từ Bỏ,
放火,vocab,21,"放,火",N/A,N/A,N/A,N/A,ほうか,ほうか,Phóng Hỏa,
放課後,vocab,21,"放,課,後",N/A,N/A,N/A,N/A,ほうかご,ほうかご,Sau Giờ Học,
放送,vocab,21,"放,送",N/A,N/A,N/A,N/A,ほうそう,ほうそう,Phát Sóng,
政党,vocab,55,"政,党",N/A,N/A,N/A,N/A,せいとう,せいとう,Chính Đảng,
政府,vocab,27,"政,府",N/A,N/A,N/A,N/A,せいふ,せいふ,Chính Phủ,
政治,vocab,27,"政,治",N/A,N/A,N/A,N/A,せいじ,せいじ,Chính Trị,
政策,vocab,27,"政,策",N/A,N/A,N/A,N/A,せいさく,せいさく,Chính Sách,
故意,vocab,52,"故,意",N/A,N/A,N/A,N/A,こい,こい,Cố Ý,
故郷,vocab,52,"故,郷",N/A,N/A,N/A,N/A,こきょう,"こきょう, ふるさと",Quê Hương,Quê
故障,vocab,52,"故,障",N/A,N/A,N/A,N/A,こしょう,こしょう,Hỏng,
敏感,vocab,57,"敏,感",N/A,N/A,N/A,N/A,びんかん,びんかん,Nhạy Cảm,
救う,vocab,17,救,N/A,N/A,N/A,N/A,すくう,すくう,Cứu,
救助,vocab,17,"救,助",N/A,N/A,N/A,N/A,きゅうじょ,きゅうじょ,Cứu Trợ,
救急車,vocab,17,"救,急,車",N/A,N/A,N/A,N/A,きゅうきゅうしゃ,きゅうきゅうしゃ,Xe Cấp Cứu,Xe Cứu Thương
敗れる,vocab,19,敗,N/A,N/A,N/A,N/A,やぶれる,やぶれる,Thua,Bị Đánh Bại
敗北,vocab,18,"敗,北",N/A,N/A,N/A,N/A,はいぼく,はいぼく,Thua Cuộc,Thất Bại
教える,vocab,17,教,N/A,N/A,N/A,N/A,おしえる,おしえる,Dạy,"Chỉ, Bảo"
教わる,vocab,17,教,N/A,N/A,N/A,N/A,おそわる,おそわる,Được Dạy,
教室,vocab,17,"教,室",N/A,N/A,N/A,N/A,きょうしつ,きょうしつ,Phòng Học,
教師,vocab,24,"教,師",N/A,N/A,N/A,N/A,きょうし,きょうし,Giáo Viên,
教授,vocab,62,"教,授",N/A,N/A,N/A,N/A,きょうじゅ,きょうじゅ,Giáo Sư,
教育,vocab,39,"教,育",N/A,N/A,N/A,N/A,きょういく,きょういく,Giáo Dục,
教訓,vocab,45,"教,訓",N/A,N/A,N/A,N/A,きょうくん,きょうくん,Giáo Huấn,
敢えて,vocab,46,敢,N/A,N/A,N/A,N/A,あえて,あえて,Dám,Cố Tình
散らかす,vocab,63,散,N/A,N/A,N/A,N/A,ちらかす,ちらかす,Làm Bừa Bãi,
散らす,vocab,63,散,N/A,N/A,N/A,N/A,ちらす,ちらす,Rải,
散る,vocab,63,散,N/A,N/A,N/A,N/A,ちる,ちる,Rải Rác,
散歩,vocab,63,"散,歩",N/A,N/A,N/A,N/A,さんぽ,さんぽ,Đi Dạo,
散髪,vocab,63,"散,髪",N/A,N/A,N/A,N/A,さんぱつ,さんぱつ,Cắt Tóc,
敬う,vocab,64,敬,N/A,N/A,N/A,N/A,うやまう,うやまう,Kính Trọng,Tôn Kính
敬語,vocab,64,"敬,語",N/A,N/A,N/A,N/A,けいご,けいご,Kính Ngữ,
数,vocab,30,数,N/A,N/A,N/A,N/A,かず,かず,Số,
数える,vocab,30,数,N/A,N/A,N/A,N/A,かぞえる,かぞえる,Đếm,
数字,vocab,30,"数,字",N/A,N/A,N/A,N/A,すうじ,すうじ,Chữ Số,
数学,vocab,30,"数,学",N/A,N/A,N/A,N/A,すうがく,すうがく,Toán Học,
整う,vocab,70,整,N/A,N/A,N/A,N/A,ととのう,ととのう,Chỉnh Chu,Được Chuẩn Bị
整える,vocab,70,整,N/A,N/A,N/A,N/A,ととのえる,ととのえる,Chuẩn Bị,Chỉnh Đốn
整備,vocab,70,"整,備",N/A,N/A,N/A,N/A,せいび,せいび,Bảo Dưỡng,
整理,vocab,70,"整,理",N/A,N/A,N/A,N/A,せいり,せいり,Sắp Xếp,Sắp Xếp Gọn Gàng
敵,vocab,37,敵,N/A,N/A,N/A,N/A,てき,てき,Địch,
敷く,vocab,69,敷,N/A,N/A,N/A,N/A,しく,しく,Trải,Bố Trí
敷地,vocab,69,"敷,地",N/A,N/A,N/A,N/A,しきち,しきち,Khu Đất,
文,vocab,5,文,N/A,N/A,N/A,N/A,ぶん,ぶん,Câu Văn,Câu
文化,vocab,5,"文,化",N/A,N/A,N/A,N/A,ぶんか,ぶんか,Văn Hóa,
文化祭,vocab,31,"文,化,祭",N/A,N/A,N/A,N/A,ぶんかさい,ぶんかさい,Bunkasai,Lễ Hội Văn Hóa
文句,vocab,13,"文,句",N/A,N/A,N/A,N/A,もんく,もんく,Lời Phàn Nàn,
文字,vocab,5,"文,字",N/A,N/A,N/A,N/A,もじ,もじ,Chữ,Chữ Cái
文学,vocab,6,"文,学",N/A,N/A,N/A,N/A,ぶんがく,ぶんがく,Văn Học,
文法,vocab,28,"文,法",N/A,N/A,N/A,N/A,ぶんぽう,ぶんぽう,Ngữ Pháp,
文章,vocab,57,"文,章",N/A,N/A,N/A,N/A,ぶんしょう,ぶんしょう,Văn Chương,Đoạn Văn
文脈,vocab,56,"文,脈",N/A,N/A,N/A,N/A,ぶんみゃく,ぶんみゃく,Văn Cảnh,
文部科学省,vocab,51,"文,部,科,学,省",N/A,N/A,N/A,N/A,もんぶかがくしょう,もんぶかがくしょう,MEXT,
斉唱,vocab,61,"斉,唱",N/A,N/A,N/A,N/A,せいしょう,せいしょう,Đồng Ca,
料理,vocab,17,"料,理",N/A,N/A,N/A,N/A,りょうり,りょうり,Nấu Ăn,Món Ăn
料理人,vocab,17,"料,理,人",N/A,N/A,N/A,N/A,りょうりにん,りょうりにん,Đầu Bếp,
料金,vocab,17,"料,金",N/A,N/A,N/A,N/A,りょうきん,りょうきん,Tiền Phí,
斜め,vocab,62,斜,N/A,N/A,N/A,N/A,ななめ,ななめ,Nghiêng,Chéo
斜塔,vocab,64,"斜,塔",N/A,N/A,N/A,N/A,しゃとう,しゃとう,Tháp Nghiêng,
斜面,vocab,62,"斜,面",N/A,N/A,N/A,N/A,しゃめん,しゃめん,Dốc,Mặt Nghiêng
斬る,vocab,62,斬,N/A,N/A,N/A,N/A,きる,きる,Chém,Trảm
斬新,vocab,62,"斬,新",N/A,N/A,N/A,N/A,ざんしん,ざんしん,Mới Lạ,
断つ,vocab,38,断,N/A,N/A,N/A,N/A,たつ,たつ,Chấm Dứt,
断る,vocab,38,断,N/A,N/A,N/A,N/A,ことわる,ことわる,Từ Chối,
新しい,vocab,15,新,N/A,N/A,N/A,N/A,あたらしい,あたらしい,Mới,
新た,vocab,15,新,N/A,N/A,N/A,N/A,あらた,あらた,Mới,
新人,vocab,15,"新,人",N/A,N/A,N/A,N/A,しんじん,しんじん,Người Mới,Ma Mới
新卒,vocab,17,"新,卒",N/A,N/A,N/A,N/A,しんそつ,しんそつ,Shinsotsu,Người Mới Tốt Nghiệp
新品,vocab,15,"新,品",N/A,N/A,N/A,N/A,しんぴん,しんぴん,Hàng Mới,Sản Phẩm Mới
新宿,vocab,48,"新,宿",N/A,N/A,N/A,N/A,しんじゅく,しんじゅく,Shinjuku,
新幹線,vocab,17,"新,幹,線",N/A,N/A,N/A,N/A,しんかんせん,しんかんせん,Shinkansen,
新聞,vocab,15,"新,聞",N/A,N/A,N/A,N/A,しんぶん,しんぶん,Báo,
新鮮,vocab,24,"新,鮮",N/A,N/A,N/A,N/A,しんせん,しんせん,Tươi,Mới Mẻ
方,vocab,4,方,N/A,N/A,N/A,N/A,ほう,"ほう, かた",Hướng,Cách
方向,vocab,24,"方,向",N/A,N/A,N/A,N/A,ほうこう,ほうこう,Phương Hướng,
方法,vocab,28,"方,法",N/A,N/A,N/A,N/A,ほうほう,ほうほう,Phương Pháp,
方程式,vocab,24,"方,程,式",N/A,N/A,N/A,N/A,ほうていしき,ほうていしき,Phương Trình,
方言,vocab,9,"方,言",N/A,N/A,N/A,N/A,ほうげん,ほうげん,Từ Địa Phương,Tiếng Địa Phương
方針,vocab,51,"方,針",N/A,N/A,N/A,N/A,ほうしん,ほうしん,Phương Châm,
施行,vocab,36,"施,行",N/A,N/A,N/A,N/A,しこう,"しこう, せこう",Thi Hành,
施設,vocab,36,"施,設",N/A,N/A,N/A,N/A,しせつ,しせつ,Cơ Sở,
旅,vocab,17,旅,N/A,N/A,N/A,N/A,たび,たび,Chuyến Đi,
旅券,vocab,44,"旅,券",N/A,N/A,N/A,N/A,りょけん,りょけん,Hộ Chiếu,
旅行,vocab,17,"旅,行",N/A,N/A,N/A,N/A,りょこう,りょこう,Du Lịch,
旅館,vocab,17,"旅,館",N/A,N/A,N/A,N/A,りょかん,りょかん,Ryokan,Lữ Quán
旗,vocab,54,旗,N/A,N/A,N/A,N/A,はた,はた,Cờ,
既に,vocab,47,既,N/A,N/A,N/A,N/A,すでに,すでに,Đã,
既婚,vocab,47,"既,婚",N/A,N/A,N/A,N/A,きこん,きこん,Đã Kết Hôn,
既存,vocab,47,"既,存",N/A,N/A,N/A,N/A,きそん,"きそん, きぞん",Tồn Tại,
既視感,vocab,47,"既,視,感",N/A,N/A,N/A,N/A,きしかん,きしかん,Kishikan,Déjà Vu
既読,vocab,53,"既,読",N/A,N/A,N/A,N/A,きどく,きどく,Đã Đọc,
日,vocab,2,日,N/A,N/A,N/A,N/A,ひ,ひ,Ngày,Mặt Trời
日々,vocab,2,"日,々",N/A,N/A,N/A,N/A,ひび,ひび,Ngày Ngày,
日の丸,vocab,3,"日,丸",N/A,N/A,N/A,N/A,ひのまる,ひのまる,Hinomaru,
日の入り,vocab,2,"日,入",N/A,N/A,N/A,N/A,ひのいり,ひのいり,Mặt Trời Lặn,
日の出,vocab,2,"日,出",N/A,N/A,N/A,N/A,ひので,ひので,Mặt Trời Mọc,
日中,vocab,2,"日,中",N/A,N/A,N/A,N/A,にっちゅう,にっちゅう,Trong Ngày,
日付け,vocab,8,"日,付",N/A,N/A,N/A,N/A,ひづけ,ひづけ,Ngày,Ngày Tháng
日光,vocab,19,"日,光",N/A,N/A,N/A,N/A,にっこう,にっこう,Ánh Mặt Trời,
日刊,vocab,34,"日,刊",N/A,N/A,N/A,N/A,にっかん,にっかん,Nikkan,Phát Hành Hằng Ngày
日向,vocab,25,"日,向",N/A,N/A,N/A,N/A,ひなた,ひなた,Chỗ Có Nắng,
日和,vocab,5,"日,和",N/A,N/A,N/A,N/A,ひより,"ひより, びより",Hiyori,
日差し,vocab,54,"日,差",N/A,N/A,N/A,N/A,ひざし,ひざし,Tia Nắng,
日常,vocab,23,"日,常",N/A,N/A,N/A,N/A,にちじょう,にちじょう,Thường Nhật,
日曜日,vocab,25,"日,曜",N/A,N/A,N/A,N/A,にちようび,にちようび,Chủ Nhật,
日本,vocab,3,"日,本",N/A,N/A,N/A,N/A,にほん,"にほん, にっぽん",Nhật Bản,
日本人,vocab,3,"日,本,人",N/A,N/A,N/A,N/A,にほんじん,にほんじん,Người Nhật,
日本史,vocab,34,"日,本,史",N/A,N/A,N/A,N/A,にほんし,にほんし,Lịch Sử Nhật Bản,
日本語,vocab,12,"日,本,語",N/A,N/A,N/A,N/A,にほんご,にほんご,Tiếng Nhật,
日本酒,vocab,16,"日,本,酒",N/A,N/A,N/A,N/A,にほんしゅ,にほんしゅ,Rượu Nhật,
日焼け止め,vocab,12,"日,焼,止",N/A,N/A,N/A,N/A,ひやけどめ,ひやけどめ,Kem Chống Nắng,
日用品,vocab,14,"日,用,品",N/A,N/A,N/A,N/A,にちようひん,にちようひん,Nichiyouhin,Đồ Dùng Hằng Ngày
日程,vocab,24,"日,程",N/A,N/A,N/A,N/A,にってい,にってい,Lịch Trình,
日記,vocab,40,"日,記",N/A,N/A,N/A,N/A,にっき,にっき,Nhật Ký,
日誌,vocab,45,"日,誌",N/A,N/A,N/A,N/A,にっし,にっし,Nhật Ký,Sổ Ghi Chép
日課,vocab,21,"日,課",N/A,N/A,N/A,N/A,にっか,にっか,TQHN,Thói Quen Hằng Ngày
旦那,vocab,27,"旦,那",N/A,N/A,N/A,N/A,だんな,だんな,Chồng,
旧姓,vocab,49,"旧,姓",N/A,N/A,N/A,N/A,きゅうせい,きゅうせい,Kyuusei,Tên Cũ
旧式,vocab,34,"旧,式",N/A,N/A,N/A,N/A,きゅうしき,きゅうしき,Kiểu Cũ,
旧暦,vocab,34,"旧,暦",N/A,N/A,N/A,N/A,きゅうれき,きゅうれき,Âm Lịch,
旧正月,vocab,34,"旧,正,月",N/A,N/A,N/A,N/A,きゅうしょうがつ,きゅうしょうがつ,Tết Nguyên Đán,
旨い,vocab,37,旨,N/A,N/A,N/A,N/A,うまい,うまい,Ngon,
早い,vocab,3,早,N/A,N/A,N/A,N/A,はやい,はやい,Sớm,Nhanh
早口,vocab,3,"早,口",N/A,N/A,N/A,N/A,はやくち,はやくち,Nhanh Miệng,
早速,vocab,22,"早,速",N/A,N/A,N/A,N/A,さっそく,さっそく,Ngay Lập Tức,
旬,vocab,37,旬,N/A,N/A,N/A,N/A,しゅん,しゅん,Mùa,
昆布,vocab,11,"昆,布",N/A,N/A,N/A,N/A,こんぶ,こんぶ,Konbu,
昆虫,vocab,11,"昆,虫",N/A,N/A,N/A,N/A,こんちゅう,こんちゅう,Côn Trùng,
昇る,vocab,48,昇,N/A,N/A,N/A,N/A,のぼる,のぼる,Lên Cao,
昇給,vocab,48,"昇,給",N/A,N/A,N/A,N/A,しょうきゅう,しょうきゅう,Tăng Lương,
昇進,vocab,48,"昇,進",N/A,N/A,N/A,N/A,しょうしん,しょうしん,Thăng Tiến,Thăng Chức
明かり,vocab,16,明,N/A,N/A,N/A,N/A,あかり,あかり,Ánh Sáng,
明らか,vocab,16,明,N/A,N/A,N/A,N/A,あきらか,あきらか,Hiển Nhiên,
明るい,vocab,16,明,N/A,N/A,N/A,N/A,あかるい,あかるい,Sáng,Tươi Sáng
明後日,vocab,16,"明,後,日",N/A,N/A,N/A,N/A,あさって,あさって,Ngày Kia,
明日,vocab,16,"明,日",N/A,N/A,N/A,N/A,あした,"あした, あす",Ngày Mai,
明朗,vocab,56,"明,朗",N/A,N/A,N/A,N/A,めいろう,めいろう,Vui Tươi,
易い,vocab,23,易,N/A,N/A,N/A,N/A,やすい,やすい,Dễ,
易しい,vocab,23,易,N/A,N/A,N/A,N/A,やさしい,やさしい,Dễ,
昔,vocab,18,昔,N/A,N/A,N/A,N/A,むかし,むかし,Xưa,Ngày Xưa
昔話,vocab,18,"昔,話",N/A,N/A,N/A,N/A,むかしばなし,むかしばなし,Truyện Cổ Tích,
星,vocab,21,星,N/A,N/A,N/A,N/A,ほし,ほし,Sao,
星空,vocab,21,"星,空",N/A,N/A,N/A,N/A,ほしぞら,ほしぞら,Trời Sao,Bầu Trời Sao
映す,vocab,8,映,N/A,N/A,N/A,N/A,うつす,うつす,Chiếu,
映る,vocab,8,映,N/A,N/A,N/A,N/A,うつる,うつる,Được Chiếu,
映像,vocab,28,"映,像",N/A,N/A,N/A,N/A,えいぞう,えいぞう,Hình Ảnh,
映画,vocab,11,"映,画",N/A,N/A,N/A,N/A,えいが,えいが,Phim,
映画館,vocab,14,"映,画,館",N/A,N/A,N/A,N/A,えいがかん,えいがかん,Rạp Phim,Rạp Chiếu Phim
春,vocab,17,春,N/A,N/A,N/A,N/A,はる,はる,Xuân,
春休み,vocab,17,"春,休",N/A,N/A,N/A,N/A,はるやすみ,はるやすみ,Kỳ Nghỉ Xuân,
春季,vocab,18,"春,季",N/A,N/A,N/A,N/A,しゅんき,しゅんき,Mùa Xuân,
春巻き,vocab,20,"春,巻",N/A,N/A,N/A,N/A,はるまき,はるまき,Harumaki,Nem Rán
昨年,vocab,47,"昨,年",N/A,N/A,N/A,N/A,さくねん,さくねん,Năm Ngoái,
昨日,vocab,47,"昨,日",N/A,N/A,N/A,N/A,きのう,"きのう, さくじつ",Hôm Qua,
昨晩,vocab,47,"昨,晩",N/A,N/A,N/A,N/A,さくばん,さくばん,Tối Qua,
昭和時代,vocab,34,"昭,和,時,代",N/A,N/A,N/A,N/A,しょうわじだい,しょうわじだい,Shouwajidai,Thời Đại Shouwa
是非,vocab,23,"是,非",N/A,N/A,N/A,N/A,ぜひ,ぜひ,Zehi,
昼,vocab,14,昼,N/A,N/A,N/A,N/A,ひる,ひる,Trưa,
昼休み,vocab,14,"昼,休",N/A,N/A,N/A,N/A,ひるやすみ,ひるやすみ,Nghỉ Trưa,
昼寝,vocab,19,"昼,寝",N/A,N/A,N/A,N/A,ひるね,ひるね,Ngủ Trưa,
昼間,vocab,14,"昼,間",N/A,N/A,N/A,N/A,ひるま,ひるま,Ban Ngày,
昼食,vocab,14,"昼,食",N/A,N/A,N/A,N/A,ちゅうしょく,ちゅうしょく,Bữa Trưa,
時,vocab,9,時,N/A,N/A,N/A,N/A,とき,とき,Thời Gian,"Lúc, Khi"
時々,vocab,9,"時,々",N/A,N/A,N/A,N/A,ときどき,ときどき,Thỉnh Thoảng,Đôi Khi
時代,vocab,9,"時,代",N/A,N/A,N/A,N/A,じだい,じだい,Thời Đại,
時期,vocab,9,"時,期",N/A,N/A,N/A,N/A,じき,じき,Thời Điểm,Thời Kỳ
時計,vocab,11,"時,計",N/A,N/A,N/A,N/A,とけい,とけい,Đồng Hồ,
時間,vocab,10,"時,間",N/A,N/A,N/A,N/A,じかん,じかん,Thời Gian,
時間割,vocab,25,"時,間,割",N/A,N/A,N/A,N/A,じかんわり,じかんわり,Thời Gian Biểu,
晩,vocab,23,晩,N/A,N/A,N/A,N/A,ばん,ばん,Tối,
普及,vocab,24,"普,及",N/A,N/A,N/A,N/A,ふきゅう,ふきゅう,Phổ Cập,
普段,vocab,24,"普,段",N/A,N/A,N/A,N/A,ふだん,ふだん,Thường,Thường Ngày
普通,vocab,24,"普,通",N/A,N/A,N/A,N/A,ふつう,ふつう,Thường,Thông Thường
普遍,vocab,66,"普,遍",N/A,N/A,N/A,N/A,ふへん,ふへん,Không Đổi,Phổ Biến
景気,vocab,63,"景,気",N/A,N/A,N/A,N/A,けいき,けいき,Kinh Tế,Tình Hình Kinh Tế
景色,vocab,63,"景,色",N/A,N/A,N/A,N/A,けしき,けしき,Cảnh Sắc,Cảnh
晴れる,vocab,63,晴,N/A,N/A,N/A,N/A,はれる,はれる,Quang Đãng,Sáng Tỏ
晴天,vocab,63,"晴,天",N/A,N/A,N/A,N/A,せいてん,せいてん,Trời Đẹp,Seiten
暇,vocab,59,暇,N/A,N/A,N/A,N/A,ひま,ひま,Rảnh,
暑い,vocab,42,暑,N/A,N/A,N/A,N/A,あつい,あつい,Nóng,
暖かい,vocab,36,暖,N/A,N/A,N/A,N/A,あたたかい,"あたたかい, あったかい",Ấm,
暖房,vocab,36,"暖,房",N/A,N/A,N/A,N/A,だんぼう,だんぼう,Máy Sưởi,
暖炉,vocab,36,"暖,炉",N/A,N/A,N/A,N/A,だんろ,だんろ,Lò Sưởi,
暗い,vocab,41,暗,N/A,N/A,N/A,N/A,くらい,くらい,Tối,Đen Tối
暗殺,vocab,41,"暗,殺",N/A,N/A,N/A,N/A,あんさつ,あんさつ,Ám Sát,
暗記,vocab,41,"暗,記",N/A,N/A,N/A,N/A,あんき,あんき,Học Thuộc,
暗闇,vocab,41,"暗,闇",N/A,N/A,N/A,N/A,くらやみ,くらやみ,Bóng Tối,
暗雲,vocab,41,"暗,雲",N/A,N/A,N/A,N/A,あんうん,あんうん,Mây Đen,
暦,vocab,34,暦,N/A,N/A,N/A,N/A,こよみ,こよみ,Lịch,
暫く,vocab,59,暫,N/A,N/A,N/A,N/A,しばらく,しばらく,Chốc Lát,"Một Lúc, Một Thời Gian"
暫定,vocab,59,"暫,定",N/A,N/A,N/A,N/A,ざんてい,ざんてい,Tạm Thời,
暮らす,vocab,45,暮,N/A,N/A,N/A,N/A,くらす,くらす,Sống,
暮れる,vocab,45,暮,N/A,N/A,N/A,N/A,くれる,くれる,Tối Đi,
暴れる,vocab,44,暴,N/A,N/A,N/A,N/A,あばれる,あばれる,Làm Loạn,
暴力,vocab,44,"暴,力",N/A,N/A,N/A,N/A,ぼうりょく,ぼうりょく,Bạo Lực,
暴走,vocab,44,"暴,走",N/A,N/A,N/A,N/A,ぼうそう,ぼうそう,Mất Kiểm Soát,
暴露,vocab,60,"暴,露",N/A,N/A,N/A,N/A,ばくろ,ばくろ,Vạch Trần,
暴騰,vocab,68,"暴,騰",N/A,N/A,N/A,N/A,ぼうとう,ぼうとう,Tăng Đột Ngột,
曇る,vocab,70,曇,N/A,N/A,N/A,N/A,くもる,くもる,Nhiều Mây,
曖昧,vocab,54,"曖,昧",N/A,N/A,N/A,N/A,あいまい,あいまい,Mơ Hồ,Ái Muội
曰く,vocab,33,曰,N/A,N/A,N/A,N/A,いわく,いわく,Theo Lời,
曲,vocab,17,曲,N/A,N/A,N/A,N/A,きょく,きょく,Ca Khúc,"Bài Hát, Nhạc Phẩm"
曲がる,vocab,17,曲,N/A,N/A,N/A,N/A,まがる,まがる,Cong,
曲げる,vocab,17,曲,N/A,N/A,N/A,N/A,まげる,まげる,Uốn Cong,Làm Cong
曲線,vocab,17,"曲,線",N/A,N/A,N/A,N/A,きょくせん,きょくせん,Đường Cong,
更に,vocab,38,更,N/A,N/A,N/A,N/A,さらに,さらに,Hơn Nữa,
更新,vocab,38,"更,新",N/A,N/A,N/A,N/A,こうしん,こうしん,Làm Mới,Cập Nhật
書き方,vocab,14,"書,方",N/A,N/A,N/A,N/A,かきかた,かきかた,Cách Viết,
書き直す,vocab,17,"書,直",N/A,N/A,N/A,N/A,かきなおす,かきなおす,Viết Lại,
書く,vocab,14,書,N/A,N/A,N/A,N/A,かく,かく,Viết,
書店,vocab,16,"書,店",N/A,N/A,N/A,N/A,しょてん,しょてん,Tiệm Sách,Nhà Sách
書斎,vocab,62,"書,斎",N/A,N/A,N/A,N/A,しょさい,しょさい,Thư Phòng,
書類,vocab,40,"書,類",N/A,N/A,N/A,N/A,しょるい,しょるい,Giấy Tờ,
替える,vocab,39,替,N/A,N/A,N/A,N/A,かえる,かえる,Thay Thế,Đổi
最も,vocab,9,最,N/A,N/A,N/A,N/A,もっとも,もっとも,Nhất,
最低,vocab,39,"最,低",N/A,N/A,N/A,N/A,さいてい,さいてい,Tệ Nhất,Thấp Nhất
最初,vocab,9,"最,初",N/A,N/A,N/A,N/A,さいしょ,さいしょ,Đầu Tiên,Ban Đầu
最後,vocab,9,"最,後",N/A,N/A,N/A,N/A,さいご,さいご,Cuối Cùng,
最悪,vocab,12,"最,悪",N/A,N/A,N/A,N/A,さいあく,さいあく,Tệ Nhất,
最終,vocab,11,"最,終",N/A,N/A,N/A,N/A,さいしゅう,さいしゅう,Cuối Cùng,
最近,vocab,9,"最,近",N/A,N/A,N/A,N/A,さいきん,さいきん,Gần Đây,
最適,vocab,40,"最,適",N/A,N/A,N/A,N/A,さいてき,さいてき,Tối Ưu,Thích Hợp Nhất
最高,vocab,9,"最,高",N/A,N/A,N/A,N/A,さいこう,さいこう,Tuyệt Nhất,"Tốt Nhất, Cao Nhất"
月,vocab,3,月,N/A,N/A,N/A,N/A,つき,つき,Mặt Trăng,Tháng
月光,vocab,19,"月,光",N/A,N/A,N/A,N/A,げっこう,げっこう,Ánh Trăng,
月刊,vocab,34,"月,刊",N/A,N/A,N/A,N/A,げっかん,げっかん,Gekkan,Phát Hành Hằng Tháng
月曜日,vocab,25,"月,曜",N/A,N/A,N/A,N/A,げつようび,げつようび,Thứ Hai,
月末,vocab,11,"月,末",N/A,N/A,N/A,N/A,げつまつ,げつまつ,Cuối Tháng,
有り得る,vocab,33,"有,得",N/A,N/A,N/A,N/A,ありえる,ありえる,Có Thể,
有り難う,vocab,24,"有,難",N/A,N/A,N/A,N/A,ありがとう,ありがとう,Cảm Ơn,
有る,vocab,4,有,N/A,N/A,N/A,N/A,ある,ある,Có,
有効,vocab,44,"有,効",N/A,N/A,N/A,N/A,ゆうこう,ゆうこう,Hữu Hiệu,
有名,vocab,4,"有,名",N/A,N/A,N/A,N/A,ゆうめい,ゆうめい,Nổi Tiếng,
有益,vocab,47,"有,益",N/A,N/A,N/A,N/A,ゆうえき,ゆうえき,Hữu Ích,
服,vocab,16,服,N/A,N/A,N/A,N/A,ふく,ふく,Quần Áo,
服装,vocab,17,"服,装",N/A,N/A,N/A,N/A,ふくそう,ふくそう,Quần Áo,Trang Phục
朗らか,vocab,56,朗,N/A,N/A,N/A,N/A,ほがらか,ほがらか,Vui Tươi,
朗読,vocab,56,"朗,読",N/A,N/A,N/A,N/A,ろうどく,ろうどく,Ngâm Thơ,
望む,vocab,20,望,N/A,N/A,N/A,N/A,のぞむ,のぞむ,Mong,"Mong Ước, Mong Muốn"
望遠鏡,vocab,29,"望,遠,鏡",N/A,N/A,N/A,N/A,ぼうえんきょう,ぼうえんきょう,Kính Viễn Vọng,
朝,vocab,14,朝,N/A,N/A,N/A,N/A,あさ,あさ,Sáng,
朝刊,vocab,34,"朝,刊",N/A,N/A,N/A,N/A,ちょうかん,ちょうかん,Báo Sáng,
朝日,vocab,14,"朝,日",N/A,N/A,N/A,N/A,あさひ,あさひ,Asahi,Ánh Nắng Ban Mai
朝食,vocab,14,"朝,食",N/A,N/A,N/A,N/A,ちょうしょく,ちょうしょく,Bữa Sáng,
朝飯,vocab,22,"朝,飯",N/A,N/A,N/A,N/A,あさめし,あさめし,Bữa Sáng,
期待,vocab,9,"期,待",N/A,N/A,N/A,N/A,きたい,きたい,Kỳ Vọng,Mong Đợi
期間,vocab,10,"期,間",N/A,N/A,N/A,N/A,きかん,きかん,Kỳ Hạn,Thời Gian
期限,vocab,12,"期,限",N/A,N/A,N/A,N/A,きげん,きげん,Kỳ Hạn,
木,vocab,3,木,N/A,N/A,N/A,N/A,き,き,Cây,Gỗ
木の実,vocab,10,"木,実",N/A,N/A,N/A,N/A,きのみ,きのみ,Trái,"Quả, Hạt"
木の板,vocab,44,"木,板",N/A,N/A,N/A,N/A,きのいた,きのいた,Ván Gỗ,
木曜日,vocab,25,"木,曜",N/A,N/A,N/A,N/A,もくようび,もくようび,Thứ Năm,
木綿,vocab,45,"木,綿",N/A,N/A,N/A,N/A,もめん,もめん,Bông,
木陰,vocab,61,"木,陰",N/A,N/A,N/A,N/A,こかげ,こかげ,Bóng Cây,
未だ,vocab,9,未,N/A,N/A,N/A,N/A,いまだ,"いまだ, まだ",Chưa,
未成年,vocab,9,"未,成,年",N/A,N/A,N/A,N/A,みせいねん,みせいねん,Vị Thành Niên,
未来,vocab,9,"未,来",N/A,N/A,N/A,N/A,みらい,みらい,Tương Lai,
未満,vocab,34,"未,満",N/A,N/A,N/A,N/A,みまん,みまん,Dưới,
未熟,vocab,69,"未,熟",N/A,N/A,N/A,N/A,みじゅく,みじゅく,Chưa Chín,"Non, Non Nớt"
未練,vocab,45,"未,練",N/A,N/A,N/A,N/A,みれん,みれん,Lưu Luyến,
未遂,vocab,64,"未,遂",N/A,N/A,N/A,N/A,みすい,みすい,Không Thành,
末,vocab,11,末,N/A,N/A,N/A,N/A,すえ,すえ,Cuối,
末っ子,vocab,11,"末,子",N/A,N/A,N/A,N/A,すえっこ,すえっこ,Con Út,
末永い,vocab,28,"末,永",N/A,N/A,N/A,N/A,すえながい,すえながい,Vĩnh Viễn,
本,vocab,3,本,N/A,N/A,N/A,N/A,ほん,ほん,Sách,
本人,vocab,3,"本,人",N/A,N/A,N/A,N/A,ほんにん,ほんにん,Honnin,
本名,vocab,8,"本,名",N/A,N/A,N/A,N/A,ほんみょう,"ほんみょう, ほんめい",Tên Thật,
本屋,vocab,16,"本,屋",N/A,N/A,N/A,N/A,ほんや,ほんや,Tiệm Sách,Nhà Sách
本州,vocab,35,"本,州",N/A,N/A,N/A,N/A,ほんしゅう,ほんしゅう,Honshuu,
本当,vocab,19,"本,当",N/A,N/A,N/A,N/A,ほんとう,ほんとう,Thật,Sự Thật
本日,vocab,3,"本,日",N/A,N/A,N/A,N/A,ほんじつ,ほんじつ,Honjitsu,
本棚,vocab,64,"本,棚",N/A,N/A,N/A,N/A,ほんだな,ほんだな,Giá Sách,
本気,vocab,7,"本,気",N/A,N/A,N/A,N/A,ほんき,ほんき,Nghiêm Túc,
本物,vocab,10,"本,物",N/A,N/A,N/A,N/A,ほんもの,ほんもの,Đồ Thật,Hàng Thật
本能,vocab,10,"本,能",N/A,N/A,N/A,N/A,ほんのう,ほんのう,Bản Năng,
本質,vocab,20,"本,質",N/A,N/A,N/A,N/A,ほんしつ,ほんしつ,Bản Chất,Cốt Lõi
本音,vocab,9,"本,音",N/A,N/A,N/A,N/A,ほんね,ほんね,Thực Tâm,Thực Lòng
札,vocab,33,札,N/A,N/A,N/A,N/A,ふだ,ふだ,Thẻ,"Bảng, Lá Bài"
札束,vocab,33,"札,束",N/A,N/A,N/A,N/A,さつたば,さつたば,Xấp Tiền,
机,vocab,36,机,N/A,N/A,N/A,N/A,つくえ,つくえ,Bàn,
材料,vocab,20,"材,料",N/A,N/A,N/A,N/A,ざいりょう,ざいりょう,Nguyên Liệu,Chất Liệu
材木,vocab,20,"材,木",N/A,N/A,N/A,N/A,ざいもく,ざいもく,Gỗ,Gỗ Xẻ
村,vocab,27,村,N/A,N/A,N/A,N/A,むら,むら,Làng,
村上市,vocab,27,"村,上,市",N/A,N/A,N/A,N/A,むらかみし,むらかみし,Murakamishi,Thành Phố Murakami
村人,vocab,27,"村,人",N/A,N/A,N/A,N/A,むらびと,むらびと,Dân Làng,
束,vocab,24,束,N/A,N/A,N/A,N/A,たば,たば,Bó,
条件,vocab,23,"条,件",N/A,N/A,N/A,N/A,じょうけん,じょうけん,Điều Kiện,Điều Khoản
条約,vocab,24,"条,約",N/A,N/A,N/A,N/A,じょうやく,じょうやく,Hiệp Ước,
来る,vocab,9,来,N/A,N/A,N/A,N/A,くる,くる,Đến,
来年,vocab,9,"来,年",N/A,N/A,N/A,N/A,らいねん,らいねん,Năm Sau,
来月,vocab,9,"来,月",N/A,N/A,N/A,N/A,らいげつ,らいげつ,Tháng Sau,
来週,vocab,11,"来,週",N/A,N/A,N/A,N/A,らいしゅう,らいしゅう,Tuần Sau,
東,vocab,10,東,N/A,N/A,N/A,N/A,ひがし,ひがし,Hướng Đông,Đông
東京,vocab,10,"東,京",N/A,N/A,N/A,N/A,とうきょう,とうきょう,Toukyou,
東北,vocab,10,"東,北",N/A,N/A,N/A,N/A,とうほく,とうほく,Đông Bắc,
東南,vocab,15,"東,南",N/A,N/A,N/A,N/A,とうなん,とうなん,Đông Nam,
東口,vocab,10,"東,口",N/A,N/A,N/A,N/A,ひがしぐち,ひがしぐち,Cửa Đông,
松,vocab,49,松,N/A,N/A,N/A,N/A,まつ,まつ,Cây Thông,Thông
松明,vocab,49,"松,明",N/A,N/A,N/A,N/A,たいまつ,たいまつ,Đuốc,
松笠,vocab,62,"松,笠",N/A,N/A,N/A,N/A,まつかさ,まつかさ,Quả Thông,
松葉,vocab,49,"松,葉",N/A,N/A,N/A,N/A,まつば,まつば,Lá Thông,
枕,vocab,28,枕,N/A,N/A,N/A,N/A,まくら,まくら,Gối,
林,vocab,4,林,N/A,N/A,N/A,N/A,はやし,はやし,Rừng,
果たす,vocab,22,果,N/A,N/A,N/A,N/A,はたす,はたす,Đạt,Hoàn Thành
果実,vocab,22,"果,実",N/A,N/A,N/A,N/A,かじつ,かじつ,Quả,Hạt
果敢,vocab,46,"果,敢",N/A,N/A,N/A,N/A,かかん,かかん,Quả Cảm,
果樹,vocab,50,"果,樹",N/A,N/A,N/A,N/A,かじゅ,かじゅ,Cây Quả,Cây Ăn Quả
果汁,vocab,35,"果,汁",N/A,N/A,N/A,N/A,かじゅう,かじゅう,Nước Hoa Quả,
果物,vocab,22,"果,物",N/A,N/A,N/A,N/A,くだもの,くだもの,Hoa Quả,
枝,vocab,22,枝,N/A,N/A,N/A,N/A,えだ,えだ,Cành,
枝豆,vocab,22,"枝,豆",N/A,N/A,N/A,N/A,えだまめ,えだまめ,Edamame,Đậu Edamame
枠,vocab,31,枠,N/A,N/A,N/A,N/A,わく,わく,Khung,"Khuôn Khổ, Phạm Vi"
枠組み,vocab,31,"枠,組",N/A,N/A,N/A,N/A,わくぐみ,わくぐみ,Khuôn Khổ,
枯れる,vocab,29,枯,N/A,N/A,N/A,N/A,かれる,かれる,Héo,
枯れ木,vocab,29,"枯,木",N/A,N/A,N/A,N/A,かれき,かれき,Cây Héo,Cây Khô
枯れ葉,vocab,29,"枯,葉",N/A,N/A,N/A,N/A,かれは,かれは,Lá Héo,Lá Khô
架空,vocab,53,"架,空",N/A,N/A,N/A,N/A,かくう,かくう,Ảo,Trên Cao
柄,vocab,53,柄,N/A,N/A,N/A,N/A,え,え,Cán,Chuôi
染まる,vocab,29,染,N/A,N/A,N/A,N/A,そまる,そまる,Được Nhuộm,
染める,vocab,29,染,N/A,N/A,N/A,N/A,そめる,そめる,Nhuộm,
柔らかい,vocab,51,柔,N/A,N/A,N/A,N/A,やわらかい,やわらかい,Mềm,Dẻo
柔軟,vocab,51,"柔,軟",N/A,N/A,N/A,N/A,じゅうなん,じゅうなん,Linh Hoạt,Mềm Dẻo
柔道,vocab,51,"柔,道",N/A,N/A,N/A,N/A,じゅうどう,じゅうどう,Juudou,
柱,vocab,29,柱,N/A,N/A,N/A,N/A,はしら,はしら,Cột,Trụ
柴,vocab,36,柴,N/A,N/A,N/A,N/A,しば,しば,Củi,
柴犬,vocab,36,"柴,犬",N/A,N/A,N/A,N/A,しばいぬ,しばいぬ,Shibainu,Chó Shiba
柵,vocab,53,柵,N/A,N/A,N/A,N/A,さく,さく,Hàng Rào,
栄える,vocab,46,栄,N/A,N/A,N/A,N/A,さかえる,さかえる,Phồn Vinh,
栄光,vocab,46,"栄,光",N/A,N/A,N/A,N/A,えいこう,えいこう,Vinh Quang,
栄誉,vocab,46,"栄,誉",N/A,N/A,N/A,N/A,えいよ,えいよ,Vinh Dự,
栄養,vocab,47,"栄,養",N/A,N/A,N/A,N/A,えいよう,えいよう,Dinh Dưỡng,
栄養素,vocab,47,"栄,養,素",N/A,N/A,N/A,N/A,えいようそ,えいようそ,Chất Dinh Dưỡng,
栓,vocab,38,栓,N/A,N/A,N/A,N/A,せん,せん,Nắp Chai,
栓抜き,vocab,38,"栓,抜",N/A,N/A,N/A,N/A,せんぬき,せんぬき,CMNC,Cái Mở Nắp Chai
校庭,vocab,54,"校,庭",N/A,N/A,N/A,N/A,こうてい,こうてい,Sân Trường,
校章,vocab,57,"校,章",N/A,N/A,N/A,N/A,こうしょう,こうしょう,Huy Hiệu,Huy Hiệu Trường
校舎,vocab,50,"校,舎",N/A,N/A,N/A,N/A,こうしゃ,こうしゃ,Kousha,
株,vocab,56,株,N/A,N/A,N/A,N/A,かぶ,かぶ,Cổ Phiếu,Gốc Cây
株式,vocab,56,"株,式",N/A,N/A,N/A,N/A,かぶしき,かぶしき,Cổ Phần,
核,vocab,39,核,N/A,N/A,N/A,N/A,かく,かく,Hạt Nhân,"Lõi, Cốt Lõi"
核兵器,vocab,39,"核,兵,器",N/A,N/A,N/A,N/A,かくへいき,かくへいき,VKHN,Vũ Khí Hạt Nhân
核戦争,vocab,39,"核,戦,争",N/A,N/A,N/A,N/A,かくせんそう,かくせんそう,CTHN,Chiến Tranh Hạt Nhân
根,vocab,50,根,N/A,N/A,N/A,N/A,ね,ね,Rễ,Gốc
根拠,vocab,50,"根,拠",N/A,N/A,N/A,N/A,こんきょ,こんきょ,Căn Cứ,
格好,vocab,33,"格,好",N/A,N/A,N/A,N/A,かっこう,"かっこう, かっこ",Kiểu Dáng,Ngoại Hình
格闘,vocab,40,"格,闘",N/A,N/A,N/A,N/A,かくとう,かくとう,Chiến Đấu,Đánh Nhau
栽培,vocab,58,"栽,培",N/A,N/A,N/A,N/A,さいばい,さいばい,Trồng Trọt,
桃,vocab,57,桃,N/A,N/A,N/A,N/A,もも,もも,Đào,
桃色,vocab,57,"桃,色",N/A,N/A,N/A,N/A,ももいろ,ももいろ,Màu Hồng,
案,vocab,56,案,N/A,N/A,N/A,N/A,あん,あん,Đề Án,Đề Xuất
案内,vocab,56,"案,内",N/A,N/A,N/A,N/A,あんない,あんない,Chỉ Dẫn,
案外,vocab,56,"案,外",N/A,N/A,N/A,N/A,あんがい,あんがい,Không Ngờ,
桜,vocab,26,桜,N/A,N/A,N/A,N/A,さくら,さくら,Anh Đào,Hoa Anh Đào
桜ん坊,vocab,26,"桜,坊",N/A,N/A,N/A,N/A,さくらんぼ,さくらんぼ,Quả Anh Đào,
梅,vocab,4,梅,N/A,N/A,N/A,N/A,うめ,うめ,Quả Mơ,Mơ
梅干し,vocab,4,"梅,干",N/A,N/A,N/A,N/A,うめぼし,うめぼし,Mơ Ngâm Muối,
梅雨,vocab,5,"梅,雨",N/A,N/A,N/A,N/A,つゆ,つゆ,Mùa Mưa,
棄却,vocab,66,"棄,却",N/A,N/A,N/A,N/A,ききゃく,ききゃく,Bác Bỏ,
棋士,vocab,47,"棋,士",N/A,N/A,N/A,N/A,きし,きし,Kỳ Thủ,
棒,vocab,48,棒,N/A,N/A,N/A,N/A,ぼう,ぼう,Gậy,
棚上げ,vocab,64,"棚,上",N/A,N/A,N/A,N/A,たなあげ,たなあげ,Tạm Gác,
森,vocab,7,森,N/A,N/A,N/A,N/A,もり,もり,Rừng,
森林,vocab,7,"森,林",N/A,N/A,N/A,N/A,しんりん,しんりん,Rừng Rậm,Rừng
椅子,vocab,63,"椅,子",N/A,N/A,N/A,N/A,いす,いす,Ghế,
植える,vocab,50,植,N/A,N/A,N/A,N/A,うえる,うえる,Trồng,
植樹,vocab,50,"植,樹",N/A,N/A,N/A,N/A,しょくじゅ,しょくじゅ,Trồng,
植物,vocab,50,"植,物",N/A,N/A,N/A,N/A,しょくぶつ,しょくぶつ,Thực Vật,
検査,vocab,38,"検,査",N/A,N/A,N/A,N/A,けんさ,けんさ,Kiểm Tra,Xét Nghiệm
検疫,vocab,53,"検,疫",N/A,N/A,N/A,N/A,けんえき,けんえき,Kiểm Dịch,
検索,vocab,38,"検,索",N/A,N/A,N/A,N/A,けんさく,けんさく,Tra Cứu,
検討,vocab,57,"検,討",N/A,N/A,N/A,N/A,けんとう,けんとう,Xem Xét,
極める,vocab,63,極,N/A,N/A,N/A,N/A,きわめる,きわめる,Cực Kỳ,"Chinh Phục, Làm Đến Cùng"
極端,vocab,63,"極,端",N/A,N/A,N/A,N/A,きょくたん,きょくたん,Cực Đoan,Cực Độ
楽,vocab,15,楽,N/A,N/A,N/A,N/A,らく,らく,Thoải Mái,
楽しい,vocab,15,楽,N/A,N/A,N/A,N/A,たのしい,たのしい,Vui,
楽しむ,vocab,15,楽,N/A,N/A,N/A,N/A,たのしむ,たのしむ,Tận Hưởng,
楽器,vocab,15,"楽,器",N/A,N/A,N/A,N/A,がっき,がっき,Nhạc Cụ,
概念,vocab,46,"概,念",N/A,N/A,N/A,N/A,がいねん,がいねん,Khái Niệm,
概要,vocab,46,"概,要",N/A,N/A,N/A,N/A,がいよう,がいよう,Tổng Quan,"Sơ Lược, Tóm Tắt"
構う,vocab,21,構,N/A,N/A,N/A,N/A,かまう,かまう,Để Tâm,
構える,vocab,21,構,N/A,N/A,N/A,N/A,かまえる,かまえる,Trang Bị,Vào Vị Trí
構成,vocab,21,"構,成",N/A,N/A,N/A,N/A,こうせい,こうせい,Cấu Thành,
構造,vocab,21,"構,造",N/A,N/A,N/A,N/A,こうぞう,こうぞう,Cấu Tạo,
様々,vocab,21,"様,々",N/A,N/A,N/A,N/A,さまざま,さまざま,Đa Dạng,
様子,vocab,21,"様,子",N/A,N/A,N/A,N/A,ようす,ようす,Tình Trạng,Bộ Dạng
標本,vocab,37,"標,本",N/A,N/A,N/A,N/A,ひょうほん,ひょうほん,Mẫu Vật,Tiêu Bản
標準,vocab,37,"標,準",N/A,N/A,N/A,N/A,ひょうじゅん,ひょうじゅん,Tiêu Chuẩn,
標識,vocab,37,"標,識",N/A,N/A,N/A,N/A,ひょうしき,ひょうしき,Biển Báo,
模型,vocab,45,"模,型",N/A,N/A,N/A,N/A,もけい,もけい,Mô Hình,
模擬,vocab,45,"模,擬",N/A,N/A,N/A,N/A,もぎ,もぎ,Mô Phỏng,
模擬試験,vocab,45,"模,擬,試,験",N/A,N/A,N/A,N/A,もぎしけん,もぎしけん,Kỳ Thi Thử,
模様,vocab,45,"模,様",N/A,N/A,N/A,N/A,もよう,もよう,Hoa Văn,
権利,vocab,48,"権,利",N/A,N/A,N/A,N/A,けんり,けんり,Quyền Lợi,Quyền
権威,vocab,53,"権,威",N/A,N/A,N/A,N/A,けんい,けんい,Chuyên Gia,
横,vocab,38,横,N/A,N/A,N/A,N/A,よこ,よこ,Ngang,
横になる,vocab,38,横,N/A,N/A,N/A,N/A,よこになる,よこになる,Nằm,
横切る,vocab,38,"横,切",N/A,N/A,N/A,N/A,よこぎる,よこぎる,Băng Qua,
横断,vocab,38,"横,断",N/A,N/A,N/A,N/A,おうだん,おうだん,Băng Qua,
横書き,vocab,38,"横,書",N/A,N/A,N/A,N/A,よこがき,よこがき,Viết Ngang,
横浜市,vocab,47,"横,浜,市",N/A,N/A,N/A,N/A,よこはまし,よこはまし,Yokohamashi,Thành Phố Yokohama
樹脂,vocab,60,"樹,脂",N/A,N/A,N/A,N/A,じゅし,じゅし,Resin,Nhựa
樹齢,vocab,50,"樹,齢",N/A,N/A,N/A,N/A,じゅれい,じゅれい,Jurei,Tuổi Thọ Của Cây
橋,vocab,23,橋,N/A,N/A,N/A,N/A,はし,はし,Cầu,
機会,vocab,32,"機,会",N/A,N/A,N/A,N/A,きかい,きかい,Cơ Hội,
機嫌,vocab,36,"機,嫌",N/A,N/A,N/A,N/A,きげん,きげん,Tâm Trạng,
機敏,vocab,57,"機,敏",N/A,N/A,N/A,N/A,きびん,きびん,Nhanh Nhẹn,Linh Hoạt
機械,vocab,60,"機,械",N/A,N/A,N/A,N/A,きかい,きかい,Máy Móc,Cơ Giới
機械化,vocab,60,"機,械,化",N/A,N/A,N/A,N/A,きかいか,きかいか,Máy Móc Hóa,Cơ Giới Hóa
機能,vocab,32,"機,能",N/A,N/A,N/A,N/A,きのう,きのう,Tính Năng,Chức Năng
欄,vocab,46,欄,N/A,N/A,N/A,N/A,らん,らん,Cột,
欠く,vocab,10,欠,N/A,N/A,N/A,N/A,かく,かく,Thiếu,Làm Sứt
欠ける,vocab,10,欠,N/A,N/A,N/A,N/A,かける,かける,Thiếu,Sứt
欠乏,vocab,33,"欠,乏",N/A,N/A,N/A,N/A,けつぼう,けつぼう,Thiếu Hụt,Thiếu
欠伸,vocab,27,"欠,伸",N/A,N/A,N/A,N/A,あくび,あくび,Ngáp,
欠席,vocab,27,"欠,席",N/A,N/A,N/A,N/A,けっせき,けっせき,Vắng Mặt,
欠点,vocab,10,"欠,点",N/A,N/A,N/A,N/A,けってん,けってん,Khuyết Điểm,
欠陥,vocab,58,"欠,陥",N/A,N/A,N/A,N/A,けっかん,けっかん,Lỗi,Sai Sót
次,vocab,24,次,N/A,N/A,N/A,N/A,つぎ,つぎ,Tiếp,
次ぐ,vocab,24,次,N/A,N/A,N/A,N/A,つぐ,つぐ,Tiếp,
次回,vocab,24,"次,回",N/A,N/A,N/A,N/A,じかい,じかい,Lần Sau,
欧州,vocab,35,"欧,州",N/A,N/A,N/A,N/A,おうしゅう,おうしゅう,Châu Âu,
欧米,vocab,35,"欧,米",N/A,N/A,N/A,N/A,おうべい,おうべい,Âu Mỹ,
欲しい,vocab,32,欲,N/A,N/A,N/A,N/A,ほしい,ほしい,Muốn,
欲張り,vocab,32,"欲,張",N/A,N/A,N/A,N/A,よくばり,よくばり,Tham Lam,
欲望,vocab,32,"欲,望",N/A,N/A,N/A,N/A,よくぼう,よくぼう,Dục Vọng,
欺く,vocab,66,欺,N/A,N/A,N/A,N/A,あざむく,あざむく,Lừa,
歌,vocab,13,歌,N/A,N/A,N/A,N/A,うた,うた,Bài Hát,
歌い手,vocab,13,"歌,手",N/A,N/A,N/A,N/A,うたいて,うたいて,Utaite,
歌う,vocab,13,歌,N/A,N/A,N/A,N/A,うたう,うたう,Hát,
歌声,vocab,13,"歌,声",N/A,N/A,N/A,N/A,うたごえ,うたごえ,Giọng Hát,
歌手,vocab,13,"歌,手",N/A,N/A,N/A,N/A,かしゅ,かしゅ,Ca Sĩ,
歌舞伎,vocab,37,"歌,舞,伎",N/A,N/A,N/A,N/A,かぶき,かぶき,Kabuki,
歌詞,vocab,20,"歌,詞",N/A,N/A,N/A,N/A,かし,かし,Lời,Lời Bài Hát
歌謡,vocab,39,"歌,謡",N/A,N/A,N/A,N/A,かよう,かよう,Ca Dao,
歓喜,vocab,39,"歓,喜",N/A,N/A,N/A,N/A,かんき,かんき,Hoan Hỉ,
歓声,vocab,39,"歓,声",N/A,N/A,N/A,N/A,かんせい,かんせい,Hoan Hô,
歓迎,vocab,39,"歓,迎",N/A,N/A,N/A,N/A,かんげい,かんげい,Hoan Nghênh,Chào Mừng
止まる,vocab,6,止,N/A,N/A,N/A,N/A,とまる,とまる,Dừng,
止む,vocab,7,止,N/A,N/A,N/A,N/A,やむ,やむ,Dừng,Ngưng
止める,vocab,5,止,N/A,N/A,N/A,N/A,とめる,とめる,Dừng,
正しい,vocab,8,正,N/A,N/A,N/A,N/A,ただしい,ただしい,Đúng,
正に,vocab,9,正,N/A,N/A,N/A,N/A,まさに,まさに,Đúng,
正午,vocab,8,"正,午",N/A,N/A,N/A,N/A,しょうご,しょうご,Giữa Trưa,
正反対,vocab,8,"正,反,対",N/A,N/A,N/A,N/A,せいはんたい,せいはんたい,HTTN,Hoàn Toàn Trái Ngược
正式,vocab,57,"正,式",N/A,N/A,N/A,N/A,せいしき,せいしき,Chính Thức,
正方形,vocab,32,"正,方,形",N/A,N/A,N/A,N/A,せいほうけい,せいほうけい,Hình Vuông,
正直,vocab,17,"正,直",N/A,N/A,N/A,N/A,しょうじき,しょうじき,Thẳng Thắn,Thành Thật
正確,vocab,32,"正,確",N/A,N/A,N/A,N/A,せいかく,せいかく,Chính Xác,
正義,vocab,29,"正,義",N/A,N/A,N/A,N/A,せいぎ,せいぎ,Chính Nghĩa,
正解,vocab,9,"正,解",N/A,N/A,N/A,N/A,せいかい,せいかい,Đúng,
正面,vocab,62,"正,面",N/A,N/A,N/A,N/A,しょうめん,しょうめん,Chính Diện,Trước
武器,vocab,15,"武,器",N/A,N/A,N/A,N/A,ぶき,ぶき,Vũ Khí,
武士,vocab,15,"武,士",N/A,N/A,N/A,N/A,ぶし,ぶし,Võ Sĩ,
武装,vocab,17,"武,装",N/A,N/A,N/A,N/A,ぶそう,ぶそう,Vũ Trang,
武道,vocab,15,"武,道",N/A,N/A,N/A,N/A,ぶどう,ぶどう,Võ Thuật,
武道館,vocab,15,"武,道,館",N/A,N/A,N/A,N/A,ぶどうかん,ぶどうかん,Budoukan,
歩く,vocab,11,歩,N/A,N/A,N/A,N/A,あるく,あるく,Đi Bộ,
歩む,vocab,11,歩,N/A,N/A,N/A,N/A,あゆむ,あゆむ,Bước Đi,
歩行者,vocab,11,"歩,行,者",N/A,N/A,N/A,N/A,ほこうしゃ,ほこうしゃ,Người Đi Bộ,
歩道,vocab,11,"歩,道",N/A,N/A,N/A,N/A,ほどう,ほどう,Vỉa Hè,Đường Đi Bộ
歯,vocab,16,歯,N/A,N/A,N/A,N/A,は,は,Răng,
歯医者,vocab,16,"歯,医,者",N/A,N/A,N/A,N/A,はいしゃ,はいしゃ,Nha Sĩ,
歯磨き,vocab,70,"歯,磨",N/A,N/A,N/A,N/A,はみがき,はみがき,Đánh Răng,
歯科,vocab,16,"歯,科",N/A,N/A,N/A,N/A,しか,しか,Nha Khoa,
歯茎,vocab,50,"歯,茎",N/A,N/A,N/A,N/A,はぐき,はぐき,Lợi,
歯車,vocab,16,"歯,車",N/A,N/A,N/A,N/A,はぐるま,はぐるま,Bánh Răng,
歳,vocab,23,歳,N/A,N/A,N/A,N/A,とし,とし,Tuổi,
歴史,vocab,34,"歴,史",N/A,N/A,N/A,N/A,れきし,れきし,Lịch Sử,
死,vocab,8,死,N/A,N/A,N/A,N/A,し,し,Cái Chết,
死ぬ,vocab,8,死,N/A,N/A,N/A,N/A,しぬ,しぬ,Chết,
死亡,vocab,8,"死,亡",N/A,N/A,N/A,N/A,しぼう,しぼう,Tử Vong,
死体,vocab,8,"死,体",N/A,N/A,N/A,N/A,したい,したい,Thi Thể,
死刑,vocab,37,"死,刑",N/A,N/A,N/A,N/A,しけい,しけい,Tử Hình,
死去,vocab,15,"死,去",N/A,N/A,N/A,N/A,しきょ,しきょ,Cái Chết,
死神,vocab,9,"死,神",N/A,N/A,N/A,N/A,しにがみ,しにがみ,Thần Chết,
殊に,vocab,39,殊,N/A,N/A,N/A,N/A,ことに,ことに,Nhất Là,Đặc Biệt Là
残す,vocab,41,残,N/A,N/A,N/A,N/A,のこす,のこす,Để Lại,
残る,vocab,41,残,N/A,N/A,N/A,N/A,のこる,のこる,Còn Lại,
残念,vocab,41,"残,念",N/A,N/A,N/A,N/A,ざんねん,ざんねん,Đáng Tiếc,
残業,vocab,41,"残,業",N/A,N/A,N/A,N/A,ざんぎょう,ざんぎょう,Tăng Ca,
残酷,vocab,68,"残,酷",N/A,N/A,N/A,N/A,ざんこく,ざんこく,Tàn Nhẫn,Tàn Khốc
残高,vocab,41,"残,高",N/A,N/A,N/A,N/A,ざんだか,ざんだか,Số Dư,
殴り合う,vocab,33,"殴,合",N/A,N/A,N/A,N/A,なぐりあう,なぐりあう,Đánh Nhau,
殴る,vocab,33,殴,N/A,N/A,N/A,N/A,なぐる,なぐる,Đấm,Đánh
殴打,vocab,33,"殴,打",N/A,N/A,N/A,N/A,おうだ,おうだ,Đánh Đập,Hành Hung
段階,vocab,23,"段,階",N/A,N/A,N/A,N/A,だんかい,だんかい,Giai Đoạn,
殺し屋,vocab,26,"殺,屋",N/A,N/A,N/A,N/A,ころしや,ころしや,Sát Thủ,
殺す,vocab,26,殺,N/A,N/A,N/A,N/A,ころす,ころす,Giết,
殺人,vocab,26,"殺,人",N/A,N/A,N/A,N/A,さつじん,さつじん,Giết Người,
殺菌,vocab,53,"殺,菌",N/A,N/A,N/A,N/A,さっきん,さっきん,Sát Khuẩn,
殺虫剤,vocab,30,"殺,虫,剤",N/A,N/A,N/A,N/A,さっちゅうざい,さっちゅうざい,Thuốc Trừ Sâu,Thuốc Diệt Côn Trùng
殻,vocab,40,殻,N/A,N/A,N/A,N/A,から,から,Vỏ,
殿下,vocab,57,"殿,下",N/A,N/A,N/A,N/A,でんか,でんか,Điện Hạ,
母,vocab,3,母,N/A,N/A,N/A,N/A,はは,はは,Mẹ,
母乳,vocab,39,"母,乳",N/A,N/A,N/A,N/A,ぼにゅう,ぼにゅう,Sữa Mẹ,
母国語,vocab,12,"母,国,語",N/A,N/A,N/A,N/A,ぼこくご,ぼこくご,Tiếng Mẹ Đẻ,
母親,vocab,15,"母,親",N/A,N/A,N/A,N/A,ははおや,ははおや,Mẹ,
毎回,vocab,3,"毎,回",N/A,N/A,N/A,N/A,まいかい,まいかい,Mỗi Lần,
毎年,vocab,8,"毎,年",N/A,N/A,N/A,N/A,まいとし,"まいとし, まいねん",Hằng Năm,
毎日,vocab,3,"毎,日",N/A,N/A,N/A,N/A,まいにち,まいにち,Hằng Ngày,
毎晩,vocab,23,"毎,晩",N/A,N/A,N/A,N/A,まいばん,まいばん,Hằng Tối,
毎月,vocab,3,"毎,月",N/A,N/A,N/A,N/A,まいつき,"まいつき, まいげつ",Hằng Tháng,
毒,vocab,36,毒,N/A,N/A,N/A,N/A,どく,どく,Độc,
毒薬,vocab,36,"毒,薬",N/A,N/A,N/A,N/A,どくやく,どくやく,Thuốc Độc,
比べる,vocab,7,比,N/A,N/A,N/A,N/A,くらべる,くらべる,So Sánh,
比例,vocab,43,"比,例",N/A,N/A,N/A,N/A,ひれい,ひれい,Tỷ Lệ,
比率,vocab,44,"比,率",N/A,N/A,N/A,N/A,ひりつ,ひりつ,Tỷ Lệ,Tỷ Suất
比較,vocab,13,"比,較",N/A,N/A,N/A,N/A,ひかく,ひかく,So Sánh,
比較的,vocab,13,"比,較,的",N/A,N/A,N/A,N/A,ひかくてき,ひかくてき,Tương Đối,
毛,vocab,11,毛,N/A,N/A,N/A,N/A,け,け,Lông,
毛布,vocab,11,"毛,布",N/A,N/A,N/A,N/A,もうふ,もうふ,Chăn,
毛皮,vocab,15,"毛,皮",N/A,N/A,N/A,N/A,けがわ,けがわ,Lông,
毛糸,vocab,20,"毛,糸",N/A,N/A,N/A,N/A,けいと,けいと,Len,
毛虫,vocab,11,"毛,虫",N/A,N/A,N/A,N/A,けむし,けむし,Sâu Róm,Sâu Bướm
氏名,vocab,15,"氏,名",N/A,N/A,N/A,N/A,しめい,しめい,Họ Tên,Tên Đầy Đủ
民俗,vocab,53,"民,俗",N/A,N/A,N/A,N/A,みんぞく,みんぞく,Minzoku,Văn Hóa Dân Gian
民族,vocab,13,"民,族",N/A,N/A,N/A,N/A,みんぞく,みんぞく,Dân Tộc,
民謡,vocab,39,"民,謡",N/A,N/A,N/A,N/A,みんよう,みんよう,Dân Ca,
気にする,vocab,7,気,N/A,N/A,N/A,N/A,きにする,きにする,Quan Tâm,Bận Tâm
気になる,vocab,7,気,N/A,N/A,N/A,N/A,きになる,きになる,Tò Mò,Bận Tâm
気の毒,vocab,36,"気,毒",N/A,N/A,N/A,N/A,きのどく,きのどく,Tội Nghiệp,
気付く,vocab,8,"気,付",N/A,N/A,N/A,N/A,きづく,きづく,Nhận Ra,
気体,vocab,8,"気,体",N/A,N/A,N/A,N/A,きたい,きたい,Thể Khí,
気候,vocab,30,"気,候",N/A,N/A,N/A,N/A,きこう,きこう,Khí Hậu,
気分,vocab,7,"気,分",N/A,N/A,N/A,N/A,きぶん,きぶん,Tâm Trạng,
気合,vocab,8,"気,合",N/A,N/A,N/A,N/A,きあい,きあい,Tinh Thần,
気持ち,vocab,8,"気,持",N/A,N/A,N/A,N/A,きもち,きもち,Cảm Xúc,
気持ち悪い,vocab,12,"気,持,悪",N/A,N/A,N/A,N/A,きもちわるい,きもちわるい,Tởm,
気持ち良い,vocab,12,"気,持,良",N/A,N/A,N/A,N/A,きもちいい,"きもちいい, きもちよい",Sướng,
気温,vocab,28,"気,温",N/A,N/A,N/A,N/A,きおん,きおん,Nhiệt Độ,Nhiệt Độ Không Khí
気球,vocab,36,"気,球",N/A,N/A,N/A,N/A,ききゅう,ききゅう,Khí Cầu,Khinh Khí Cầu
気絶,vocab,29,"気,絶",N/A,N/A,N/A,N/A,きぜつ,きぜつ,Bất Tỉnh,Ngất Xỉu
気象庁,vocab,13,"気,象,庁",N/A,N/A,N/A,N/A,きしょうちょう,きしょうちょう,Cục Khí Tượng,
気軽,vocab,36,"気,軽",N/A,N/A,N/A,N/A,きがる,きがる,Thoải Mái,
水,vocab,3,水,N/A,N/A,N/A,N/A,みず,みず,Nước,
水分,vocab,4,"水,分",N/A,N/A,N/A,N/A,すいぶん,すいぶん,Hàm Lượng Nước,
水族館,vocab,14,"水,族,館",N/A,N/A,N/A,N/A,すいぞくかん,すいぞくかん,Thủy Cung,
水晶,vocab,66,"水,晶",N/A,N/A,N/A,N/A,すいしょう,すいしょう,Pha Lê,
水曜日,vocab,25,"水,曜",N/A,N/A,N/A,N/A,すいようび,すいようび,Thứ Tư,
水泳,vocab,20,"水,泳",N/A,N/A,N/A,N/A,すいえい,すいえい,Bơi Lội,Bơi
水滴,vocab,68,"水,滴",N/A,N/A,N/A,N/A,すいてき,すいてき,Giọt Nước,
水田,vocab,3,"水,田",N/A,N/A,N/A,N/A,すいでん,すいでん,Ruộng Lúa Nước,
水着,vocab,18,"水,着",N/A,N/A,N/A,N/A,みずぎ,みずぎ,Đồ Bơi,
水道,vocab,7,"水,道",N/A,N/A,N/A,N/A,すいどう,すいどう,Nước Máy,
水銀,vocab,26,"水,銀",N/A,N/A,N/A,N/A,すいぎん,すいぎん,Thủy Ngân,
氷,vocab,34,氷,N/A,N/A,N/A,N/A,こおり,こおり,Băng,
氷山,vocab,34,"氷,山",N/A,N/A,N/A,N/A,ひょうざん,ひょうざん,Tảng Băng,
永久,vocab,28,"永,久",N/A,N/A,N/A,N/A,えいきゅう,えいきゅう,Vĩnh Cửu,
永遠,vocab,28,"永,遠",N/A,N/A,N/A,N/A,えいえん,えいえん,Vĩnh Viễn,
汁,vocab,35,汁,N/A,N/A,N/A,N/A,しる,しる,Nước Cốt,
求める,vocab,13,求,N/A,N/A,N/A,N/A,もとめる,もとめる,Yêu Cầu,Muốn
求人,vocab,13,"求,人",N/A,N/A,N/A,N/A,きゅうじん,きゅうじん,Tuyển Dụng,
汗,vocab,20,汗,N/A,N/A,N/A,N/A,あせ,あせ,Mồ Hôi,
汗をかく,vocab,20,汗,N/A,N/A,N/A,N/A,あせをかく,あせをかく,Đổ Mồ Hôi,
汚い,vocab,29,汚,N/A,N/A,N/A,N/A,きたない,きたない,Bẩn,
汚す,vocab,29,汚,N/A,N/A,N/A,N/A,よごす,"よごす, けがす",Làm Bẩn,
汚れる,vocab,29,汚,N/A,N/A,N/A,N/A,よごれる,"よごれる, けがれる",Bị Bẩn,
汚染,vocab,29,"汚,染",N/A,N/A,N/A,N/A,おせん,おせん,Ô Nhiễm,
汚部屋,vocab,58,"汚,部,屋",N/A,N/A,N/A,N/A,おべや,おべや,Phòng Bẩn,
江戸川,vocab,37,"江,戸,川",N/A,N/A,N/A,N/A,えどがわ,えどがわ,Edogawa,
江戸時代,vocab,37,"江,戸,時,代",N/A,N/A,N/A,N/A,えどじだい,えどじだい,Edojidai,Thời Đại Edo
池,vocab,20,池,N/A,N/A,N/A,N/A,いけ,いけ,Ao,
池袋,vocab,60,"池,袋",N/A,N/A,N/A,N/A,いけぶくろ,いけぶくろ,Ikebukuro,
汲み取る,vocab,41,"汲,取",N/A,N/A,N/A,N/A,くみとる,くみとる,Thấu Hiểu,
汲む,vocab,41,汲,N/A,N/A,N/A,N/A,くむ,くむ,Múc,
決まる,vocab,10,決,N/A,N/A,N/A,N/A,きまる,きまる,Được Quyết Định,
決める,vocab,10,決,N/A,N/A,N/A,N/A,きめる,きめる,Quyết Định,
決勝,vocab,18,"決,勝",N/A,N/A,N/A,N/A,けっしょう,けっしょう,Chung Kết,
決定,vocab,10,"決,定",N/A,N/A,N/A,N/A,けってい,けってい,Quyết Định,
決心,vocab,10,"決,心",N/A,N/A,N/A,N/A,けっしん,けっしん,Quyết Tâm,
決断,vocab,38,"決,断",N/A,N/A,N/A,N/A,けつだん,けつだん,Quyết Đoán,
決裂,vocab,64,"決,裂",N/A,N/A,N/A,N/A,けつれつ,けつれつ,Quyết Liệt,
汽船,vocab,42,"汽,船",N/A,N/A,N/A,N/A,きせん,きせん,Tàu Hơi Nước,Tàu Thủy Hơi Nước
汽車,vocab,42,"汽,車",N/A,N/A,N/A,N/A,きしゃ,きしゃ,Tàu Hơi Nước,Tàu Hỏa Hơi Nước
沈む,vocab,40,沈,N/A,N/A,N/A,N/A,しずむ,しずむ,Chìm,Đắm
沈める,vocab,40,沈,N/A,N/A,N/A,N/A,しずめる,しずめる,Làm Chìm,Nhấn Chìm
沈没,vocab,40,"沈,没",N/A,N/A,N/A,N/A,ちんぼつ,ちんぼつ,Chìm,Đắm
沈黙,vocab,40,"沈,黙",N/A,N/A,N/A,N/A,ちんもく,ちんもく,Im Lặng,
沖縄県,vocab,27,"沖,縄,県",N/A,N/A,N/A,N/A,おきなわけん,おきなわけん,Okinawaken,Tỉnh Okinawa
没収,vocab,40,"没,収",N/A,N/A,N/A,N/A,ぼっしゅう,ぼっしゅう,Tịch Thu,
没落,vocab,40,"没,落",N/A,N/A,N/A,N/A,ぼつらく,ぼつらく,Suy Tàn,Sụp Đổ
沢,vocab,42,沢,N/A,N/A,N/A,N/A,さわ,さわ,Khe Nước,
沢山,vocab,42,"沢,山",N/A,N/A,N/A,N/A,たくさん,たくさん,Nhiều,Đủ
河,vocab,25,河,N/A,N/A,N/A,N/A,かわ,かわ,Sông,
河川,vocab,25,"河,川",N/A,N/A,N/A,N/A,かせん,かせん,Sông Ngòi,
沸かす,vocab,48,沸,N/A,N/A,N/A,N/A,わかす,わかす,Đun Sôi,Làm Sôi
沸く,vocab,48,沸,N/A,N/A,N/A,N/A,わく,わく,Sôi,
沸騰,vocab,68,"沸,騰",N/A,N/A,N/A,N/A,ふっとう,ふっとう,Sôi,
油,vocab,38,油,N/A,N/A,N/A,N/A,あぶら,あぶら,Dầu,
油断,vocab,38,"油,断",N/A,N/A,N/A,N/A,ゆだん,ゆだん,Lơ Là,Chủ Quan
治す,vocab,6,治,N/A,N/A,N/A,N/A,なおす,なおす,Chữa,
治る,vocab,6,治,N/A,N/A,N/A,N/A,なおる,なおる,Khỏi,
治安,vocab,6,"治,安",N/A,N/A,N/A,N/A,ちあん,ちあん,An Ninh,
治療,vocab,70,"治,療",N/A,N/A,N/A,N/A,ちりょう,ちりょう,Trị Liệu,
沼,vocab,48,沼,N/A,N/A,N/A,N/A,ぬま,ぬま,Đầm Lầy,Đầm
沿う,vocab,44,沿,N/A,N/A,N/A,N/A,そう,そう,Dọc Theo,Ven
沿岸,vocab,44,"沿,岸",N/A,N/A,N/A,N/A,えんがん,えんがん,Dọc Bờ,
泉,vocab,28,泉,N/A,N/A,N/A,N/A,いずみ,いずみ,Suối,
泊まる,vocab,48,泊,N/A,N/A,N/A,N/A,とまる,とまる,Trọ,
泊める,vocab,48,泊,N/A,N/A,N/A,N/A,とめる,とめる,Cho Trọ,
法則,vocab,28,"法,則",N/A,N/A,N/A,N/A,ほうそく,ほうそく,Định Luật,
法律,vocab,28,"法,律",N/A,N/A,N/A,N/A,ほうりつ,ほうりつ,Pháp Luật,
泡,vocab,49,泡,N/A,N/A,N/A,N/A,あわ,"あわ, あぶく",Bọt,Bong Bóng
泡立つ,vocab,49,"泡,立",N/A,N/A,N/A,N/A,あわだつ,あわだつ,Nổi Bọt,
泡立てる,vocab,49,"泡,立",N/A,N/A,N/A,N/A,あわだてる,あわだてる,Đánh Bọt,
波,vocab,34,波,N/A,N/A,N/A,N/A,なみ,なみ,Sóng,
泣き顔,vocab,14,"泣,顔",N/A,N/A,N/A,N/A,なきがお,なきがお,Mặt Khóc,
泣く,vocab,14,泣,N/A,N/A,N/A,N/A,なく,なく,Khóc,
泥,vocab,48,泥,N/A,N/A,N/A,N/A,どろ,どろ,Bùn,
泥棒,vocab,48,"泥,棒",N/A,N/A,N/A,N/A,どろぼう,どろぼう,Kẻ Trộm,
泥沼,vocab,48,"泥,沼",N/A,N/A,N/A,N/A,どろぬま,どろぬま,Đầm Lầy,Bùn Lầy
注ぐ,vocab,16,注,N/A,N/A,N/A,N/A,そそぐ,"そそぐ, つぐ",Rót,
注射,vocab,56,"注,射",N/A,N/A,N/A,N/A,ちゅうしゃ,ちゅうしゃ,Tiêm,
注意,vocab,16,"注,意",N/A,N/A,N/A,N/A,ちゅうい,ちゅうい,Chú Ý,Nhắc Nhở
注文,vocab,16,"注,文",N/A,N/A,N/A,N/A,ちゅうもん,ちゅうもん,Gọi Món,Đặt Hàng
泳ぐ,vocab,20,泳,N/A,N/A,N/A,N/A,およぐ,およぐ,Bơi,
洋室,vocab,17,"洋,室",N/A,N/A,N/A,N/A,ようしつ,ようしつ,Youshitsu,Phòng Kiểu Tây
洋風,vocab,14,"洋,風",N/A,N/A,N/A,N/A,ようふう,ようふう,Kiểu Tây,
洋食,vocab,14,"洋,食",N/A,N/A,N/A,N/A,ようしょく,ようしょく,Youshoku,Món Ăn Kiểu Tây
洒落,vocab,46,"洒,落",N/A,N/A,N/A,N/A,しゃれ,しゃれ,Nói Đùa,
洗い物,vocab,27,"洗,物",N/A,N/A,N/A,N/A,あらいもの,あらいもの,Rửa Bát,"Đồ Rửa, Đồ Giặt"
洗う,vocab,27,洗,N/A,N/A,N/A,N/A,あらう,あらう,Rửa,
洗剤,vocab,30,"洗,剤",N/A,N/A,N/A,N/A,せんざい,せんざい,Chất Tẩy Rửa,
洗浄,vocab,27,"洗,浄",N/A,N/A,N/A,N/A,せんじょう,せんじょう,Làm Sạch,Vệ Sinh
洗浄剤,vocab,30,"洗,浄,剤",N/A,N/A,N/A,N/A,せんじょうざい,せんじょうざい,Chất Làm Sạch,
洗濯,vocab,70,"洗,濯",N/A,N/A,N/A,N/A,せんたく,せんたく,Giặt,
洗濯機,vocab,70,"洗,濯,機",N/A,N/A,N/A,N/A,せんたくき,"せんたくき, せんたっき",Máy Giặt,
津波,vocab,34,"津,波",N/A,N/A,N/A,N/A,つなみ,つなみ,Tsunami,Sóng Thần
洪水,vocab,54,"洪,水",N/A,N/A,N/A,N/A,こうずい,こうずい,Lũ Lụt,
活かす,vocab,47,活,N/A,N/A,N/A,N/A,いかす,いかす,Vận Dụng,
活動,vocab,18,"活,動",N/A,N/A,N/A,N/A,かつどう,かつどう,Hoạt Động,
活気,vocab,18,"活,気",N/A,N/A,N/A,N/A,かっき,かっき,Sôi Động,
活用,vocab,18,"活,用",N/A,N/A,N/A,N/A,かつよう,かつよう,Tận Dụng,
活躍,vocab,47,"活,躍",N/A,N/A,N/A,N/A,かつやく,かつやく,Hoạt Động,"Hoạt Động Tích Cực, Thành Tích Tốt"
派手,vocab,51,"派,手",N/A,N/A,N/A,N/A,はで,はで,Lòe Loẹt,
派遣,vocab,51,"派,遣",N/A,N/A,N/A,N/A,はけん,はけん,Phái Cử,
流す,vocab,22,流,N/A,N/A,N/A,N/A,ながす,ながす,Làm Trôi,
流れる,vocab,22,流,N/A,N/A,N/A,N/A,ながれる,ながれる,Trôi,
流れ星,vocab,22,"流,星",N/A,N/A,N/A,N/A,ながれぼし,ながれぼし,Sao Băng,
流石,vocab,23,"流,石",N/A,N/A,N/A,N/A,さすが,さすが,Sasuga,
流行,vocab,23,"流,行",N/A,N/A,N/A,N/A,りゅうこう,りゅうこう,Thịnh Hành,Lây Lan
流行る,vocab,23,"流,行",N/A,N/A,N/A,N/A,はやる,はやる,Thịnh Hành,Lây Lan
流通,vocab,22,"流,通",N/A,N/A,N/A,N/A,りゅうつう,りゅうつう,Lưu Thông,
浅い,vocab,33,浅,N/A,N/A,N/A,N/A,あさい,あさい,Nông,Nông Cạn
浅はか,vocab,33,浅,N/A,N/A,N/A,N/A,あさはか,あさはか,Nông Cạn,
浅ましい,vocab,33,浅,N/A,N/A,N/A,N/A,あさましい,あさましい,Nhu Nhược,Đáng Khinh
浅草,vocab,33,"浅,草",N/A,N/A,N/A,N/A,あさくさ,あさくさ,Asakusa,
浜辺,vocab,47,"浜,辺",N/A,N/A,N/A,N/A,はまべ,はまべ,Bãi Biển,
浪人,vocab,58,"浪,人",N/A,N/A,N/A,N/A,ろうにん,ろうにん,Rounin,
浪費,vocab,58,"浪,費",N/A,N/A,N/A,N/A,ろうひ,ろうひ,Lãng Phí,
浮かぶ,vocab,42,浮,N/A,N/A,N/A,N/A,うかぶ,うかぶ,Nổi,
浮かれる,vocab,43,浮,N/A,N/A,N/A,N/A,うかれる,うかれる,Vui Mừng,
浮き輪,vocab,42,"浮,輪",N/A,N/A,N/A,N/A,うきわ,うきわ,Phao,
浮く,vocab,42,浮,N/A,N/A,N/A,N/A,うく,うく,Nổi,
浮上,vocab,58,"浮,上",N/A,N/A,N/A,N/A,ふじょう,ふじょう,Nổi,"Vươn Lên, Dấn Lên"
浮気,vocab,43,"浮,気",N/A,N/A,N/A,N/A,うわき,うわき,Ngoại Tình,
浮遊,vocab,58,"浮,遊",N/A,N/A,N/A,N/A,ふゆう,ふゆう,Lơ Lửng,
浴びる,vocab,53,浴,N/A,N/A,N/A,N/A,あびる,あびる,Tắm,
浴衣,vocab,53,"浴,衣",N/A,N/A,N/A,N/A,ゆかた,ゆかた,Yukata,
海,vocab,7,海,N/A,N/A,N/A,N/A,うみ,うみ,Biển,
海外,vocab,7,"海,外",N/A,N/A,N/A,N/A,かいがい,かいがい,Nước Ngoài,
海岸,vocab,44,"海,岸",N/A,N/A,N/A,N/A,かいがん,かいがん,Ven Biển,Bờ Biển
海底,vocab,44,"海,底",N/A,N/A,N/A,N/A,かいてい,かいてい,Đáy Biển,
海水浴,vocab,53,"海,水,浴",N/A,N/A,N/A,N/A,かいすいよく,かいすいよく,Tắm Biển,
海老,vocab,25,"海,老",N/A,N/A,N/A,N/A,えび,えび,Tôm,
海藻,vocab,68,"海,藻",N/A,N/A,N/A,N/A,かいそう,かいそう,Tảo Biển,Rong Biển
海豚,vocab,12,"海,豚",N/A,N/A,N/A,N/A,いるか,いるか,Cá Heo,
海賊,vocab,32,"海,賊",N/A,N/A,N/A,N/A,かいぞく,かいぞく,Hải Tặc,
海軍,vocab,39,"海,軍",N/A,N/A,N/A,N/A,かいぐん,かいぐん,Hải Quân,
浸かる,vocab,56,浸,N/A,N/A,N/A,N/A,つかる,つかる,Được Ngâm,Ngâm Mình
浸ける,vocab,56,浸,N/A,N/A,N/A,N/A,つける,つける,Ngâm,Nhúng
浸す,vocab,56,浸,N/A,N/A,N/A,N/A,ひたす,ひたす,Ngâm,Nhúng
浸る,vocab,56,浸,N/A,N/A,N/A,N/A,ひたる,ひたる,Được Ngâm,Đắm Chìm
浸透,vocab,56,"浸,透",N/A,N/A,N/A,N/A,しんとう,しんとう,Thẩm Thấu,
消える,vocab,14,消,N/A,N/A,N/A,N/A,きえる,きえる,Biến Mất,
消しゴム,vocab,13,消,N/A,N/A,N/A,N/A,けしごむ,けしごむ,Cục Tẩy,
消す,vocab,13,消,N/A,N/A,N/A,N/A,けす,けす,Xóa,
消化,vocab,13,"消,化",N/A,N/A,N/A,N/A,しょうか,しょうか,Tiêu Hóa,
消極的,vocab,63,"消,極,的",N/A,N/A,N/A,N/A,しょうきょくてき,しょうきょくてき,Tiêu Cực,
消毒,vocab,36,"消,毒",N/A,N/A,N/A,N/A,しょうどく,しょうどく,Khử Trùng,
消火器,vocab,15,"消,火,器",N/A,N/A,N/A,N/A,しょうかき,しょうかき,Bình Cứu Hỏa,Bình Chữa Cháy
消火栓,vocab,50,"消,火,栓",N/A,N/A,N/A,N/A,しょうかせん,しょうかせん,TNCH,Trụ Nước Cứu Hỏa
消費,vocab,58,"消,費",N/A,N/A,N/A,N/A,しょうひ,しょうひ,Tiêu Dùng,
消防士,vocab,14,"消,防,士",N/A,N/A,N/A,N/A,しょうぼうし,しょうぼうし,Lính Cứu Hỏa,
消防署,vocab,14,"消,防,署",N/A,N/A,N/A,N/A,しょうぼうしょ,しょうぼうしょ,Sở Cứu Hỏa,
涙,vocab,24,涙,N/A,N/A,N/A,N/A,なみだ,なみだ,Nước Mắt,
液体,vocab,25,"液,体",N/A,N/A,N/A,N/A,えきたい,えきたい,Thể Lỏng,
液晶,vocab,66,"液,晶",N/A,N/A,N/A,N/A,えきしょう,えきしょう,Tinh Thể Lỏng,
涼しい,vocab,59,涼,N/A,N/A,N/A,N/A,すずしい,すずしい,Mát,
涼む,vocab,59,涼,N/A,N/A,N/A,N/A,すずむ,すずむ,Hóng Mát,
淡水,vocab,62,"淡,水",N/A,N/A,N/A,N/A,たんすい,たんすい,Nước Ngọt,
淡水魚,vocab,62,"淡,水,魚",N/A,N/A,N/A,N/A,たんすいぎょ,たんすいぎょ,Cá Nước Ngọt,
深い,vocab,32,深,N/A,N/A,N/A,N/A,ふかい,ふかい,Sâu,Sâu Sắc
深める,vocab,32,深,N/A,N/A,N/A,N/A,ふかめる,ふかめる,Làm Sâu,Làm Sâu Sắc
深刻,vocab,43,"深,刻",N/A,N/A,N/A,N/A,しんこく,しんこく,Nghiêm Trọng,
深呼吸,vocab,32,"深,呼,吸",N/A,N/A,N/A,N/A,しんこきゅう,しんこきゅう,Hít Thở Sâu,
深夜,vocab,32,"深,夜",N/A,N/A,N/A,N/A,しんや,しんや,Đêm Khuya,
混ざる,vocab,39,混,N/A,N/A,N/A,N/A,まざる,まざる,Lẫn,Được Trộn
混じる,vocab,39,混,N/A,N/A,N/A,N/A,まじる,まじる,Lẫn,Được Trộn
混ぜる,vocab,39,混,N/A,N/A,N/A,N/A,まぜる,まぜる,Trộn,
混む,vocab,40,混,N/A,N/A,N/A,N/A,こむ,こむ,Đông Đúc,
混乱,vocab,39,"混,乱",N/A,N/A,N/A,N/A,こんらん,こんらん,Hỗn Loạn,Bối Rối
混合,vocab,39,"混,合",N/A,N/A,N/A,N/A,こんごう,こんごう,Hỗn Hợp,
混雑,vocab,45,"混,雑",N/A,N/A,N/A,N/A,こんざつ,こんざつ,Đông Đúc,Tắc Đường
添える,vocab,61,添,N/A,N/A,N/A,N/A,そえる,そえる,Đính Kèm,
添付,vocab,61,"添,付",N/A,N/A,N/A,N/A,てんぷ,てんぷ,Đính Kèm,
添加物,vocab,61,"添,加,物",N/A,N/A,N/A,N/A,てんかぶつ,てんかぶつ,Chất Phụ Gia,
清い,vocab,27,清,N/A,N/A,N/A,N/A,きよい,きよい,Trong Sạch,Trong Trắng
清掃,vocab,59,"清,掃",N/A,N/A,N/A,N/A,せいそう,せいそう,Dọn Sạch,Dọn Vệ Sinh
清書,vocab,27,"清,書",N/A,N/A,N/A,N/A,せいしょ,せいしょ,Seisho,Bản Viết Chính Thức
清浄,vocab,27,"清,浄",N/A,N/A,N/A,N/A,せいじょう,"せいじょう, しょうじょう",Thanh Tịnh,Sạch
清涼飲料,vocab,59,"清,涼,飲,料",N/A,N/A,N/A,N/A,せいりょういんりょう,せいりょういんりょう,Nước Giải Khát,
清潔,vocab,59,"清,潔",N/A,N/A,N/A,N/A,せいけつ,せいけつ,Sạch Sẽ,Thanh Khiết
渇く,vocab,35,渇,N/A,N/A,N/A,N/A,かわく,かわく,Khát,
渇望,vocab,35,"渇,望",N/A,N/A,N/A,N/A,かつぼう,かつぼう,Khát Vọng,
済ませる,vocab,15,済,N/A,N/A,N/A,N/A,すませる,すませる,Kết Thúc,
済まない,vocab,14,済,N/A,N/A,N/A,N/A,すまない,すまない,Xin Lỗi,
済む,vocab,14,済,N/A,N/A,N/A,N/A,すむ,すむ,Kết Thúc,
渋い,vocab,25,渋,N/A,N/A,N/A,N/A,しぶい,しぶい,Chát,
渋滞,vocab,67,"渋,滞",N/A,N/A,N/A,N/A,じゅうたい,じゅうたい,Tắc Đường,
渋谷,vocab,25,"渋,谷",N/A,N/A,N/A,N/A,しぶや,しぶや,Shibuya,
減らす,vocab,24,減,N/A,N/A,N/A,N/A,へらす,へらす,Giảm,
減る,vocab,24,減,N/A,N/A,N/A,N/A,へる,へる,Giảm,
減少,vocab,24,"減,少",N/A,N/A,N/A,N/A,げんしょう,げんしょう,Giảm Thiểu,
減速,vocab,24,"減,速",N/A,N/A,N/A,N/A,げんそく,げんそく,Giảm Tốc,
渡す,vocab,46,渡,N/A,N/A,N/A,N/A,わたす,わたす,Đưa,
渡る,vocab,46,渡,N/A,N/A,N/A,N/A,わたる,わたる,Băng Qua,
温かい,vocab,28,温,N/A,N/A,N/A,N/A,あたたかい,"あたたかい, あったかい",Ấm,
温まる,vocab,28,温,N/A,N/A,N/A,N/A,あたたまる,"あたたまる, あったまる",Ấm Lên,
温める,vocab,28,温,N/A,N/A,N/A,N/A,あたためる,"あたためる, あっためる",Làm Ấm,
温厚,vocab,51,"温,厚",N/A,N/A,N/A,N/A,おんこう,おんこう,Dịu Dàng,
温帯,vocab,28,"温,帯",N/A,N/A,N/A,N/A,おんたい,おんたい,Ôn Đới,
温度,vocab,28,"温,度",N/A,N/A,N/A,N/A,おんど,おんど,Nhiệt Độ,
温暖,vocab,36,"温,暖",N/A,N/A,N/A,N/A,おんだん,おんだん,Ấm,
温泉,vocab,28,"温,泉",N/A,N/A,N/A,N/A,おんせん,おんせん,Onsen,Suối Nước Nóng
測る,vocab,60,測,N/A,N/A,N/A,N/A,はかる,はかる,Đo,
測定,vocab,60,"測,定",N/A,N/A,N/A,N/A,そくてい,そくてい,Đo,Đo Đạc
測量,vocab,60,"測,量",N/A,N/A,N/A,N/A,そくりょう,そくりょう,Đo,Đo Đạc
港,vocab,46,港,N/A,N/A,N/A,N/A,みなと,みなと,Cảng,
湖,vocab,48,湖,N/A,N/A,N/A,N/A,みずうみ,みずうみ,Hồ,
湖沼,vocab,48,"湖,沼",N/A,N/A,N/A,N/A,こしょう,こしょう,Đầm,Hồ
湧く,vocab,66,湧,N/A,N/A,N/A,N/A,わく,わく,Trỗi Dậy,"Nảy Ra, Phun Trào"
湯気,vocab,63,"湯,気",N/A,N/A,N/A,N/A,ゆげ,ゆげ,Hơi Nước,
湯飲み,vocab,63,"湯,飲",N/A,N/A,N/A,N/A,ゆのみ,ゆのみ,Tách Trà,
湾,vocab,64,湾,N/A,N/A,N/A,N/A,わん,わん,Vịnh,
湿る,vocab,63,湿,N/A,N/A,N/A,N/A,しめる,しめる,Ẩm,
湿地,vocab,63,"湿,地",N/A,N/A,N/A,N/A,しっち,しっち,Đầm Lầy,
湿気,vocab,63,"湿,気",N/A,N/A,N/A,N/A,しっけ,しっけ,Sự Ẩm,Hơi Ẩm
湿気る,vocab,63,"湿,気",N/A,N/A,N/A,N/A,しっける,しっける,Ỉu,
満たす,vocab,35,満,N/A,N/A,N/A,N/A,みたす,みたす,Đáp Ứng,
満ちる,vocab,35,満,N/A,N/A,N/A,N/A,みちる,みちる,Đầy,
満喫,vocab,34,"満,喫",N/A,N/A,N/A,N/A,まんきつ,まんきつ,Tận Hưởng,Thưởng Thức
満点,vocab,34,"満,点",N/A,N/A,N/A,N/A,まんてん,まんてん,Manten,Điểm Tuyệt Đối
満足,vocab,34,"満,足",N/A,N/A,N/A,N/A,まんぞく,まんぞく,Hài Lòng,"Thỏa Mãn, Mãn Nguyện"
源,vocab,66,源,N/A,N/A,N/A,N/A,みなもと,みなもと,Nguồn,
源氏,vocab,66,"源,氏",N/A,N/A,N/A,N/A,げんじ,げんじ,Genji,
準備,vocab,37,"準,備",N/A,N/A,N/A,N/A,じゅんび,じゅんび,Chuẩn Bị,
準備万端,vocab,63,"準,備,万,端",N/A,N/A,N/A,N/A,じゅんびばんたん,じゅんびばんたん,Chuẩn Bị Vẹn Toàn,
溜まる,vocab,54,溜,N/A,N/A,N/A,N/A,たまる,たまる,Tích Tụ,
溜める,vocab,54,溜,N/A,N/A,N/A,N/A,ためる,ためる,Tích Lũy,
溜め息,vocab,54,"溜,息",N/A,N/A,N/A,N/A,ためいき,ためいき,Thở Dài,
溜息,vocab,54,"溜,息",N/A,N/A,N/A,N/A,ためいき,ためいき,Thở Dài,
溢す,vocab,66,溢,N/A,N/A,N/A,N/A,こぼす,こぼす,Làm Đổ,
溢れる,vocab,66,溢,N/A,N/A,N/A,N/A,あふれる,"あふれる, こぼれる",Tràn,Bị Đổ
溶かす,vocab,48,溶,N/A,N/A,N/A,N/A,とかす,とかす,Làm Tan,
溶ける,vocab,48,溶,N/A,N/A,N/A,N/A,とける,とける,Tan,
溶岩,vocab,48,"溶,岩",N/A,N/A,N/A,N/A,ようがん,ようがん,Dung Nham,
滅びる,vocab,36,滅,N/A,N/A,N/A,N/A,ほろびる,ほろびる,Diệt Vong,Tiêu Tan
滅ぼす,vocab,36,滅,N/A,N/A,N/A,N/A,ほろぼす,ほろぼす,Hủy Diệt,
滅亡,vocab,36,"滅,亡",N/A,N/A,N/A,N/A,めつぼう,めつぼう,Diệt Vong,
滅茶苦茶,vocab,36,"滅,茶,苦",N/A,N/A,N/A,N/A,めちゃくちゃ,めちゃくちゃ,Mechakucha,
滑らか,vocab,46,滑,N/A,N/A,N/A,N/A,なめらか,なめらか,Trơn Tru,Mịn
滑る,vocab,46,滑,N/A,N/A,N/A,N/A,すべる,すべる,Trơn,Trượt
滝,vocab,67,滝,N/A,N/A,N/A,N/A,たき,たき,Thác,
滝川,vocab,67,"滝,川",N/A,N/A,N/A,N/A,たきがわ,たきがわ,Thác Ghềnh,Ghềnh
滞る,vocab,67,滞,N/A,N/A,N/A,N/A,とどこおる,とどこおる,Trì Trệ,
滞在,vocab,67,"滞,在",N/A,N/A,N/A,N/A,たいざい,たいざい,Lưu Trú,
滴,vocab,68,滴,N/A,N/A,N/A,N/A,しずく,しずく,Giọt,
漁る,vocab,43,漁,N/A,N/A,N/A,N/A,あさる,あさる,Bới,"Lục, Đánh Bắt Cá"
漁師,vocab,43,"漁,師",N/A,N/A,N/A,N/A,りょうし,りょうし,Ngư Dân,
漁業,vocab,43,"漁,業",N/A,N/A,N/A,N/A,ぎょぎょう,ぎょぎょう,Ngư Nghiệp,
漁船,vocab,43,"漁,船",N/A,N/A,N/A,N/A,ぎょせん,ぎょせん,Tàu Đánh Cá,
漂う,vocab,68,漂,N/A,N/A,N/A,N/A,ただよう,ただよう,Trôi Dạt,Trôi Nổi
漂流,vocab,68,"漂,流",N/A,N/A,N/A,N/A,ひょうりゅう,ひょうりゅう,Trôi Dạt,
漏らす,vocab,68,漏,N/A,N/A,N/A,N/A,もらす,もらす,Làm Lộ,"Làm Rò Rỉ, Tè Dầm"
漏れる,vocab,68,漏,N/A,N/A,N/A,N/A,もれる,もれる,Rỉ,Rò Rỉ
演じる,vocab,29,演,N/A,N/A,N/A,N/A,えんじる,えんじる,Diễn,
演劇,vocab,38,"演,劇",N/A,N/A,N/A,N/A,えんげき,えんげき,Kịch,
演奏,vocab,52,"演,奏",N/A,N/A,N/A,N/A,えんそう,えんそう,Chơi Nhạc,Trình Diễn
演奏会,vocab,52,"演,奏,会",N/A,N/A,N/A,N/A,えんそうかい,えんそうかい,Buổi Hòa Nhạc,
演技,vocab,39,"演,技",N/A,N/A,N/A,N/A,えんぎ,えんぎ,Diễn Xuất,Diễn
演歌,vocab,51,"演,歌",N/A,N/A,N/A,N/A,えんか,えんか,Enka,
演説,vocab,29,"演,説",N/A,N/A,N/A,N/A,えんぜつ,えんぜつ,Diễn Thuyết,
漠然,vocab,46,"漠,然",N/A,N/A,N/A,N/A,ばくぜん,ばくぜん,Mơ Hồ,
漢字,vocab,46,"漢,字",N/A,N/A,N/A,N/A,かんじ,かんじ,Kanji,Hán Tự
漢方薬,vocab,46,"漢,方,薬",N/A,N/A,N/A,N/A,かんぽうやく,かんぽうやく,Thuốc Bắc,
漫喫,vocab,33,"漫,喫",N/A,N/A,N/A,N/A,まんきつ,まんきつ,Mankitsu,Cafe Manga
漫才,vocab,32,"漫,才",N/A,N/A,N/A,N/A,まんざい,まんざい,Manzai,
漫画,vocab,32,"漫,画",N/A,N/A,N/A,N/A,まんが,まんが,Manga,
漬かる,vocab,58,漬,N/A,N/A,N/A,N/A,つかる,つかる,Được Muối,Được Ngâm
漬ける,vocab,58,漬,N/A,N/A,N/A,N/A,つける,つける,Muối,Ngâm
漬け物,vocab,58,"漬,物",N/A,N/A,N/A,N/A,つけもの,つけもの,Đồ Muối,
潔い,vocab,59,潔,N/A,N/A,N/A,N/A,いさぎよい,いさぎよい,Trong Sạch,Hiên Ngang
潜る,vocab,47,潜,N/A,N/A,N/A,N/A,もぐる,"もぐる, くぐる",Lặn,Chui
潜水,vocab,47,"潜,水",N/A,N/A,N/A,N/A,せんすい,せんすい,Lặn,
潜水艦,vocab,47,"潜,水,艦",N/A,N/A,N/A,N/A,せんすいかん,せんすいかん,Tàu Ngầm,
潤う,vocab,69,潤,N/A,N/A,N/A,N/A,うるおう,うるおう,Ẩm,Hưởng Lợi
潮,vocab,69,潮,N/A,N/A,N/A,N/A,しお,しお,Thủy Triều,
潮干狩り,vocab,69,"潮,干,狩",N/A,N/A,N/A,N/A,しおひがり,しおひがり,Cào Sò,
潮流,vocab,69,"潮,流",N/A,N/A,N/A,N/A,ちょうりゅう,ちょうりゅう,Xu Hướng,Trào Lưu
潰す,vocab,69,潰,N/A,N/A,N/A,N/A,つぶす,つぶす,Nghiền Nát,
潰れる,vocab,69,潰,N/A,N/A,N/A,N/A,つぶれる,つぶれる,Bị Nghiền Nát,
澄ます,vocab,69,澄,N/A,N/A,N/A,N/A,すます,すます,Làm Trong Trẻo,
澄む,vocab,69,澄,N/A,N/A,N/A,N/A,すむ,すむ,Trong Trẻo,Trong
激しい,vocab,42,激,N/A,N/A,N/A,N/A,はげしい,はげしい,Khốc Liệt,Gắt
激励,vocab,42,"激,励",N/A,N/A,N/A,N/A,げきれい,げきれい,Khích Lệ,
濁す,vocab,70,濁,N/A,N/A,N/A,N/A,にごす,にごす,Làm Đục,"Làm Mờ, Lảng Tránh"
濁る,vocab,70,濁,N/A,N/A,N/A,N/A,にごる,にごる,Đục,"Mờ, Khàn, Không Rõ"
濃い,vocab,57,濃,N/A,N/A,N/A,N/A,こい,こい,Đặc,Đậm
濃度,vocab,57,"濃,度",N/A,N/A,N/A,N/A,のうど,のうど,Nồng Độ,
濡らす,vocab,70,濡,N/A,N/A,N/A,N/A,ぬらす,ぬらす,Làm Ướt,
濡れる,vocab,70,濡,N/A,N/A,N/A,N/A,ぬれる,ぬれる,Ướt,
火,vocab,3,火,N/A,N/A,N/A,N/A,ひ,ひ,Lửa,
火事,vocab,10,"火,事",N/A,N/A,N/A,N/A,かじ,かじ,Hỏa Hoạn,Cháy
火傷,vocab,36,"火,傷",N/A,N/A,N/A,N/A,やけど,やけど,Vết Bỏng,Bỏng
火山,vocab,3,"火,山",N/A,N/A,N/A,N/A,かざん,かざん,Núi Lửa,
火星,vocab,21,"火,星",N/A,N/A,N/A,N/A,かせい,かせい,Sao Hỏa,
火曜日,vocab,25,"火,曜",N/A,N/A,N/A,N/A,かようび,かようび,Thứ Ba,
火災,vocab,23,"火,災",N/A,N/A,N/A,N/A,かさい,かさい,Hỏa Hoạn,
灯台,vocab,35,"灯,台",N/A,N/A,N/A,N/A,とうだい,とうだい,Hải Đăng,
灰,vocab,20,灰,N/A,N/A,N/A,N/A,はい,はい,Tro,Tàn
灰皿,vocab,20,"灰,皿",N/A,N/A,N/A,N/A,はいざら,はいざら,Gạt Tàn,
灰色,vocab,20,"灰,色",N/A,N/A,N/A,N/A,はいいろ,はいいろ,Màu Xám,
災害,vocab,24,"災,害",N/A,N/A,N/A,N/A,さいがい,さいがい,Thiên Tai,
災難,vocab,23,"災,難",N/A,N/A,N/A,N/A,さいなん,さいなん,Hoạn Nạn,
炊く,vocab,22,炊,N/A,N/A,N/A,N/A,たく,たく,Nấu Cơm,
炊事,vocab,22,"炊,事",N/A,N/A,N/A,N/A,すいじ,すいじ,Nấu Ăn,
炊飯器,vocab,22,"炊,飯,器",N/A,N/A,N/A,N/A,すいはんき,すいはんき,Nồi Cơm,
炎,vocab,38,炎,N/A,N/A,N/A,N/A,ほのお,ほのお,Ngọn Lửa,Lửa
炎上,vocab,38,"炎,上",N/A,N/A,N/A,N/A,えんじょう,えんじょう,Bùng Cháy,Bị Ném Đá
炎症,vocab,38,"炎,症",N/A,N/A,N/A,N/A,えんしょう,えんしょう,Viêm,
炒める,vocab,48,炒,N/A,N/A,N/A,N/A,いためる,いためる,Xào,
炒る,vocab,48,炒,N/A,N/A,N/A,N/A,いる,いる,Chiên,Rang
炒飯,vocab,48,"炒,飯",N/A,N/A,N/A,N/A,ちゃーはん,ちゃーはん,Cơm Rang,
炭,vocab,51,炭,N/A,N/A,N/A,N/A,すみ,すみ,Than,
炭素,vocab,54,"炭,素",N/A,N/A,N/A,N/A,たんそ,たんそ,Carbon,C
炭酸飲料,vocab,51,"炭,酸,飲,料",N/A,N/A,N/A,N/A,たんさんいんりょう,たんさんいんりょう,Đồ Uống Có Ga,
炭鉱,vocab,51,"炭,鉱",N/A,N/A,N/A,N/A,たんこう,たんこう,Mỏ Than,
点,vocab,10,点,N/A,N/A,N/A,N/A,てん,てん,Điểm,
点数,vocab,30,"点,数",N/A,N/A,N/A,N/A,てんすう,てんすう,Điểm Số,Điểm
点滅,vocab,36,"点,滅",N/A,N/A,N/A,N/A,てんめつ,てんめつ,Nhấp Nháy,
点滴,vocab,68,"点,滴",N/A,N/A,N/A,N/A,てんてき,てんてき,Truyền Nước,
為,vocab,34,為,N/A,N/A,N/A,N/A,ため,ため,Vì,Để
為る,vocab,34,為,N/A,N/A,N/A,N/A,する,する,Làm,
為替,vocab,40,"為,替",N/A,N/A,N/A,N/A,かわせ,かわせ,Đổi Tiền,Hối Đoái
無い,vocab,13,無,N/A,N/A,N/A,N/A,ない,ない,Không,Không Có
無くす,vocab,13,無,N/A,N/A,N/A,N/A,なくす,なくす,Làm Mất,
無くなる,vocab,13,無,N/A,N/A,N/A,N/A,なくなる,なくなる,Mất,
無事,vocab,14,"無,事",N/A,N/A,N/A,N/A,ぶじ,ぶじ,Vô Sự,Bình Yên Vô Sự
無償,vocab,60,"無,償",N/A,N/A,N/A,N/A,むしょう,むしょう,Miễn Phí,
無双,vocab,19,"無,双",N/A,N/A,N/A,N/A,むそう,むそう,Vô Song,
無害,vocab,24,"無,害",N/A,N/A,N/A,N/A,むがい,むがい,Vô Hại,
無敵,vocab,37,"無,敵",N/A,N/A,N/A,N/A,むてき,むてき,Vô Địch,
無料,vocab,17,"無,料",N/A,N/A,N/A,N/A,むりょう,むりょう,Miễn Phí,
無条件,vocab,23,"無,条,件",N/A,N/A,N/A,N/A,むじょうけん,むじょうけん,Vô Điều Kiện,
無理,vocab,14,"無,理",N/A,N/A,N/A,N/A,むり,むり,Không Thể,Vô Lý
無理矢理,vocab,14,"無,理",N/A,N/A,N/A,N/A,むりやり,むりやり,Bắt,"Ép, Gượng Ép"
無益,vocab,47,"無,益",N/A,N/A,N/A,N/A,むえき,むえき,Vô Ích,
無線,vocab,17,"無,線",N/A,N/A,N/A,N/A,むせん,むせん,Vô Tuyến,Không Dây
無縁,vocab,59,"無,縁",N/A,N/A,N/A,N/A,むえん,むえん,Không Liên Quan,
無罪,vocab,25,"無,罪",N/A,N/A,N/A,N/A,むざい,むざい,Vô Tội,
無職,vocab,18,"無,職",N/A,N/A,N/A,N/A,むしょく,むしょく,Thất Nghiệp,
無視,vocab,13,"無,視",N/A,N/A,N/A,N/A,むし,むし,Phớt Lờ,Làm Ngơ
無言,vocab,14,"無,言",N/A,N/A,N/A,N/A,むごん,むごん,Im Lặng,Không Nói
無謀,vocab,61,"無,謀",N/A,N/A,N/A,N/A,むぼう,むぼう,Liều Lĩnh,Hấp Tấp
無責任,vocab,22,"無,責,任",N/A,N/A,N/A,N/A,むせきにん,むせきにん,Vô Trách Nhiệm,
無邪気,vocab,31,"無,邪,気",N/A,N/A,N/A,N/A,むじゃき,むじゃき,Hồn Nhiên,
無限,vocab,13,"無,限",N/A,N/A,N/A,N/A,むげん,むげん,Vô Hạn,
無駄,vocab,46,"無,駄",N/A,N/A,N/A,N/A,むだ,むだ,Vô Ích,
無駄遣い,vocab,51,"無,駄,遣",N/A,N/A,N/A,N/A,むだづかい,むだづかい,Lãng Phí,
焦げる,vocab,65,焦,N/A,N/A,N/A,N/A,こげる,こげる,Cháy,
焦る,vocab,65,焦,N/A,N/A,N/A,N/A,あせる,あせる,Cuống,Vội
焦点,vocab,65,"焦,点",N/A,N/A,N/A,N/A,しょうてん,しょうてん,Tiêu Điểm,
焼き肉,vocab,12,"焼,肉",N/A,N/A,N/A,N/A,やきにく,やきにく,Yakiniku,Thịt Nướng
焼く,vocab,12,焼,N/A,N/A,N/A,N/A,やく,やく,Nướng,
焼ける,vocab,12,焼,N/A,N/A,N/A,N/A,やける,やける,Được Nướng,"Chín, Cháy"
焼酎,vocab,57,"焼,酎",N/A,N/A,N/A,N/A,しょうちゅう,しょうちゅう,Shouchuu,
焼餅,vocab,57,"焼,餅",N/A,N/A,N/A,N/A,やきもち,やきもち,Yakimochi,
煎る,vocab,58,煎,N/A,N/A,N/A,N/A,いる,いる,Rang,
煎茶,vocab,58,"煎,茶",N/A,N/A,N/A,N/A,せんちゃ,せんちゃ,Sencha,
煎餅,vocab,58,"煎,餅",N/A,N/A,N/A,N/A,せんべい,せんべい,Senbei,
煙,vocab,33,煙,N/A,N/A,N/A,N/A,けむり,けむり,Khói,
煙たい,vocab,33,煙,N/A,N/A,N/A,N/A,けむたい,けむたい,Ngột Ngạt,
煙突,vocab,33,"煙,突",N/A,N/A,N/A,N/A,えんとつ,えんとつ,Ống Khói,
煙草,vocab,33,"煙,草",N/A,N/A,N/A,N/A,たばこ,たばこ,Thuốc Lá,
照らす,vocab,65,照,N/A,N/A,N/A,N/A,てらす,てらす,Chiếu Sáng,
照る,vocab,65,照,N/A,N/A,N/A,N/A,てる,てる,Chiếu Sáng,
照れる,vocab,65,照,N/A,N/A,N/A,N/A,てれる,てれる,Ngại,"Mắc Cỡ, Đỏ Mặt"
照明器具,vocab,65,"照,明,器,具",N/A,N/A,N/A,N/A,しょうめいきぐ,しょうめいきぐ,TBCS,Thiết Bị Chiếu Sáng
煩い,vocab,36,煩,N/A,N/A,N/A,N/A,うるさい,うるさい,Ồn,Phiền
煩悩,vocab,36,"煩,悩",N/A,N/A,N/A,N/A,ぼんのう,ぼんのう,Phiền Não,
煮える,vocab,64,煮,N/A,N/A,N/A,N/A,にえる,にえる,Nhừ,Chín
煮る,vocab,64,煮,N/A,N/A,N/A,N/A,にる,にる,Luộc,Hầm
煮沸,vocab,64,"煮,沸",N/A,N/A,N/A,N/A,しゃふつ,しゃふつ,Đun Sôi,
煮物,vocab,64,"煮,物",N/A,N/A,N/A,N/A,にもの,にもの,Món Luộc,Món Hầm
煮込む,vocab,64,"煮,込",N/A,N/A,N/A,N/A,にこむ,にこむ,Ninh,
煽てる,vocab,45,煽,N/A,N/A,N/A,N/A,おだてる,おだてる,Nịnh,Tâng Bốc
煽る,vocab,45,煽,N/A,N/A,N/A,N/A,あおる,あおる,Khiêu Khích,
熊,vocab,68,熊,N/A,N/A,N/A,N/A,くま,くま,Gấu,
熊本城,vocab,68,"熊,本,城",N/A,N/A,N/A,N/A,くまもとじょう,くまもとじょう,Kumamotojou,Thành Kumamoto
熟す,vocab,69,熟,N/A,N/A,N/A,N/A,じゅくす,じゅくす,Chín,
熟語,vocab,69,"熟,語",N/A,N/A,N/A,N/A,じゅくご,じゅくご,Jukugo,Cụm Từ
熱,vocab,28,熱,N/A,N/A,N/A,N/A,ねつ,ねつ,Nhiệt,Sốt
熱い,vocab,28,熱,N/A,N/A,N/A,N/A,あつい,あつい,Nóng,
熱中,vocab,51,"熱,中",N/A,N/A,N/A,N/A,ねっちゅう,ねっちゅう,Say Mê,
熱帯,vocab,28,"熱,帯",N/A,N/A,N/A,N/A,ねったい,ねったい,Nhiệt Đới,
熱心,vocab,28,"熱,心",N/A,N/A,N/A,N/A,ねっしん,ねっしん,Nhiệt Tâm,Nhiệt Tình
熱湯,vocab,63,"熱,湯",N/A,N/A,N/A,N/A,ねっとう,ねっとう,Nước Sôi,
熱烈,vocab,42,"熱,烈",N/A,N/A,N/A,N/A,ねつれつ,ねつれつ,Nhiệt Liệt,
熱狂的,vocab,42,"熱,狂,的",N/A,N/A,N/A,N/A,ねっきょうてき,ねっきょうてき,Cuồng Nhiệt,
燃える,vocab,58,燃,N/A,N/A,N/A,N/A,もえる,もえる,Cháy,
燃やす,vocab,58,燃,N/A,N/A,N/A,N/A,もやす,もやす,Đốt,
燃料,vocab,58,"燃,料",N/A,N/A,N/A,N/A,ねんりょう,ねんりょう,Nhiên Liệu,
爆弾,vocab,44,"爆,弾",N/A,N/A,N/A,N/A,ばくだん,ばくだん,Bom,
爆撃,vocab,44,"爆,撃",N/A,N/A,N/A,N/A,ばくげき,ばくげき,Ném Bom,
爆発,vocab,44,"爆,発",N/A,N/A,N/A,N/A,ばくはつ,ばくはつ,Nổ,Bộc Phát
爆睡,vocab,63,"爆,睡",N/A,N/A,N/A,N/A,ばくすい,ばくすい,Ngủ Say,Ngủ Như Chết
爆竹,vocab,44,"爆,竹",N/A,N/A,N/A,N/A,ばくちく,ばくちく,Pháo,
爆笑,vocab,44,"爆,笑",N/A,N/A,N/A,N/A,ばくしょう,ばくしょう,Cười Lớn,
爪,vocab,29,爪,N/A,N/A,N/A,N/A,つめ,つめ,Móng,
爪先,vocab,29,"爪,先",N/A,N/A,N/A,N/A,つまさき,つまさき,Mũi Chân,Đầu Ngón Chân
爪切り,vocab,29,"爪,切",N/A,N/A,N/A,N/A,つめきり,つめきり,Bấm Móng,
父,vocab,3,父,N/A,N/A,N/A,N/A,ちち,ちち,Bố,
父母,vocab,3,"父,母",N/A,N/A,N/A,N/A,ふぼ,"ふぼ, ちちはは",Bố Mẹ,Phụ Mẫu
父親,vocab,15,"父,親",N/A,N/A,N/A,N/A,ちちおや,ちちおや,Bố,
爽やか,vocab,62,爽,N/A,N/A,N/A,N/A,さわやか,さわやか,Sảng Khoái,Trong Lành
爽快,vocab,62,"爽,快",N/A,N/A,N/A,N/A,そうかい,そうかい,Sảng Khoái,
片～,vocab,12,片,N/A,N/A,N/A,N/A,かた,かた,Kata,Một Bên
片付く,vocab,12,"片,付",N/A,N/A,N/A,N/A,かたづく,かたづく,Được Dọn Dẹp,Được Giải Quyết
片付ける,vocab,12,"片,付",N/A,N/A,N/A,N/A,かたづける,かたづける,Dọn Dẹp,Giải Quyết
片仮名,vocab,12,"片,仮,名",N/A,N/A,N/A,N/A,かたかな,かたかな,Katakana,
片側,vocab,58,"片,側",N/A,N/A,N/A,N/A,かたがわ,かたがわ,Một Bên,Một Chiều
片寄る,vocab,53,"片,寄",N/A,N/A,N/A,N/A,かたよる,かたよる,Nghiêng,"Lệch, Thiên Về, Thiên Vị"
片思い,vocab,20,"片,思",N/A,N/A,N/A,N/A,かたおもい,かたおもい,Tình Đơn Phương,
片隅,vocab,64,"片,隅",N/A,N/A,N/A,N/A,かたすみ,かたすみ,Góc,
版権,vocab,48,"版,権",N/A,N/A,N/A,N/A,はんけん,はんけん,Bản Quyền,
牛,vocab,5,牛,N/A,N/A,N/A,N/A,うし,うし,Bò,
牛丼,vocab,34,"牛,丼",N/A,N/A,N/A,N/A,ぎゅうどん,ぎゅうどん,Gyuudon,
牛乳,vocab,39,"牛,乳",N/A,N/A,N/A,N/A,ぎゅうにゅう,ぎゅうにゅう,Sữa,
牛肉,vocab,5,"牛,肉",N/A,N/A,N/A,N/A,ぎゅうにく,ぎゅうにく,Thịt Bò,
牧場,vocab,49,"牧,場",N/A,N/A,N/A,N/A,ぼくじょう,"ぼくじょう, まきば",Trang Trại,
牧師,vocab,49,"牧,師",N/A,N/A,N/A,N/A,ぼくし,ぼくし,Mục Sư,
牧畜,vocab,55,"牧,畜",N/A,N/A,N/A,N/A,ぼくちく,ぼくちく,Chăn Nuôi,
物価,vocab,32,"物,価",N/A,N/A,N/A,N/A,ぶっか,ぶっか,Giá Cả,
物差し,vocab,54,"物,差",N/A,N/A,N/A,N/A,ものさし,ものさし,Thước Kẻ,
物理,vocab,13,"物,理",N/A,N/A,N/A,N/A,ぶつり,ぶつり,Vật Lý,
物語,vocab,13,"物,語",N/A,N/A,N/A,N/A,ものがたり,ものがたり,Truyện,
物騒,vocab,65,"物,騒",N/A,N/A,N/A,N/A,ぶっそう,ぶっそう,Nguy Hiểm,Loạn Lạc
特に,vocab,17,特,N/A,N/A,N/A,N/A,とくに,とくに,Nhất Là,Đặc Biệt Là
特典,vocab,17,"特,典",N/A,N/A,N/A,N/A,とくてん,とくてん,Đặc Quyền,
特別,vocab,17,"特,別",N/A,N/A,N/A,N/A,とくべつ,とくべつ,Đặc Biệt,
特定,vocab,17,"特,定",N/A,N/A,N/A,N/A,とくてい,とくてい,Cụ Thể,Định Rõ
特徴,vocab,50,"特,徴",N/A,N/A,N/A,N/A,とくちょう,とくちょう,Đặc Trưng,
特急,vocab,17,"特,急",N/A,N/A,N/A,N/A,とっきゅう,とっきゅう,Tốc Hành,Tàu Tốc Hành Đặc Biệt
特技,vocab,39,"特,技",N/A,N/A,N/A,N/A,とくぎ,とくぎ,Đặc Kỹ,
特殊,vocab,39,"特,殊",N/A,N/A,N/A,N/A,とくしゅ,とくしゅ,Đặc Thù,
犠牲,vocab,54,"犠,牲",N/A,N/A,N/A,N/A,ぎせい,ぎせい,Hy Sinh,
犬,vocab,2,犬,N/A,N/A,N/A,N/A,いぬ,いぬ,Chó,
犯す,vocab,25,犯,N/A,N/A,N/A,N/A,おかす,おかす,Phạm Tội,
犯人,vocab,25,"犯,人",N/A,N/A,N/A,N/A,はんにん,はんにん,Hung Thủ,
犯罪,vocab,25,"犯,罪",N/A,N/A,N/A,N/A,はんざい,はんざい,Tội,
犯罪者,vocab,25,"犯,罪,者",N/A,N/A,N/A,N/A,はんざいしゃ,はんざいしゃ,Tội Phạm,
状態,vocab,38,"状,態",N/A,N/A,N/A,N/A,じょうたい,じょうたい,Trạng Thái,
状況,vocab,38,"状,況",N/A,N/A,N/A,N/A,じょうきょう,じょうきょう,Tình Hình,
狂う,vocab,42,狂,N/A,N/A,N/A,N/A,くるう,くるう,Phát Điên,
狂わす,vocab,42,狂,N/A,N/A,N/A,N/A,くるわす,くるわす,Làm Điên,
狐,vocab,33,狐,N/A,N/A,N/A,N/A,きつね,きつね,Cáo,
狙い,vocab,29,狙,N/A,N/A,N/A,N/A,ねらい,ねらい,Mục Tiêu,
狙う,vocab,29,狙,N/A,N/A,N/A,N/A,ねらう,ねらう,Nhắm,
狙撃,vocab,29,"狙,撃",N/A,N/A,N/A,N/A,そげき,そげき,Nhắm Bắn,Bắn Tỉa
狩る,vocab,52,狩,N/A,N/A,N/A,N/A,かる,かる,Săn,Hái
狩猟,vocab,52,"狩,猟",N/A,N/A,N/A,N/A,しゅりょう,しゅりょう,Săn Bắn,Săn
独り,vocab,24,独,N/A,N/A,N/A,N/A,ひとり,ひとり,Một Mình,
独り言,vocab,24,"独,言",N/A,N/A,N/A,N/A,ひとりごと,ひとりごと,Độc Thoại,
独占,vocab,24,"独,占",N/A,N/A,N/A,N/A,どくせん,どくせん,Độc Chiếm,
独奏,vocab,52,"独,奏",N/A,N/A,N/A,N/A,どくそう,どくそう,Độc Tấu,
独立,vocab,24,"独,立",N/A,N/A,N/A,N/A,どくりつ,どくりつ,Độc Lập,
独裁,vocab,38,"独,裁",N/A,N/A,N/A,N/A,どくさい,どくさい,Độc Tài,
独身,vocab,24,"独,身",N/A,N/A,N/A,N/A,どくしん,どくしん,Độc Thân,
狭い,vocab,52,狭,N/A,N/A,N/A,N/A,せまい,せまい,Hẹp,
狭まる,vocab,52,狭,N/A,N/A,N/A,N/A,せばまる,せばまる,Hẹp Lại,
狭める,vocab,52,狭,N/A,N/A,N/A,N/A,せばめる,せばめる,Thu Hẹp,
狼,vocab,55,狼,N/A,N/A,N/A,N/A,おおかみ,おおかみ,Sói,
猛暑,vocab,42,"猛,暑",N/A,N/A,N/A,N/A,もうしょ,もうしょ,Rất Nóng,Nóng Gay Gắt
猛烈,vocab,42,"猛,烈",N/A,N/A,N/A,N/A,もうれつ,もうれつ,Mãnh Liệt,
猛獣,vocab,42,"猛,獣",N/A,N/A,N/A,N/A,もうじゅう,もうじゅう,Mãnh Thú,Thú Dữ
猫,vocab,9,猫,N/A,N/A,N/A,N/A,ねこ,ねこ,Mèo,
猫舌,vocab,9,"猫,舌",N/A,N/A,N/A,N/A,ねこじた,ねこじた,Nekojita,
献立,vocab,57,"献,立",N/A,N/A,N/A,N/A,こんだて,こんだて,Thực Đơn,Menu
献血,vocab,57,"献,血",N/A,N/A,N/A,N/A,けんけつ,けんけつ,Hiến Máu,
献金,vocab,57,"献,金",N/A,N/A,N/A,N/A,けんきん,けんきん,Quyên Góp,
猿,vocab,22,猿,N/A,N/A,N/A,N/A,さる,さる,Khỉ,
獣,vocab,42,獣,N/A,N/A,N/A,N/A,けもの,けもの,Thú,
獣医,vocab,42,"獣,医",N/A,N/A,N/A,N/A,じゅうい,じゅうい,Thú Y,
獲得,vocab,33,"獲,得",N/A,N/A,N/A,N/A,かくとく,かくとく,Thu Được,Có Được
獲物,vocab,33,"獲,物",N/A,N/A,N/A,N/A,えもの,えもの,Con Mồi,Chiến Lợi Phẩm
玄人,vocab,23,"玄,人",N/A,N/A,N/A,N/A,くろうと,くろうと,Chuyên Gia,
玄米,vocab,23,"玄,米",N/A,N/A,N/A,N/A,げんまい,げんまい,Gạo Lứt,
玄関,vocab,23,"玄,関",N/A,N/A,N/A,N/A,げんかん,げんかん,Sảnh,
率いる,vocab,45,率,N/A,N/A,N/A,N/A,ひきいる,ひきいる,Dẫn,Lãnh Đạo
率直,vocab,45,"率,直",N/A,N/A,N/A,N/A,そっちょく,そっちょく,Thẳng Thắn,
玉,vocab,5,玉,N/A,N/A,N/A,N/A,たま,たま,Bóng,
玉ねぎ,vocab,5,玉,N/A,N/A,N/A,N/A,たまねぎ,たまねぎ,Hành Tây,
王,vocab,2,王,N/A,N/A,N/A,N/A,おう,おう,Vua,
王女,vocab,2,"王,女",N/A,N/A,N/A,N/A,おうじょ,おうじょ,Công Chúa,
王子,vocab,2,"王,子",N/A,N/A,N/A,N/A,おうじ,おうじ,Hoàng Tử,
珍しい,vocab,51,珍,N/A,N/A,N/A,N/A,めずらしい,めずらしい,Hiếm,
珍味,vocab,51,"珍,味",N/A,N/A,N/A,N/A,ちんみ,ちんみ,Món Hiếm,Cao Lương Mỹ Vị
珍品,vocab,51,"珍,品",N/A,N/A,N/A,N/A,ちんぴん,ちんぴん,Đồ Hiếm,Hàng Hiếm
班,vocab,38,班,N/A,N/A,N/A,N/A,はん,はん,Nhóm,"Ban, Đội"
現す,vocab,36,現,N/A,N/A,N/A,N/A,あらわす,あらわす,Xuất Hiện,
現に,vocab,14,現,N/A,N/A,N/A,N/A,げんに,げんに,Hiện Tại,
現れる,vocab,14,現,N/A,N/A,N/A,N/A,あらわれる,あらわれる,Xuất Hiện,
現在,vocab,14,"現,在",N/A,N/A,N/A,N/A,げんざい,げんざい,Hiện Tại,
現場,vocab,14,"現,場",N/A,N/A,N/A,N/A,げんば,げんば,Hiện Trường,
現実,vocab,14,"現,実",N/A,N/A,N/A,N/A,げんじつ,げんじつ,Hiện Thực,
現状,vocab,38,"現,状",N/A,N/A,N/A,N/A,げんじょう,げんじょう,Hiện Trạng,
現象,vocab,14,"現,象",N/A,N/A,N/A,N/A,げんしょう,げんしょう,Hiện Tượng,
球,vocab,13,球,N/A,N/A,N/A,N/A,たま,たま,Bóng,Cầu
理屈,vocab,49,"理,屈",N/A,N/A,N/A,N/A,りくつ,りくつ,Logic,Lý Thuyết
理性,vocab,13,"理,性",N/A,N/A,N/A,N/A,りせい,りせい,Lý Trí,
理想,vocab,30,"理,想",N/A,N/A,N/A,N/A,りそう,りそう,Lý Tưởng,
理由,vocab,13,"理,由",N/A,N/A,N/A,N/A,りゆう,りゆう,Lý Do,
理科,vocab,13,"理,科",N/A,N/A,N/A,N/A,りか,りか,KHTN,Khoa Học Tự Nhiên
理解,vocab,13,"理,解",N/A,N/A,N/A,N/A,りかい,りかい,Hiểu,Lý Giải
理論,vocab,26,"理,論",N/A,N/A,N/A,N/A,りろん,りろん,Lý Thuyết,
環境,vocab,41,"環,境",N/A,N/A,N/A,N/A,かんきょう,かんきょう,Môi Trường,Hoàn Cảnh
瓶,vocab,60,瓶,N/A,N/A,N/A,N/A,びん,びん,Chai,"Bình, Lọ"
甘い,vocab,19,甘,N/A,N/A,N/A,N/A,あまい,あまい,Ngọt,
甘える,vocab,19,甘,N/A,N/A,N/A,N/A,あまえる,あまえる,Làm Nũng,
甘やかす,vocab,19,甘,N/A,N/A,N/A,N/A,あまやかす,あまやかす,Chiều Chuộng,Chiều
甘味料,vocab,21,"甘,味,料",N/A,N/A,N/A,N/A,かんみりょう,かんみりょう,Chất Tạo Ngọt,
生える,vocab,69,生,N/A,N/A,N/A,N/A,はえる,はえる,Mọc,
生きる,vocab,5,生,N/A,N/A,N/A,N/A,いきる,いきる,Sống,
生き残る,vocab,41,"生,残",N/A,N/A,N/A,N/A,いきのこる,いきのこる,Sống Sót,
生き物,vocab,10,"生,物",N/A,N/A,N/A,N/A,いきもの,いきもの,Sinh Vật Sống,
生き甲斐,vocab,35,"生,甲,斐",N/A,N/A,N/A,N/A,いきがい,いきがい,Lẽ Sống,
生け花,vocab,6,"生,花",N/A,N/A,N/A,N/A,いけばな,いけばな,Ikebana,Nghệ Thuật Cắm Hoa Truyền Thống
生ビール,vocab,6,生,N/A,N/A,N/A,N/A,なまびーる,なまびーる,Bia Tươi,
生まれる,vocab,6,生,N/A,N/A,N/A,N/A,うまれる,うまれる,Được Sinh Ra,
生む,vocab,6,生,N/A,N/A,N/A,N/A,うむ,うむ,Sinh,Đẻ
生やす,vocab,69,生,N/A,N/A,N/A,N/A,はやす,はやす,Trồng,Nuôi Râu
生卵,vocab,27,"生,卵",N/A,N/A,N/A,N/A,なまたまご,なまたまご,Trứng Sống,
生命,vocab,19,"生,命",N/A,N/A,N/A,N/A,せいめい,せいめい,Sinh Mạng,Sự Sống
生存,vocab,14,"生,存",N/A,N/A,N/A,N/A,せいぞん,せいぞん,Sống Sót,
生徒,vocab,54,"生,徒",N/A,N/A,N/A,N/A,せいと,せいと,Học Sinh,
生徒会,vocab,54,"生,徒,会",N/A,N/A,N/A,N/A,せいとかい,せいとかい,Hội Học Sinh,
生意気,vocab,51,"生,意,気",N/A,N/A,N/A,N/A,なまいき,なまいき,Láo,Hỗn
生活,vocab,18,"生,活",N/A,N/A,N/A,N/A,せいかつ,せいかつ,Sinh Hoạt,
生物,vocab,10,"生,物",N/A,N/A,N/A,N/A,せいぶつ,せいぶつ,Sinh Vật,
生産,vocab,26,"生,産",N/A,N/A,N/A,N/A,せいさん,せいさん,Sản Xuất,
生臭い,vocab,29,"生,臭",N/A,N/A,N/A,N/A,なまぐさい,なまぐさい,Tanh,
産む,vocab,26,産,N/A,N/A,N/A,N/A,うむ,うむ,Đẻ,Sinh
産業,vocab,26,"産,業",N/A,N/A,N/A,N/A,さんぎょう,さんぎょう,Ngành,
用いる,vocab,11,用,N/A,N/A,N/A,N/A,もちいる,もちいる,Tận Dụng,
用事,vocab,11,"用,事",N/A,N/A,N/A,N/A,ようじ,ようじ,Việc Bận,
用具,vocab,11,"用,具",N/A,N/A,N/A,N/A,ようぐ,ようぐ,Dụng Cụ,
用心,vocab,11,"用,心",N/A,N/A,N/A,N/A,ようじん,ようじん,Cẩn Thận,
用心棒,vocab,55,"用,心,棒",N/A,N/A,N/A,N/A,ようじんぼう,ようじんぼう,Vệ Sĩ,
用意,vocab,16,"用,意",N/A,N/A,N/A,N/A,ようい,ようい,Chuẩn Bị,
用紙,vocab,17,"用,紙",N/A,N/A,N/A,N/A,ようし,ようし,Giấy,Mẫu Giấy
用途,vocab,55,"用,途",N/A,N/A,N/A,N/A,ようと,ようと,Công Dụng,
田んぼ,vocab,3,田,N/A,N/A,N/A,N/A,たんぼ,たんぼ,Ruộng Lúa,
田舎,vocab,50,"田,舎",N/A,N/A,N/A,N/A,いなか,いなか,Nông Thôn,
由来,vocab,14,"由,来",N/A,N/A,N/A,N/A,ゆらい,ゆらい,Nguồn,Khởi Nguồn
甲斐,vocab,35,"甲,斐",N/A,N/A,N/A,N/A,かい,"かい, がい",Đáng,
甲殻類,vocab,40,"甲,殻,類",N/A,N/A,N/A,N/A,こうかくるい,こうかくるい,Loài Giáp Xác,
甲虫,vocab,35,"甲,虫",N/A,N/A,N/A,N/A,かぶとむし,"かぶとむし, こうちゅう",Bọ Cánh Cứng,
申し上げる,vocab,9,"申,上",N/A,N/A,N/A,N/A,もうしあげる,もうしあげる,Nói,
申し出る,vocab,9,"申,出",N/A,N/A,N/A,N/A,もうしでる,もうしでる,Đề Nghị,Đề Xuất
申し訳ない,vocab,60,"申,訳",N/A,N/A,N/A,N/A,もうしわけない,もうしわけない,Xin Lỗi,
申し込む,vocab,26,"申,込",N/A,N/A,N/A,N/A,もうしこむ,もうしこむ,Đăng Ký,
申す,vocab,9,申,N/A,N/A,N/A,N/A,もうす,もうす,Tên Là,
申請,vocab,14,"申,請",N/A,N/A,N/A,N/A,しんせい,しんせい,Yêu Cầu,Đăng Ký
男,vocab,6,男,N/A,N/A,N/A,N/A,おとこ,おとこ,Nam,"Trai, Đàn Ông"
男女,vocab,6,"男,女",N/A,N/A,N/A,N/A,だんじょ,だんじょ,Nam Nữ,
男子,vocab,6,"男,子",N/A,N/A,N/A,N/A,だんし,だんし,Con Trai,Nam
男性,vocab,7,"男,性",N/A,N/A,N/A,N/A,だんせい,だんせい,Nam,
町,vocab,10,町,N/A,N/A,N/A,N/A,まち,まち,Thị Trấn,
町外れ,vocab,10,"町,外",N/A,N/A,N/A,N/A,まちはずれ,まちはずれ,Ngoại Ô,
画像,vocab,28,"画,像",N/A,N/A,N/A,N/A,がぞう,がぞう,Hình Ảnh,
画廊,vocab,65,"画,廊",N/A,N/A,N/A,N/A,がろう,がろう,Garou,Phòng Trưng Bày Tranh
画面,vocab,21,"画,面",N/A,N/A,N/A,N/A,がめん,がめん,Màn Hình,
畑,vocab,43,畑,N/A,N/A,N/A,N/A,はたけ,はたけ,Ruộng,Cánh Đồng
留める,vocab,23,留,N/A,N/A,N/A,N/A,とめる,とめる,Cài,
留学,vocab,23,"留,学",N/A,N/A,N/A,N/A,りゅうがく,りゅうがく,Du Học,
留守,vocab,23,"留,守",N/A,N/A,N/A,N/A,るす,るす,Vắng Nhà,
留守番,vocab,23,"留,守,番",N/A,N/A,N/A,N/A,るすばん,るすばん,Trông Nhà,
畜生,vocab,55,"畜,生",N/A,N/A,N/A,N/A,ちくしょう,ちくしょう,Chết Tiệt,Chó Chết
畜産,vocab,55,"畜,産",N/A,N/A,N/A,N/A,ちくさん,ちくさん,Chăn Nuôi,Ngành Chăn Nuôi
略す,vocab,51,略,N/A,N/A,N/A,N/A,りゃくす,りゃくす,Viết Tắt,Lược Bỏ
略語,vocab,51,"略,語",N/A,N/A,N/A,N/A,りゃくご,りゃくご,Viết Tắt,
番,vocab,22,番,N/A,N/A,N/A,N/A,ばん,ばん,Số,Lượt
番号,vocab,22,"番,号",N/A,N/A,N/A,N/A,ばんごう,ばんごう,Số,
番組,vocab,31,"番,組",N/A,N/A,N/A,N/A,ばんぐみ,ばんぐみ,Chương Trình,
異なる,vocab,30,異,N/A,N/A,N/A,N/A,ことなる,ことなる,Khác,
異世界,vocab,30,"異,世,界",N/A,N/A,N/A,N/A,いせかい,いせかい,Isekai,Thế Giới Khác
異常,vocab,30,"異,常",N/A,N/A,N/A,N/A,いじょう,いじょう,Khác Thường,Dị Thường
異性,vocab,30,"異,性",N/A,N/A,N/A,N/A,いせい,いせい,Khác Giới,
畳,vocab,64,畳,N/A,N/A,N/A,N/A,たたみ,たたみ,Tatami,Chiếu
畳む,vocab,64,畳,N/A,N/A,N/A,N/A,たたむ,たたむ,Gấp,Gập
疎か,vocab,65,疎,N/A,N/A,N/A,N/A,おろそか,おろそか,Lơ Là,Chểnh Mảng
疎通,vocab,65,"疎,通",N/A,N/A,N/A,N/A,そつう,そつう,Hiểu Nhau,
疑う,vocab,42,疑,N/A,N/A,N/A,N/A,うたがう,うたがう,Nghi Ngờ,Nghi
疑問,vocab,42,"疑,問",N/A,N/A,N/A,N/A,ぎもん,ぎもん,Nghi Vấn,Nghi Ngờ
疑惑,vocab,42,"疑,惑",N/A,N/A,N/A,N/A,ぎわく,ぎわく,Nghi Hoặc,Nghi Ngờ
疲れる,vocab,23,疲,N/A,N/A,N/A,N/A,つかれる,つかれる,Mệt,
疲れ果てる,vocab,23,"疲,果",N/A,N/A,N/A,N/A,つかれはてる,つかれはてる,Kiệt Sức,
疲労,vocab,23,"疲,労",N/A,N/A,N/A,N/A,ひろう,ひろう,Mệt Mỏi,
病む,vocab,18,病,N/A,N/A,N/A,N/A,やむ,やむ,Bị Bệnh,
病人,vocab,18,"病,人",N/A,N/A,N/A,N/A,びょうにん,びょうにん,Bệnh Nhân,
病気,vocab,18,"病,気",N/A,N/A,N/A,N/A,びょうき,びょうき,Bệnh,
病院,vocab,18,"病,院",N/A,N/A,N/A,N/A,びょういん,びょういん,Bệnh Viện,
症状,vocab,38,"症,状",N/A,N/A,N/A,N/A,しょうじょう,しょうじょう,Triệu Chứng Bệnh,Tình Trạng Bệnh
痒い,vocab,60,痒,N/A,N/A,N/A,N/A,かゆい,かゆい,Ngứa,
痒み,vocab,60,痒,N/A,N/A,N/A,N/A,かゆみ,かゆみ,Ngứa,
痛い,vocab,35,痛,N/A,N/A,N/A,N/A,いたい,いたい,Đau,
痛む,vocab,35,痛,N/A,N/A,N/A,N/A,いたむ,いたむ,Đau,
痛める,vocab,35,痛,N/A,N/A,N/A,N/A,いためる,いためる,Làm Đau,
痛恨,vocab,53,"痛,恨",N/A,N/A,N/A,N/A,つうこん,つうこん,Đau Lòng,Hối Tiếc
痛車,vocab,44,"痛,車",N/A,N/A,N/A,N/A,いたしゃ,いたしゃ,Itasha,
痩せる,vocab,62,痩,N/A,N/A,N/A,N/A,やせる,やせる,Gầy,"Gầy Đi, Giảm Cân"
痩身,vocab,62,"痩,身",N/A,N/A,N/A,N/A,そうしん,そうしん,Thân Gầy,Người Gầy
痴漢,vocab,67,"痴,漢",N/A,N/A,N/A,N/A,ちかん,ちかん,Kẻ Biến Thái,
痺れる,vocab,62,痺,N/A,N/A,N/A,N/A,しびれる,しびれる,Tê,Tê Liệt
癖,vocab,70,癖,N/A,N/A,N/A,N/A,くせ,くせ,Tật,Thói Quen
発売,vocab,14,"発,売",N/A,N/A,N/A,N/A,はつばい,はつばい,Phát Hành,
発展,vocab,19,"発,展",N/A,N/A,N/A,N/A,はってん,はってん,Phát Triển,
発掘,vocab,59,"発,掘",N/A,N/A,N/A,N/A,はっくつ,はっくつ,Khai Quật,
発揮,vocab,41,"発,揮",N/A,N/A,N/A,N/A,はっき,はっき,Phát Huy,
発砲,vocab,56,"発,砲",N/A,N/A,N/A,N/A,はっぽう,はっぽう,Bắn Súng,Bắn
発芽,vocab,49,"発,芽",N/A,N/A,N/A,N/A,はつが,はつが,Nảy Mầm,
発表,vocab,19,"発,表",N/A,N/A,N/A,N/A,はっぴょう,はっぴょう,Phát Biểu,Công Bố
発見,vocab,14,"発,見",N/A,N/A,N/A,N/A,はっけん,はっけん,Phát Hiện,Phát Kiến
発言,vocab,14,"発,言",N/A,N/A,N/A,N/A,はつげん,はつげん,Phát Ngôn,
発達,vocab,16,"発,達",N/A,N/A,N/A,N/A,はったつ,はったつ,Phát Triển,
発音,vocab,14,"発,音",N/A,N/A,N/A,N/A,はつおん,はつおん,Phát Âm,
登る,vocab,40,登,N/A,N/A,N/A,N/A,のぼる,のぼる,Leo,Trèo
登場,vocab,40,"登,場",N/A,N/A,N/A,N/A,とうじょう,とうじょう,Xuất Hiện,
登山,vocab,40,"登,山",N/A,N/A,N/A,N/A,とざん,とざん,Leo Núi,
登校,vocab,40,"登,校",N/A,N/A,N/A,N/A,とうこう,とうこう,Đến Trường,Có Mặt Tại Trường
登録,vocab,40,"登,録",N/A,N/A,N/A,N/A,とうろく,とうろく,Đăng Ký,
白,vocab,4,白,N/A,N/A,N/A,N/A,しろ,しろ,Trắng,
白い,vocab,4,白,N/A,N/A,N/A,N/A,しろい,しろい,Trắng,
白旗,vocab,54,"白,旗",N/A,N/A,N/A,N/A,しろはた,しろはた,Cờ Trắng,
白熊,vocab,68,"白,熊",N/A,N/A,N/A,N/A,しろくま,しろくま,Gấu Trắng,
白菜,vocab,59,"白,菜",N/A,N/A,N/A,N/A,はくさい,はくさい,Cải Thảo,
白髪,vocab,26,"白,髪",N/A,N/A,N/A,N/A,しらが,"しらが, はくはつ",Tóc Bạc,Tóc Trắng
白黒,vocab,15,"白,黒",N/A,N/A,N/A,N/A,しろくろ,しろくろ,Trắng Đen,
百,vocab,3,百,N/A,N/A,N/A,N/A,ひゃく,ひゃく,Trăm,
百万,vocab,3,"百,万",N/A,N/A,N/A,N/A,ひゃくまん,ひゃくまん,Triệu,
的確,vocab,32,"的,確",N/A,N/A,N/A,N/A,てっかく,"てっかく, てきかく",Chuẩn,Đúng
皆,vocab,21,皆,N/A,N/A,N/A,N/A,みな,"みな, みんな",Mọi Người,
皆様,vocab,21,"皆,様",N/A,N/A,N/A,N/A,みなさま,みなさま,Mọi Người,
皇太子,vocab,52,"皇,太,子",N/A,N/A,N/A,N/A,こうたいし,こうたいし,Hoàng Thái Tử,
皇帝,vocab,52,"皇,帝",N/A,N/A,N/A,N/A,こうてい,こうてい,Hoàng Đế,
皮,vocab,15,皮,N/A,N/A,N/A,N/A,かわ,かわ,Vỏ,Da
皮膚,vocab,69,"皮,膚",N/A,N/A,N/A,N/A,ひふ,ひふ,Da,
皮膚病,vocab,69,"皮,膚,病",N/A,N/A,N/A,N/A,ひふびょう,ひふびょう,Bệnh Da,
皮革,vocab,23,"皮,革",N/A,N/A,N/A,N/A,ひかく,ひかく,Da,
盆踊り,vocab,45,"盆,踊",N/A,N/A,N/A,N/A,ぼんおどり,ぼんおどり,Múa Bon,
盗む,vocab,31,盗,N/A,N/A,N/A,N/A,ぬすむ,ぬすむ,Trộm,
盗撮,vocab,31,"盗,撮",N/A,N/A,N/A,N/A,とうさつ,とうさつ,Chụp Trộm,Quay Trộm
盗聴,vocab,32,"盗,聴",N/A,N/A,N/A,N/A,とうちょう,とうちょう,Nghe Trộm,
盗賊,vocab,32,"盗,賊",N/A,N/A,N/A,N/A,とうぞく,とうぞく,Đạo Tặc,
盗難,vocab,31,"盗,難",N/A,N/A,N/A,N/A,とうなん,とうなん,Trộm,Cướp
盛り上がる,vocab,61,"盛,上",N/A,N/A,N/A,N/A,もりあがる,もりあがる,Hào Hứng,
盛り上げる,vocab,61,"盛,上",N/A,N/A,N/A,N/A,もりあげる,もりあげる,Khuấy Động,
盛り付け,vocab,61,"盛,付",N/A,N/A,N/A,N/A,もりつけ,もりつけ,Bày Biện,Bày Biện Đồ Ăn
盛る,vocab,61,盛,N/A,N/A,N/A,N/A,もる,もる,Làm Đầy,
盛大,vocab,62,"盛,大",N/A,N/A,N/A,N/A,せいだい,せいだい,Hoành Tráng,
監督,vocab,32,"監,督",N/A,N/A,N/A,N/A,かんとく,かんとく,Đạo Diễn,
監禁,vocab,33,"監,禁",N/A,N/A,N/A,N/A,かんきん,かんきん,Giam Giữ,
監視,vocab,32,"監,視",N/A,N/A,N/A,N/A,かんし,かんし,Giám Sát,Theo Dõi
目,vocab,5,目,N/A,N/A,N/A,N/A,め,め,Mắt,
目を通す,vocab,17,"目,通",N/A,N/A,N/A,N/A,めをとおす,めをとおす,Xem Qua,
目指す,vocab,19,"目,指",N/A,N/A,N/A,N/A,めざす,めざす,Nhắm,
目標,vocab,37,"目,標",N/A,N/A,N/A,N/A,もくひょう,もくひょう,Mục Tiêu,
目次,vocab,24,"目,次",N/A,N/A,N/A,N/A,もくじ,もくじ,Mục Lục,
目玉,vocab,5,"目,玉",N/A,N/A,N/A,N/A,めだま,めだま,Nhãn Cầu,Cầu Mắt
目的,vocab,12,"目,的",N/A,N/A,N/A,N/A,もくてき,もくてき,Mục Đích,
目眩,vocab,55,"目,眩",N/A,N/A,N/A,N/A,めまい,めまい,Hoa Mắt,
目立つ,vocab,5,"目,立",N/A,N/A,N/A,N/A,めだつ,めだつ,Nổi Bật,Bắt Mắt
目覚まし,vocab,11,"目,覚",N/A,N/A,N/A,N/A,めざまし,めざまし,Đánh Thức,Báo Thức
盲人,vocab,41,"盲,人",N/A,N/A,N/A,N/A,もうじん,もうじん,Người Mù,
盲導犬,vocab,41,"盲,導,犬",N/A,N/A,N/A,N/A,もうどうけん,もうどうけん,Chó Dẫn Đường,
盲点,vocab,41,"盲,点",N/A,N/A,N/A,N/A,もうてん,もうてん,Điểm Mù,
盲目,vocab,41,"盲,目",N/A,N/A,N/A,N/A,もうもく,もうもく,Mù,
盲腸,vocab,50,"盲,腸",N/A,N/A,N/A,N/A,もうちょう,もうちょう,Manh Tràng,
直ぐ,vocab,17,直,N/A,N/A,N/A,N/A,すぐ,すぐ,Ngay,Sớm
直す,vocab,17,直,N/A,N/A,N/A,N/A,なおす,なおす,Sửa,
直径,vocab,49,"直,径",N/A,N/A,N/A,N/A,ちょっけい,ちょっけい,Đường Kính,
直接,vocab,52,"直,接",N/A,N/A,N/A,N/A,ちょくせつ,ちょくせつ,Trực Tiếp,
直線,vocab,17,"直,線",N/A,N/A,N/A,N/A,ちょくせん,ちょくせん,Đường Thẳng,
相互,vocab,26,"相,互",N/A,N/A,N/A,N/A,そうご,そうご,Lẫn Nhau,
相合傘,vocab,65,"相,合,傘",N/A,N/A,N/A,N/A,あいあいがさ,あいあいがさ,Chung Ô,Ô Tình Yêu
相変わらず,vocab,25,"相,変",N/A,N/A,N/A,N/A,あいかわらず,あいかわらず,Không Đổi,Như Mọi Khi
相当,vocab,25,"相,当",N/A,N/A,N/A,N/A,そうとう,そうとう,Tương Đương,
相手,vocab,25,"相,手",N/A,N/A,N/A,N/A,あいて,あいて,Đối Phương,
相撲,vocab,56,"相,撲",N/A,N/A,N/A,N/A,すもう,すもう,Sumou,
相棒,vocab,55,"相,棒",N/A,N/A,N/A,N/A,あいぼう,あいぼう,Cộng Sự,Chiến Hữu
相談,vocab,33,"相,談",N/A,N/A,N/A,N/A,そうだん,そうだん,Thảo Luận,"Tư Vấn, Xin Ý Kiến"
省く,vocab,51,省,N/A,N/A,N/A,N/A,はぶく,はぶく,Lược Bỏ,
省略,vocab,51,"省,略",N/A,N/A,N/A,N/A,しょうりゃく,しょうりゃく,Lược Bỏ,
眉,vocab,51,眉,N/A,N/A,N/A,N/A,まゆ,まゆ,Lông Mày,
眉を寄せる,vocab,53,"眉,寄",N/A,N/A,N/A,N/A,まゆをよせる,まゆをよせる,Cau Mày,Nhíu Mày
眉毛,vocab,51,"眉,毛",N/A,N/A,N/A,N/A,まゆげ,まゆげ,Lông Mày,
看板,vocab,45,"看,板",N/A,N/A,N/A,N/A,かんばん,かんばん,Bảng,"Bảng Quảng Cáo, Bảng Thông Báo"
看病,vocab,45,"看,病",N/A,N/A,N/A,N/A,かんびょう,かんびょう,Chăm Sóc,Chăm Sóc Người Bệnh
看護師,vocab,45,"看,護,師",N/A,N/A,N/A,N/A,かんごし,かんごし,Y Tá,
真っ暗,vocab,41,"真,暗",N/A,N/A,N/A,N/A,まっくら,まっくら,Rất Tối,Tối Om
真っ白,vocab,15,"真,白",N/A,N/A,N/A,N/A,まっしろ,まっしろ,Rất Trắng,Trắng Tinh
真っ直ぐ,vocab,17,"真,直",N/A,N/A,N/A,N/A,まっすぐ,まっすぐ,Thẳng,
真っ赤,vocab,15,"真,赤",N/A,N/A,N/A,N/A,まっか,まっか,Rất Đỏ,
真っ青,vocab,15,"真,青",N/A,N/A,N/A,N/A,まっさお,まっさお,Rất Xanh,
真っ黒,vocab,15,"真,黒",N/A,N/A,N/A,N/A,まっくろ,まっくろ,Rất Đen,Đen Sì
真ん中,vocab,15,"真,中",N/A,N/A,N/A,N/A,まんなか,まんなか,Chính Giữa,
真似,vocab,36,"真,似",N/A,N/A,N/A,N/A,まね,まね,Bắt Chước,
真剣,vocab,47,"真,剣",N/A,N/A,N/A,N/A,しんけん,しんけん,Nghiêm Túc,
真実,vocab,16,"真,実",N/A,N/A,N/A,N/A,しんじつ,しんじつ,Sự Thật,
真面目,vocab,23,"真,面,目",N/A,N/A,N/A,N/A,まじめ,まじめ,Nghiêm Túc,
真顔,vocab,15,"真,顔",N/A,N/A,N/A,N/A,まがお,まがお,Mặt Nghiêm Túc,
眠い,vocab,52,眠,N/A,N/A,N/A,N/A,ねむい,ねむい,Buồn Ngủ,
眠る,vocab,52,眠,N/A,N/A,N/A,N/A,ねむる,ねむる,Ngủ,
眩しい,vocab,55,眩,N/A,N/A,N/A,N/A,まぶしい,まぶしい,Chói,Rạng Rỡ
眺める,vocab,62,眺,N/A,N/A,N/A,N/A,ながめる,ながめる,Ngắm,
眺望,vocab,62,"眺,望",N/A,N/A,N/A,N/A,ちょうぼう,ちょうぼう,View,"Khung Cảnh, Tầm Nhìn"
眼,vocab,29,眼,N/A,N/A,N/A,N/A,め,め,Mắt,
眼球,vocab,29,"眼,球",N/A,N/A,N/A,N/A,がんきゅう,がんきゅう,Nhãn Cầu,
眼鏡,vocab,29,"眼,鏡",N/A,N/A,N/A,N/A,めがね,"めがね, がんきょう",Kính Mắt,Kính
着く,vocab,19,着,N/A,N/A,N/A,N/A,つく,つく,Đến Nơi,Đến
着せる,vocab,18,着,N/A,N/A,N/A,N/A,きせる,きせる,Mặc,
着る,vocab,18,着,N/A,N/A,N/A,N/A,きる,きる,Mặc,
着信音,vocab,21,"着,信,音",N/A,N/A,N/A,N/A,ちゃくしんおん,ちゃくしんおん,Nhạc Chuông,
着替える,vocab,39,"着,替",N/A,N/A,N/A,N/A,きがえる,きがえる,Thay Đồ,Thay Quần Áo
着物,vocab,18,"着,物",N/A,N/A,N/A,N/A,きもの,きもの,Kimono,
着飾る,vocab,67,"着,飾",N/A,N/A,N/A,N/A,きかざる,きかざる,Mặc Đẹp,
睡眠,vocab,52,"睡,眠",N/A,N/A,N/A,N/A,すいみん,すいみん,Giấc Ngủ,
睡眠薬,vocab,52,"睡,眠,薬",N/A,N/A,N/A,N/A,すいみんやく,すいみんやく,Thuốc Ngủ,
睡眠障害,vocab,52,"睡,眠,障,害",N/A,N/A,N/A,N/A,すいみんしょうがい,すいみんしょうがい,Rối Loạn Giấc Ngủ,
瞬き,vocab,65,瞬,N/A,N/A,N/A,N/A,まばたき,"まばたき, またたき",Nháy Mắt,
瞬く,vocab,65,瞬,N/A,N/A,N/A,N/A,またたく,"またたく, まばたく",Nhấp Nháy,
瞬時,vocab,65,"瞬,時",N/A,N/A,N/A,N/A,しゅんじ,しゅんじ,Tức Thời,
瞬間,vocab,65,"瞬,間",N/A,N/A,N/A,N/A,しゅんかん,しゅんかん,Khoảnh Khắc,
瞳,vocab,70,瞳,N/A,N/A,N/A,N/A,ひとみ,ひとみ,Con Ngươi,Con Mắt
矛先,vocab,35,"矛,先",N/A,N/A,N/A,N/A,ほこさき,ほこさき,Mũi Giáo,
矛盾,vocab,35,"矛,盾",N/A,N/A,N/A,N/A,むじゅん,むじゅん,Mâu Thuẫn,
矢,vocab,7,矢,N/A,N/A,N/A,N/A,や,や,Mũi Tên,
矢印,vocab,14,"矢,印",N/A,N/A,N/A,N/A,やじるし,やじるし,Mũi Tên,Dấu Mũi Tên
知らせる,vocab,8,知,N/A,N/A,N/A,N/A,しらせる,しらせる,Thông Báo,
知り合い,vocab,8,"知,合",N/A,N/A,N/A,N/A,しりあい,しりあい,Người Quen,
知る,vocab,8,知,N/A,N/A,N/A,N/A,しる,しる,Biết,
知恵,vocab,56,"知,恵",N/A,N/A,N/A,N/A,ちえ,ちえ,Trí Tuệ,
知的,vocab,12,"知,的",N/A,N/A,N/A,N/A,ちてき,ちてき,Trí Tuệ,
知識,vocab,32,"知,識",N/A,N/A,N/A,N/A,ちしき,ちしき,Trí Thức,
短い,vocab,7,短,N/A,N/A,N/A,N/A,みじかい,みじかい,Ngắn,
短刀,vocab,7,"短,刀",N/A,N/A,N/A,N/A,たんとう,たんとう,Đoản Đao,Dao Găm
短所,vocab,7,"短,所",N/A,N/A,N/A,N/A,たんしょ,たんしょ,Sở Đoản,Nhược Điểm
短期,vocab,9,"短,期",N/A,N/A,N/A,N/A,たんき,たんき,Ngắn Hạn,
短距離,vocab,47,"短,距,離",N/A,N/A,N/A,N/A,たんきょり,たんきょり,Cự Ly Ngắn,Khoảng Cách Ngắn
石,vocab,5,石,N/A,N/A,N/A,N/A,いし,いし,Viên Đá,
石油,vocab,38,"石,油",N/A,N/A,N/A,N/A,せきゆ,せきゆ,Dầu,
石炭,vocab,51,"石,炭",N/A,N/A,N/A,N/A,せきたん,せきたん,Than Đá,
石鹸,vocab,49,"石,鹸",N/A,N/A,N/A,N/A,せっけん,せっけん,Xà Phòng,
砂,vocab,46,砂,N/A,N/A,N/A,N/A,すな,すな,Cát,
砂嵐,vocab,47,"砂,嵐",N/A,N/A,N/A,N/A,すなあらし,すなあらし,Bão Cát,
砂浜,vocab,47,"砂,浜",N/A,N/A,N/A,N/A,すなはま,すなはま,Bãi Cát,
砂漠,vocab,46,"砂,漠",N/A,N/A,N/A,N/A,さばく,さばく,Sa Mạc,
砂糖,vocab,46,"砂,糖",N/A,N/A,N/A,N/A,さとう,さとう,Đường,
研ぐ,vocab,12,研,N/A,N/A,N/A,N/A,とぐ,とぐ,Mài,
研修,vocab,30,"研,修",N/A,N/A,N/A,N/A,けんしゅう,けんしゅう,Học Việc,
研究,vocab,12,"研,究",N/A,N/A,N/A,N/A,けんきゅう,けんきゅう,Nghiên Cứu,
研究所,vocab,12,"研,究,所",N/A,N/A,N/A,N/A,けんきゅうじょ,"けんきゅうじょ, けんきゅうしょ",Sở Nghiên Cứu,
砕く,vocab,53,砕,N/A,N/A,N/A,N/A,くだく,くだく,Đập Tan,Đập Vỡ
砕ける,vocab,53,砕,N/A,N/A,N/A,N/A,くだける,くだける,Bị Đập Tan,Tan Vỡ
破る,vocab,26,破,N/A,N/A,N/A,N/A,やぶる,やぶる,Xé,Làm Rách
破れる,vocab,26,破,N/A,N/A,N/A,N/A,やぶれる,やぶれる,Rách,
破壊,vocab,27,"破,壊",N/A,N/A,N/A,N/A,はかい,はかい,Phá Hoại,
破棄,vocab,66,"破,棄",N/A,N/A,N/A,N/A,はき,はき,Hủy Bỏ,
破片,vocab,26,"破,片",N/A,N/A,N/A,N/A,はへん,はへん,Mảnh Vỡ,
破産,vocab,26,"破,産",N/A,N/A,N/A,N/A,はさん,はさん,Phá Sản,
破裂,vocab,64,"破,裂",N/A,N/A,N/A,N/A,はれつ,はれつ,Vỡ Tung,Bể
硬い,vocab,59,硬,N/A,N/A,N/A,N/A,かたい,かたい,Cứng,
硬貨,vocab,59,"硬,貨",N/A,N/A,N/A,N/A,こうか,こうか,Tiền Xu,
碁,vocab,49,碁,N/A,N/A,N/A,N/A,ご,ご,Go,Cờ Vây
碁盤,vocab,49,"碁,盤",N/A,N/A,N/A,N/A,ごばん,ごばん,Goban,Bàn Cờ Vây
確か,vocab,32,確,N/A,N/A,N/A,N/A,たしか,たしか,Chắn Chắn,
確かめる,vocab,32,確,N/A,N/A,N/A,N/A,たしかめる,たしかめる,Xác Nhận,
確認,vocab,32,"確,認",N/A,N/A,N/A,N/A,かくにん,かくにん,Xác Nhận,
磁場,vocab,68,"磁,場",N/A,N/A,N/A,N/A,じば,じば,Từ Trường,
磁気,vocab,68,"磁,気",N/A,N/A,N/A,N/A,じき,じき,Từ Tính,
磁石,vocab,68,"磁,石",N/A,N/A,N/A,N/A,じしゃく,じしゃく,Nam Châm,
磨く,vocab,70,磨,N/A,N/A,N/A,N/A,みがく,みがく,Mài Dũa,Đánh Bóng
礎,vocab,49,礎,N/A,N/A,N/A,N/A,いしずえ,いしずえ,Nền Tảng,
示す,vocab,19,示,N/A,N/A,N/A,N/A,しめす,しめす,Thể Hiện,"Xuất Trình, Chỉ"
礼儀,vocab,55,"礼,儀",N/A,N/A,N/A,N/A,れいぎ,れいぎ,Lễ Nghĩa,Phép Tắc
社交,vocab,62,"社,交",N/A,N/A,N/A,N/A,しゃこう,しゃこう,Xã Giao,
社会,vocab,7,"社,会",N/A,N/A,N/A,N/A,しゃかい,しゃかい,Xã Hội,
社会的,vocab,12,"社,会,的",N/A,N/A,N/A,N/A,しゃかいてき,しゃかいてき,Xã Hội,
社長,vocab,7,"社,長",N/A,N/A,N/A,N/A,しゃちょう,しゃちょう,Giám Đốc,Chủ Tịch
祈る,vocab,48,祈,N/A,N/A,N/A,N/A,いのる,いのる,Cầu Nguyện,
祈願,vocab,48,"祈,願",N/A,N/A,N/A,N/A,きがん,きがん,Cầu Nguyện,
祖母,vocab,24,"祖,母",N/A,N/A,N/A,N/A,そぼ,そぼ,Bà,
祖父,vocab,24,"祖,父",N/A,N/A,N/A,N/A,そふ,そふ,Ông,
祝う,vocab,50,祝,N/A,N/A,N/A,N/A,いわう,いわう,Chúc,
祝日,vocab,50,"祝,日",N/A,N/A,N/A,N/A,しゅくじつ,しゅくじつ,Ngày Lễ,
祝賀,vocab,50,"祝,賀",N/A,N/A,N/A,N/A,しゅくが,しゅくが,Chúc Mừng,
祝賀会,vocab,50,"祝,賀,会",N/A,N/A,N/A,N/A,しゅくがかい,しゅくがかい,Tiệc Chúc Mừng,
神,vocab,9,神,N/A,N/A,N/A,N/A,かみ,かみ,Thần,
神奈川県,vocab,60,"神,奈,川,県",N/A,N/A,N/A,N/A,かながわけん,かながわけん,Kanagawaken,Tỉnh Kanagawa
神棚,vocab,64,"神,棚",N/A,N/A,N/A,N/A,かみだな,かみだな,Bàn Thờ,
神社,vocab,9,"神,社",N/A,N/A,N/A,N/A,じんじゃ,じんじゃ,Đền,Miếu
神秘,vocab,40,"神,秘",N/A,N/A,N/A,N/A,しんぴ,しんぴ,Thần Bí,
神経,vocab,14,"神,経",N/A,N/A,N/A,N/A,しんけい,しんけい,Thần Kinh,
神聖,vocab,67,"神,聖",N/A,N/A,N/A,N/A,しんせい,しんせい,Thần Thánh,Linh Thiêng
神話,vocab,9,"神,話",N/A,N/A,N/A,N/A,しんわ,しんわ,Thần Thoại,
祭,vocab,31,祭,N/A,N/A,N/A,N/A,まつり,まつり,Lễ Hội,
祭る,vocab,31,祭,N/A,N/A,N/A,N/A,まつる,まつる,Thờ Cúng,Tôn Thờ
祭壇,vocab,70,"祭,壇",N/A,N/A,N/A,N/A,さいだん,さいだん,Bàn Thờ,
祭日,vocab,31,"祭,日",N/A,N/A,N/A,N/A,さいじつ,さいじつ,Ngày Lễ,Ngày Hội
禁じる,vocab,33,禁,N/A,N/A,N/A,N/A,きんじる,きんじる,Cấm,
禁止,vocab,33,"禁,止",N/A,N/A,N/A,N/A,きんし,きんし,Cấm,
禁煙,vocab,33,"禁,煙",N/A,N/A,N/A,N/A,きんえん,きんえん,Cấm Hút Thuốc,
禅寺,vocab,33,"禅,寺",N/A,N/A,N/A,N/A,ぜんでら,ぜんでら,Chùa Thiền,Chùa Zen
福岡県,vocab,49,"福,岡,県",N/A,N/A,N/A,N/A,ふくおかけん,ふくおかけん,Fukuokaken,Tỉnh Fukuoka
福祉,vocab,49,"福,祉",N/A,N/A,N/A,N/A,ふくし,ふくし,Phúc Lợi,
秀才,vocab,24,"秀,才",N/A,N/A,N/A,N/A,しゅうさい,しゅうさい,Tú Tài,Thần Đồng
私,vocab,16,私,N/A,N/A,N/A,N/A,わたし,"わたし, わたくし, あたし, あたくし",Tôi,
私用,vocab,16,"私,用",N/A,N/A,N/A,N/A,しよう,しよう,Việc Riêng,
私立,vocab,16,"私,立",N/A,N/A,N/A,N/A,しりつ,しりつ,Tư Lập,
私達,vocab,16,"私,達",N/A,N/A,N/A,N/A,わたしたち,"わたしたち, わたくしたち, あたしたち, あたくしたち",Chúng Tôi,
秋,vocab,14,秋,N/A,N/A,N/A,N/A,あき,あき,Thu,
秋季,vocab,18,"秋,季",N/A,N/A,N/A,N/A,しゅうき,しゅうき,Mùa Thu,
秋葉原,vocab,14,"秋,葉,原",N/A,N/A,N/A,N/A,あきはばら,あきはばら,Akihabara,
秋風,vocab,14,"秋,風",N/A,N/A,N/A,N/A,あきかぜ,あきかぜ,Gió Thu,
科学,vocab,6,"科,学",N/A,N/A,N/A,N/A,かがく,かがく,Khoa Học,
科目,vocab,6,"科,目",N/A,N/A,N/A,N/A,かもく,かもく,Môn Học,
秒速,vocab,51,"秒,速",N/A,N/A,N/A,N/A,びょうそく,びょうそく,Trên Giây,Tốc Độ Trên Giây
秒針,vocab,51,"秒,針",N/A,N/A,N/A,N/A,びょうしん,びょうしん,Kim Giây,
秘める,vocab,40,秘,N/A,N/A,N/A,N/A,ひめる,ひめる,Giấu,
秘密,vocab,40,"秘,密",N/A,N/A,N/A,N/A,ひみつ,ひみつ,Bí Mật,
秩序,vocab,38,"秩,序",N/A,N/A,N/A,N/A,ちつじょ,ちつじょ,Trật Tự,
移す,vocab,45,移,N/A,N/A,N/A,N/A,うつす,うつす,Di Chuyển,
移る,vocab,45,移,N/A,N/A,N/A,N/A,うつる,うつる,Di Chuyển,
移住,vocab,45,"移,住",N/A,N/A,N/A,N/A,いじゅう,いじゅう,Di Trú,"Di Cư, Nhập Cư"
移動,vocab,45,"移,動",N/A,N/A,N/A,N/A,いどう,いどう,Di Chuyển,
移譲,vocab,45,"移,譲",N/A,N/A,N/A,N/A,いじょう,いじょう,Chuyển Giao,
程,vocab,24,程,N/A,N/A,N/A,N/A,ほど,ほど,Khoảng,
程度,vocab,24,"程,度",N/A,N/A,N/A,N/A,ていど,ていど,Mức Độ,Khoảng
税込み,vocab,27,"税,込",N/A,N/A,N/A,N/A,ぜいこみ,ぜいこみ,Bao Gồm Thuế,
税金,vocab,27,"税,金",N/A,N/A,N/A,N/A,ぜいきん,ぜいきん,Thuế,
税関,vocab,27,"税,関",N/A,N/A,N/A,N/A,ぜいかん,ぜいかん,Hải Quan,
種,vocab,40,種,N/A,N/A,N/A,N/A,たね,たね,Hạt,
種類,vocab,40,"種,類",N/A,N/A,N/A,N/A,しゅるい,しゅるい,Chủng Loại,
稲,vocab,20,稲,N/A,N/A,N/A,N/A,いね,いね,Lúa,
稲妻,vocab,20,"稲,妻",N/A,N/A,N/A,N/A,いなずま,いなずま,Tia Chớp,Chớp
稲田,vocab,20,"稲,田",N/A,N/A,N/A,N/A,いなだ,いなだ,Ruộng Lúa,
稼ぐ,vocab,59,稼,N/A,N/A,N/A,N/A,かせぐ,かせぐ,Kiếm Tiền,
稼働,vocab,59,"稼,働",N/A,N/A,N/A,N/A,かどう,かどう,Hoạt Động,Vận Hành
稽古,vocab,68,"稽,古",N/A,N/A,N/A,N/A,けいこ,けいこ,Luyện Tập,
積む,vocab,35,積,N/A,N/A,N/A,N/A,つむ,つむ,Tích Lũy,Chồng Chất
積もる,vocab,35,積,N/A,N/A,N/A,N/A,つもる,つもる,Tích Tụ,
積極的,vocab,63,"積,極,的",N/A,N/A,N/A,N/A,せっきょくてき,せっきょくてき,Tích Cực,
穏やか,vocab,70,穏,N/A,N/A,N/A,N/A,おだやか,おだやか,Yên Ổn,Điềm Đạm
穴,vocab,6,穴,N/A,N/A,N/A,N/A,あな,あな,Lỗ,
究極,vocab,63,"究,極",N/A,N/A,N/A,N/A,きゅうきょく,きゅうきょく,Tối Thượng,
空,vocab,10,空,N/A,N/A,N/A,N/A,そら,そら,Bầu Trời,Trời
空き巣,vocab,45,"空,巣",N/A,N/A,N/A,N/A,あきす,あきす,Ăn Trộm,
空き缶,vocab,28,"空,缶",N/A,N/A,N/A,N/A,あきかん,あきかん,Lon Rỗng,Vỏ Lon
空く,vocab,10,空,N/A,N/A,N/A,N/A,あく,"あく, すく",Trống,Vắng
空っぽ,vocab,10,空,N/A,N/A,N/A,N/A,からっぽ,からっぽ,Trống Trơn,
空想,vocab,30,"空,想",N/A,N/A,N/A,N/A,くうそう,くうそう,Ảo Tưởng,Viễn Tưởng
空手,vocab,10,"空,手",N/A,N/A,N/A,N/A,からて,からて,Karate,
空気,vocab,10,"空,気",N/A,N/A,N/A,N/A,くうき,くうき,Không Khí,
空港,vocab,46,"空,港",N/A,N/A,N/A,N/A,くうこう,くうこう,Sân Bay,
空白,vocab,10,"空,白",N/A,N/A,N/A,N/A,くうはく,くうはく,Khoảng Trống,
空軍,vocab,39,"空,軍",N/A,N/A,N/A,N/A,くうぐん,くうぐん,Không Quân,
空間,vocab,10,"空,間",N/A,N/A,N/A,N/A,くうかん,くうかん,Không Gian,
突き当たる,vocab,40,"突,当",N/A,N/A,N/A,N/A,つきあたる,つきあたる,Đi Hết,
突き抜ける,vocab,38,"突,抜",N/A,N/A,N/A,N/A,つきぬける,つきぬける,Xuyên Qua,
突く,vocab,26,突,N/A,N/A,N/A,N/A,つく,つく,Đâm,
突っ込む,vocab,26,"突,込",N/A,N/A,N/A,N/A,つっこむ,つっこむ,Đâm Vào,
突然,vocab,26,"突,然",N/A,N/A,N/A,N/A,とつぜん,とつぜん,Đột Nhiên,
突破,vocab,26,"突,破",N/A,N/A,N/A,N/A,とっぱ,とっぱ,Đột Phá,
窒息,vocab,54,"窒,息",N/A,N/A,N/A,N/A,ちっそく,ちっそく,Ngạt Thở,
窒素,vocab,54,"窒,素",N/A,N/A,N/A,N/A,ちっそ,ちっそ,Nitrogen,N
窓,vocab,31,窓,N/A,N/A,N/A,N/A,まど,まど,Cửa Sổ,
窓口,vocab,31,"窓,口",N/A,N/A,N/A,N/A,まどぐち,まどぐち,Quầy,Quầy Tiếp Tân
窓枠,vocab,31,"窓,枠",N/A,N/A,N/A,N/A,まどわく,まどわく,Khung Cửa Sổ,
窓際,vocab,58,"窓,際",N/A,N/A,N/A,N/A,まどぎわ,まどぎわ,Bên Cửa Sổ,Cạnh Cửa Sổ
立ち去る,vocab,15,"立,去",N/A,N/A,N/A,N/A,たちさる,たちさる,Rời Đi,
立つ,vocab,5,立,N/A,N/A,N/A,N/A,たつ,たつ,Đứng,
立てる,vocab,6,立,N/A,N/A,N/A,N/A,たてる,たてる,Dựng,Lập
立入禁止,vocab,33,"立,入,禁,止",N/A,N/A,N/A,N/A,たちいりきんし,たちいりきんし,Cấm Vào,
立場,vocab,10,"立,場",N/A,N/A,N/A,N/A,たちば,たちば,Cương Vị,
立派,vocab,51,"立,派",N/A,N/A,N/A,N/A,りっぱ,りっぱ,Tuyệt Vời,
竜,vocab,44,竜,N/A,N/A,N/A,N/A,りゅう,りゅう,Rồng,
竜巻,vocab,44,"竜,巻",N/A,N/A,N/A,N/A,たつまき,たつまき,Lốc Xoáy,Vòi Rồng
童話,vocab,39,"童,話",N/A,N/A,N/A,N/A,どうわ,どうわ,Đồng Thoại,Truyện Cho Trẻ Em
童謡,vocab,39,"童,謡",N/A,N/A,N/A,N/A,どうよう,どうよう,Đồng Dao,
端,vocab,63,端,N/A,N/A,N/A,N/A,はし,はし,Mép,Rìa
競う,vocab,68,競,N/A,N/A,N/A,N/A,きそう,きそう,Cạnh Tranh,
競争,vocab,68,"競,争",N/A,N/A,N/A,N/A,きょうそう,きょうそう,Cạnh Tranh,
競技,vocab,68,"競,技",N/A,N/A,N/A,N/A,きょうぎ,きょうぎ,Cuộc Thi,
競馬,vocab,68,"競,馬",N/A,N/A,N/A,N/A,けいば,けいば,Đua Ngựa,
竹,vocab,4,竹,N/A,N/A,N/A,N/A,たけ,たけ,Tre,
竹刀,vocab,4,"竹,刀",N/A,N/A,N/A,N/A,しない,しない,Kiếm Tre,
竹林,vocab,4,"竹,林",N/A,N/A,N/A,N/A,ちくりん,ちくりん,Rừng Trúc,Rừng Tre
笑う,vocab,14,笑,N/A,N/A,N/A,N/A,わらう,わらう,Cười,
笑み,vocab,66,笑,N/A,N/A,N/A,N/A,えみ,えみ,Nụ Cười,
笑顔,vocab,14,"笑,顔",N/A,N/A,N/A,N/A,えがお,えがお,Mặt Cười,Nụ Cười
笛,vocab,38,笛,N/A,N/A,N/A,N/A,ふえ,ふえ,Sáo,
笠,vocab,62,笠,N/A,N/A,N/A,N/A,かさ,かさ,Nón Lá,
符号,vocab,59,"符,号",N/A,N/A,N/A,N/A,ふごう,ふごう,Dấu,
第～,vocab,25,第,N/A,N/A,N/A,N/A,だい,だい,Dai,Thứ
筆箱,vocab,63,"筆,箱",N/A,N/A,N/A,N/A,ふでばこ,ふでばこ,Hộp Bút,
筆者,vocab,40,"筆,者",N/A,N/A,N/A,N/A,ひっしゃ,ひっしゃ,Người Viết,Tác Giả
筆記,vocab,40,"筆,記",N/A,N/A,N/A,N/A,ひっき,ひっき,Bút Ký,
筆跡,vocab,40,"筆,跡",N/A,N/A,N/A,N/A,ひっせき,ひっせき,Bút Tích,
等しい,vocab,38,等,N/A,N/A,N/A,N/A,ひとしい,ひとしい,Bằng,"Đều, Tương Đương"
等分,vocab,37,"等,分",N/A,N/A,N/A,N/A,とうぶん,とうぶん,Chia Đều,
筋,vocab,61,筋,N/A,N/A,N/A,N/A,すじ,すじ,Gân,
筋肉,vocab,61,"筋,肉",N/A,N/A,N/A,N/A,きんにく,きんにく,Cơ Bắp,
筒,vocab,51,筒,N/A,N/A,N/A,N/A,つつ,つつ,Ống,
答える,vocab,23,答,N/A,N/A,N/A,N/A,こたえる,こたえる,Trả Lời,
策略,vocab,51,"策,略",N/A,N/A,N/A,N/A,さくりゃく,さくりゃく,Sách Lược,
算盤,vocab,49,"算,盤",N/A,N/A,N/A,N/A,そろばん,そろばん,Soroban,Bàn Tính
管,vocab,45,管,N/A,N/A,N/A,N/A,くだ,くだ,Ống,
管理,vocab,45,"管,理",N/A,N/A,N/A,N/A,かんり,かんり,Quản Lý,
箱,vocab,63,箱,N/A,N/A,N/A,N/A,はこ,はこ,Hộp,Thùng
箸,vocab,33,箸,N/A,N/A,N/A,N/A,はし,はし,Đũa,
節分,vocab,36,"節,分",N/A,N/A,N/A,N/A,せつぶん,せつぶん,Setsubun,
節約,vocab,36,"節,約",N/A,N/A,N/A,N/A,せつやく,せつやく,Tiết Kiệm,
範囲,vocab,46,"範,囲",N/A,N/A,N/A,N/A,はんい,はんい,Phạm Vi,
築～,vocab,21,築,N/A,N/A,N/A,N/A,ちく,ちく,Chiku,
築く,vocab,21,築,N/A,N/A,N/A,N/A,きずく,きずく,Xây Dựng,
簡単,vocab,28,"簡,単",N/A,N/A,N/A,N/A,かんたん,かんたん,Đơn Giản,Dễ
簡易,vocab,28,"簡,易",N/A,N/A,N/A,N/A,かんい,かんい,Đơn Giản,
米,vocab,12,米,N/A,N/A,N/A,N/A,こめ,こめ,Gạo,Cơm
米を研ぐ,vocab,12,"米,研",N/A,N/A,N/A,N/A,こめをとぐ,こめをとぐ,Vo Gạo,
米国,vocab,12,"米,国",N/A,N/A,N/A,N/A,べいこく,べいこく,Hoa Kỳ,Mỹ
米袋,vocab,60,"米,袋",N/A,N/A,N/A,N/A,こめぶくろ,こめぶくろ,Bao Gạo,Túi Gạo
粉,vocab,28,粉,N/A,N/A,N/A,N/A,こな,こな,Bột,Phấn
粉ミルク,vocab,28,粉,N/A,N/A,N/A,N/A,こなみるく,こなみるく,Sữa Bột,
粉末,vocab,28,"粉,末",N/A,N/A,N/A,N/A,ふんまつ,ふんまつ,Bột Mịn,
粉状,vocab,51,"粉,状",N/A,N/A,N/A,N/A,ふんじょう,ふんじょう,Dạng Bột,
粋,vocab,55,粋,N/A,N/A,N/A,N/A,いき,いき,Tao Nhã,Thông Minh
粒子,vocab,60,"粒,子",N/A,N/A,N/A,N/A,りゅうし,りゅうし,Hạt,
粗い,vocab,61,粗,N/A,N/A,N/A,N/A,あらい,あらい,Thô,
粗末,vocab,61,"粗,末",N/A,N/A,N/A,N/A,そまつ,そまつ,Sơ Sài,
粗筋,vocab,61,"粗,筋",N/A,N/A,N/A,N/A,あらすじ,あらすじ,Cốt Truyện,
粘る,vocab,61,粘,N/A,N/A,N/A,N/A,ねばる,ねばる,Dính,
粘土,vocab,61,"粘,土",N/A,N/A,N/A,N/A,ねんど,ねんど,Đất Nặn,
精々,vocab,31,"精,々",N/A,N/A,N/A,N/A,せいぜい,せいぜい,Tối Đa,
精一杯,vocab,31,"精,一,杯",N/A,N/A,N/A,N/A,せいいっぱい,せいいっぱい,Hết Sức,Cố Hết Sức
精巧,vocab,31,"精,巧",N/A,N/A,N/A,N/A,せいこう,せいこう,Tinh Xảo,
精神,vocab,31,"精,神",N/A,N/A,N/A,N/A,せいしん,せいしん,Tinh Thần,
精鋭,vocab,63,"精,鋭",N/A,N/A,N/A,N/A,せいえい,せいえい,Tinh Nhuệ,
糸,vocab,20,糸,N/A,N/A,N/A,N/A,いと,いと,Sợi Chỉ,Chỉ
系列,vocab,24,"系,列",N/A,N/A,N/A,N/A,けいれつ,けいれつ,Chuỗi,
系統,vocab,23,"系,統",N/A,N/A,N/A,N/A,けいとう,けいとう,Hệ Thống,
紀元,vocab,52,"紀,元",N/A,N/A,N/A,N/A,きげん,きげん,Kỷ Nguyên,
紀元前,vocab,52,"紀,元,前",N/A,N/A,N/A,N/A,きげんぜん,きげんぜん,TCN,Trước Công Nguyên
約,vocab,24,約,N/A,N/A,N/A,N/A,やく,やく,Khoảng,
約束,vocab,24,"約,束",N/A,N/A,N/A,N/A,やくそく,やくそく,Lời Hứa,Lịch Hẹn
紅茶,vocab,51,"紅,茶",N/A,N/A,N/A,N/A,こうちゃ,こうちゃ,Koucha,
紅葉,vocab,51,"紅,葉",N/A,N/A,N/A,N/A,こうよう,"こうよう, もみじ",Lá Đỏ,
納まる,vocab,47,納,N/A,N/A,N/A,N/A,おさまる,おさまる,Được Nộp,"Được Đóng, Được Giao"
納める,vocab,47,納,N/A,N/A,N/A,N/A,おさめる,おさめる,Nộp,"Đóng, Giao Hàng"
納入,vocab,47,"納,入",N/A,N/A,N/A,N/A,のうにゅう,のうにゅう,Thanh Toán,Giao Hàng
納得,vocab,47,"納,得",N/A,N/A,N/A,N/A,なっとく,なっとく,Hiểu,
納税,vocab,47,"納,税",N/A,N/A,N/A,N/A,のうぜい,のうぜい,Nộp Thuế,Đóng Thuế
納豆,vocab,47,"納,豆",N/A,N/A,N/A,N/A,なっとう,なっとう,Nattou,Đậu Tương
紐,vocab,24,紐,N/A,N/A,N/A,N/A,ひも,ひも,Dây,
純粋,vocab,55,"純,粋",N/A,N/A,N/A,N/A,じゅんすい,じゅんすい,Thuần Túy,Trong Sáng
紙,vocab,17,紙,N/A,N/A,N/A,N/A,かみ,かみ,Giấy,
紙幣,vocab,59,"紙,幣",N/A,N/A,N/A,N/A,しへい,しへい,Tiền Giấy,
紛らす,vocab,56,紛,N/A,N/A,N/A,N/A,まぎらす,まぎらす,Làm Phân Tâm,
紛らわしい,vocab,56,紛,N/A,N/A,N/A,N/A,まぎらわしい,まぎらわしい,Dễ Nhầm Lẫn,
紛れる,vocab,56,紛,N/A,N/A,N/A,N/A,まぎれる,まぎれる,Phân Tâm,
素人,vocab,23,"素,人",N/A,N/A,N/A,N/A,しろうと,しろうと,Người Nghiệp Dư,
素敵,vocab,37,"素,敵",N/A,N/A,N/A,N/A,すてき,すてき,Tuyệt Vời,
素晴らしい,vocab,63,"素,晴",N/A,N/A,N/A,N/A,すばらしい,すばらしい,Tuyệt Vời,
素材,vocab,21,"素,材",N/A,N/A,N/A,N/A,そざい,そざい,Nguyên Liệu,Nguyên Liệu Thô
素直,vocab,21,"素,直",N/A,N/A,N/A,N/A,すなお,すなお,Thẳng Thắn,Thật Lòng
素質,vocab,21,"素,質",N/A,N/A,N/A,N/A,そしつ,そしつ,Tố Chất,
素麺,vocab,50,"素,麺",N/A,N/A,N/A,N/A,そうめん,そうめん,Soumen,
索引,vocab,38,"索,引",N/A,N/A,N/A,N/A,さくいん,さくいん,Index,Chỉ Mục
紫,vocab,65,紫,N/A,N/A,N/A,N/A,むらさき,むらさき,Tím,
紫外線,vocab,65,"紫,外,線",N/A,N/A,N/A,N/A,しがいせん,しがいせん,Tia UV,"Tia Cực Tím, Tia Tử Ngoại"
細い,vocab,53,細,N/A,N/A,N/A,N/A,ほそい,ほそい,Mỏng,
細かい,vocab,54,細,N/A,N/A,N/A,N/A,こまかい,こまかい,Chi Tiết,"Tiểu Tiết, Nhỏ Nhặt"
細かいお金,vocab,54,"細,金",N/A,N/A,N/A,N/A,こまかいおかね,こまかいおかね,Tiền Lẻ,
細胞,vocab,53,"細,胞",N/A,N/A,N/A,N/A,さいぼう,さいぼう,Tế Bào,
細菌,vocab,53,"細,菌",N/A,N/A,N/A,N/A,さいきん,さいきん,Vi Khuẩn,
紳士,vocab,62,"紳,士",N/A,N/A,N/A,N/A,しんし,しんし,Quý Ông,
紹介,vocab,28,"紹,介",N/A,N/A,N/A,N/A,しょうかい,しょうかい,Giới Thiệu,
終える,vocab,12,終,N/A,N/A,N/A,N/A,おえる,おえる,Hoàn Thành,"Kết Thúc, Tốt Nghiệp"
終わらせる,vocab,11,終,N/A,N/A,N/A,N/A,おわらせる,おわらせる,Hoàn Thành,Kết Thúc
終わる,vocab,11,終,N/A,N/A,N/A,N/A,おわる,おわる,Kết Thúc,
終了,vocab,11,"終,了",N/A,N/A,N/A,N/A,しゅうりょう,しゅうりょう,Kết Thúc,
終点,vocab,11,"終,点",N/A,N/A,N/A,N/A,しゅうてん,しゅうてん,Trạm Cuối,Ga Cuối
終電,vocab,14,"終,電",N/A,N/A,N/A,N/A,しゅうでん,しゅうでん,Chuyến Cuối,
組み合わせる,vocab,31,"組,合",N/A,N/A,N/A,N/A,くみあわせる,くみあわせる,Kết Hợp,
組合,vocab,31,"組,合",N/A,N/A,N/A,N/A,くみあい,くみあい,Nghiệp Đoàn,
組織,vocab,70,"組,織",N/A,N/A,N/A,N/A,そしき,そしき,Tổ Chức,
経つ,vocab,14,経,N/A,N/A,N/A,N/A,たつ,たつ,Trôi Qua,
経る,vocab,14,経,N/A,N/A,N/A,N/A,へる,へる,Trải Qua,
経営,vocab,63,"経,営",N/A,N/A,N/A,N/A,けいえい,けいえい,Điều Hành,
経歴,vocab,34,"経,歴",N/A,N/A,N/A,N/A,けいれき,けいれき,Lý Lịch,Kinh Nghiệm Làm Việc
経済,vocab,14,"経,済",N/A,N/A,N/A,N/A,けいざい,けいざい,Kinh Tế,
経由,vocab,14,"経,由",N/A,N/A,N/A,N/A,けいゆ,けいゆ,Qua,Quá Cảnh
経費,vocab,58,"経,費",N/A,N/A,N/A,N/A,けいひ,けいひ,Kinh Phí,
経験,vocab,25,"経,験",N/A,N/A,N/A,N/A,けいけん,けいけん,Kinh Nghiệm,
結ぶ,vocab,22,結,N/A,N/A,N/A,N/A,むすぶ,むすぶ,Buộc,
結婚,vocab,47,"結,婚",N/A,N/A,N/A,N/A,けっこん,けっこん,Kết Hôn,
結局,vocab,22,"結,局",N/A,N/A,N/A,N/A,けっきょく,けっきょく,Kết Cục,
結束,vocab,24,"結,束",N/A,N/A,N/A,N/A,けっそく,けっそく,Đoàn Kết,Buộc
結果,vocab,22,"結,果",N/A,N/A,N/A,N/A,けっか,けっか,Kết Quả,
結構,vocab,22,"結,構",N/A,N/A,N/A,N/A,けっこう,けっこう,Kekkou,
結論,vocab,26,"結,論",N/A,N/A,N/A,N/A,けつろん,けつろん,Kết Luận,
絞る,vocab,65,絞,N/A,N/A,N/A,N/A,しぼる,しぼる,Vắt,
絡む,vocab,43,絡,N/A,N/A,N/A,N/A,からむ,からむ,Bị Rối,"Vướng Mắc, Dính Líu"
給与,vocab,26,"給,与",N/A,N/A,N/A,N/A,きゅうよ,きゅうよ,Lương,
給料,vocab,25,"給,料",N/A,N/A,N/A,N/A,きゅうりょう,きゅうりょう,Lương,
給油,vocab,38,"給,油",N/A,N/A,N/A,N/A,きゅうゆ,きゅうゆ,Đổ Xăng,
統一,vocab,22,"統,一",N/A,N/A,N/A,N/A,とういつ,とういつ,Thống Nhất,
統合,vocab,22,"統,合",N/A,N/A,N/A,N/A,とうごう,とうごう,Sát Nhập,
統治,vocab,22,"統,治",N/A,N/A,N/A,N/A,とうち,とうち,Thống Trị,
絵,vocab,11,絵,N/A,N/A,N/A,N/A,え,え,Tranh,
絵の具,vocab,11,"絵,具",N/A,N/A,N/A,N/A,えのぐ,えのぐ,Màu Vẽ,
絵文字,vocab,11,"絵,文,字",N/A,N/A,N/A,N/A,えもじ,えもじ,Emoji,
絵本,vocab,11,"絵,本",N/A,N/A,N/A,N/A,えほん,えほん,Sách Tranh,
絵画,vocab,11,"絵,画",N/A,N/A,N/A,N/A,かいが,かいが,Hội Họa,Tranh
絶える,vocab,29,絶,N/A,N/A,N/A,N/A,たえる,たえる,Tuyệt Chủng,"Ngưng, Hết"
絶叫,vocab,29,"絶,叫",N/A,N/A,N/A,N/A,ぜっきょう,ぜっきょう,Tiếng Hét,
絶妙,vocab,31,"絶,妙",N/A,N/A,N/A,N/A,ぜつみょう,ぜつみょう,Tuyệt Diệu,
絶対,vocab,29,"絶,対",N/A,N/A,N/A,N/A,ぜったい,ぜったい,Tuyệt Đối,
絶望,vocab,29,"絶,望",N/A,N/A,N/A,N/A,ぜつぼう,ぜつぼう,Tuyệt Vọng,
絹,vocab,67,絹,N/A,N/A,N/A,N/A,きぬ,きぬ,Vải Lụa,Lụa
絹糸,vocab,67,"絹,糸",N/A,N/A,N/A,N/A,きぬいと,"きぬいと, けんし",Tơ,
継ぐ,vocab,46,継,N/A,N/A,N/A,N/A,つぐ,つぐ,Kế Thừa,
継続,vocab,46,"継,続",N/A,N/A,N/A,N/A,けいぞく,けいぞく,Tiếp Tục,
続く,vocab,32,続,N/A,N/A,N/A,N/A,つづく,つづく,Tiếp Tục,Liên Tục
続ける,vocab,32,続,N/A,N/A,N/A,N/A,つづける,つづける,Tiếp Tục,Liên Tục
維持,vocab,68,"維,持",N/A,N/A,N/A,N/A,いじ,いじ,Duy Trì,
維新,vocab,68,"維,新",N/A,N/A,N/A,N/A,いしん,いしん,Duy Tân,
綱,vocab,68,綱,N/A,N/A,N/A,N/A,つな,つな,Dây,
綱引き,vocab,68,"綱,引",N/A,N/A,N/A,N/A,つなひき,つなひき,Kéo Co,
網,vocab,64,網,N/A,N/A,N/A,N/A,あみ,あみ,Lưới,
網棚,vocab,64,"網,棚",N/A,N/A,N/A,N/A,あみだな,あみだな,Giá,Giá Để Hành Lý
綺麗,vocab,49,"綺,麗",N/A,N/A,N/A,N/A,きれい,きれい,Đẹp,Sạch
綿,vocab,45,綿,N/A,N/A,N/A,N/A,わた,"わた, めん",Bông,
綿菓子,vocab,45,"綿,菓,子",N/A,N/A,N/A,N/A,わたがし,わたがし,Kẹo Bông,
緊張,vocab,32,"緊,張",N/A,N/A,N/A,N/A,きんちょう,きんちょう,Căng Thẳng,
緊急,vocab,32,"緊,急",N/A,N/A,N/A,N/A,きんきゅう,きんきゅう,Khẩn Cấp,
緊迫,vocab,32,"緊,迫",N/A,N/A,N/A,N/A,きんぱく,きんぱく,Kịch Tính,Cấp Bách
総て,vocab,41,総,N/A,N/A,N/A,N/A,すべて,すべて,Tất Cả,
総合,vocab,41,"総,合",N/A,N/A,N/A,N/A,そうごう,そうごう,Tổng Hợp,
総括,vocab,42,"総,括",N/A,N/A,N/A,N/A,そうかつ,そうかつ,Tổng Quát,
総理大臣,vocab,41,"総,理,大,臣",N/A,N/A,N/A,N/A,そうりだいじん,そうりだいじん,Thủ Tướng,
総裁,vocab,41,"総,裁",N/A,N/A,N/A,N/A,そうさい,そうさい,Tổng Tài,Chủ Tịch
緑,vocab,45,緑,N/A,N/A,N/A,N/A,みどり,みどり,Xanh,
緑色,vocab,45,"緑,色",N/A,N/A,N/A,N/A,みどりいろ,みどりいろ,Màu Xanh,
緑茶,vocab,45,"緑,茶",N/A,N/A,N/A,N/A,りょくちゃ,りょくちゃ,Lục Trà,
緑黄色,vocab,45,"緑,黄,色",N/A,N/A,N/A,N/A,りょくおうしょく,りょくおうしょく,Màu Vàng Chanh,
線,vocab,17,線,N/A,N/A,N/A,N/A,せん,せん,Đường,"Tuyến, Vạch, Tia"
線路,vocab,32,"線,路",N/A,N/A,N/A,N/A,せんろ,せんろ,Đường Ray,
線香,vocab,46,"線,香",N/A,N/A,N/A,N/A,せんこう,せんこう,Hương,Nhang
締める,vocab,69,締,N/A,N/A,N/A,N/A,しめる,しめる,Buộc,Thắt
締切,vocab,69,"締,切",N/A,N/A,N/A,N/A,しめきり,しめきり,Hạn Chót,
編む,vocab,69,編,N/A,N/A,N/A,N/A,あむ,あむ,Đan,
編集,vocab,69,"編,集",N/A,N/A,N/A,N/A,へんしゅう,へんしゅう,Biên Tập,
編集者,vocab,69,"編,集,者",N/A,N/A,N/A,N/A,へんしゅうしゃ,へんしゅうしゃ,Biên Tập Viên,
緩い,vocab,69,緩,N/A,N/A,N/A,N/A,ゆるい,ゆるい,Lỏng,
緩む,vocab,69,緩,N/A,N/A,N/A,N/A,ゆるむ,ゆるむ,Lỏng,
緩める,vocab,69,緩,N/A,N/A,N/A,N/A,ゆるめる,ゆるめる,Làm Lỏng,Nới Lỏng
緩やか,vocab,69,緩,N/A,N/A,N/A,N/A,ゆるやか,ゆるやか,Lỏng,
緩和,vocab,69,"緩,和",N/A,N/A,N/A,N/A,かんわ,かんわ,Nới Lỏng,Xoa Dịu
練る,vocab,45,練,N/A,N/A,N/A,N/A,ねる,ねる,Nhào Bột,Trau Chuốt
練習,vocab,45,"練,習",N/A,N/A,N/A,N/A,れんしゅう,れんしゅう,Luyện Tập,
縁,vocab,59,縁,N/A,N/A,N/A,N/A,えん,"えん, ふち",Duyên,"Mép, Viền"
縁側,vocab,59,"縁,側",N/A,N/A,N/A,N/A,えんがわ,えんがわ,Hiên Nhà,
縁起,vocab,59,"縁,起",N/A,N/A,N/A,N/A,えんぎ,えんぎ,Điềm,
縄,vocab,27,縄,N/A,N/A,N/A,N/A,なわ,なわ,Dây,
縄跳び,vocab,47,"縄,跳",N/A,N/A,N/A,N/A,なわとび,なわとび,Nhảy Dây,
縛り首,vocab,70,"縛,首",N/A,N/A,N/A,N/A,しばりくび,しばりくび,Treo Cổ,
縛る,vocab,70,縛,N/A,N/A,N/A,N/A,しばる,しばる,Buộc,Ràng Buộc
縦,vocab,70,縦,N/A,N/A,N/A,N/A,たて,たて,Dọc,
縦書き,vocab,70,"縦,書",N/A,N/A,N/A,N/A,たてがき,たてがき,Viết Dọc,
縫い包み,vocab,70,"縫,包",N/A,N/A,N/A,N/A,ぬいぐるみ,ぬいぐるみ,Thú Bông,Đồ Chơi Nhồi Bông
縫う,vocab,70,縫,N/A,N/A,N/A,N/A,ぬう,ぬう,Khâu,
縮まる,vocab,62,縮,N/A,N/A,N/A,N/A,ちぢまる,ちぢまる,Co,Ngắn
縮める,vocab,62,縮,N/A,N/A,N/A,N/A,ちぢめる,ちぢめる,Làm Co,Làm Ngắn
縮小,vocab,62,"縮,小",N/A,N/A,N/A,N/A,しゅくしょう,しゅくしょう,Thu Nhỏ,
繁忙期,vocab,48,"繁,忙,期",N/A,N/A,N/A,N/A,はんぼうき,はんぼうき,Mùa Bận Rộn,
繁栄,vocab,48,"繁,栄",N/A,N/A,N/A,N/A,はんえい,はんえい,Phồn Vinh,
繁殖,vocab,48,"繁,殖",N/A,N/A,N/A,N/A,はんしょく,はんしょく,Phồn Thực,Nhân Giống
繋がる,vocab,64,繋,N/A,N/A,N/A,N/A,つながる,つながる,Nối,
繋ぐ,vocab,64,繋,N/A,N/A,N/A,N/A,つなぐ,つなぐ,Nối,
繋げる,vocab,64,繋,N/A,N/A,N/A,N/A,つなげる,つなげる,Nối,
織る,vocab,70,織,N/A,N/A,N/A,N/A,おる,おる,Dệt,
繕う,vocab,67,繕,N/A,N/A,N/A,N/A,つくろう,つくろう,Vá,Sửa
繰り返す,vocab,68,"繰,返",N/A,N/A,N/A,N/A,くりかえす,くりかえす,Lặp Lại,
缶,vocab,28,缶,N/A,N/A,N/A,N/A,かん,かん,Lon,Can
缶詰め,vocab,65,"缶,詰",N/A,N/A,N/A,N/A,かんづめ,かんづめ,Đồ Hộp,
罪,vocab,25,罪,N/A,N/A,N/A,N/A,つみ,つみ,Tội,
置き忘れる,vocab,28,"置,忘",N/A,N/A,N/A,N/A,おきわすれる,おきわすれる,Để Quên,Bỏ Quên
置く,vocab,28,置,N/A,N/A,N/A,N/A,おく,おく,Đặt,Để
罰,vocab,33,罰,N/A,N/A,N/A,N/A,ばつ,ばつ,Hình Phạt,
罰金,vocab,33,"罰,金",N/A,N/A,N/A,N/A,ばっきん,ばっきん,Tiền Phạt,
署名,vocab,12,"署,名",N/A,N/A,N/A,N/A,しょめい,しょめい,Ký Tên,Chữ Ký
羊,vocab,15,羊,N/A,N/A,N/A,N/A,ひつじ,ひつじ,Cừu,
羊毛,vocab,15,"羊,毛",N/A,N/A,N/A,N/A,ようもう,ようもう,Lông Cừu,
美しい,vocab,25,美,N/A,N/A,N/A,N/A,うつくしい,うつくしい,Đẹp,
美人,vocab,25,"美,人",N/A,N/A,N/A,N/A,びじん,びじん,Mỹ Nhân,Người Đẹp
美味しい,vocab,25,"美,味",N/A,N/A,N/A,N/A,おいしい,おいしい,Ngon,
美容師,vocab,25,"美,容,師",N/A,N/A,N/A,N/A,びようし,びようし,Thợ Cắt Tóc,Thợ Làm Đẹp
美容院,vocab,25,"美,容,院",N/A,N/A,N/A,N/A,びよういん,びよういん,Tiệm Cắt Tóc,Tiệm Làm Đẹp
美術,vocab,39,"美,術",N/A,N/A,N/A,N/A,びじゅつ,びじゅつ,Mỹ Thuật,
美術館,vocab,39,"美,術,館",N/A,N/A,N/A,N/A,びじゅつかん,びじゅつかん,Bảo Tàng,Bảo Tàng Mỹ Thuật
群がる,vocab,65,群,N/A,N/A,N/A,N/A,むらがる,むらがる,Bâu,"Bu, Xúm"
群れ,vocab,65,群,N/A,N/A,N/A,N/A,むれ,むれ,Đàn,Bầy
群島,vocab,65,"群,島",N/A,N/A,N/A,N/A,ぐんとう,ぐんとう,Quần Đảo,
群衆,vocab,65,"群,衆",N/A,N/A,N/A,N/A,ぐんしゅう,ぐんしゅう,Quần Chúng,
群集,vocab,65,"群,集",N/A,N/A,N/A,N/A,ぐんしゅう,ぐんしゅう,Quần Thể,
羨ましい,vocab,47,羨,N/A,N/A,N/A,N/A,うらやましい,うらやましい,Ghen Tị,
羨む,vocab,47,羨,N/A,N/A,N/A,N/A,うらやむ,うらやむ,Ghen Tị,
義務,vocab,32,"義,務",N/A,N/A,N/A,N/A,ぎむ,ぎむ,Nghĩa Vụ,
義理,vocab,53,"義,理",N/A,N/A,N/A,N/A,ぎり,ぎり,Nghĩa Vụ,Lễ Nghĩa
羽,vocab,26,羽,N/A,N/A,N/A,N/A,はね,はね,Cánh,
羽ばたく,vocab,26,羽,N/A,N/A,N/A,N/A,はばたく,はばたく,Vỗ Cánh,
羽根,vocab,50,"羽,根",N/A,N/A,N/A,N/A,はね,はね,Chiếc Lông,"Cầu Lông, Cánh Quạt"
翌年,vocab,26,"翌,年",N/A,N/A,N/A,N/A,よくねん,よくねん,Năm Tiếp Theo,
翌日,vocab,26,"翌,日",N/A,N/A,N/A,N/A,よくじつ,よくじつ,Ngày Tiếp Theo,Ngày Hôm Sau
翌朝,vocab,26,"翌,朝",N/A,N/A,N/A,N/A,よくあさ,"よくあさ, よくちょう",Sáng Tiếp Theo,Sáng Hôm Sau
習う,vocab,26,習,N/A,N/A,N/A,N/A,ならう,ならう,Học,
習慣,vocab,26,"習,慣",N/A,N/A,N/A,N/A,しゅうかん,しゅうかん,Tập Quán,
翻す,vocab,60,翻,N/A,N/A,N/A,N/A,ひるがえす,ひるがえす,Lật,
翻訳,vocab,60,"翻,訳",N/A,N/A,N/A,N/A,ほんやく,ほんやく,Phiên Dịch,Dịch
翼,vocab,70,翼,N/A,N/A,N/A,N/A,つばさ,つばさ,Cánh,
老いる,vocab,24,老,N/A,N/A,N/A,N/A,おいる,おいる,Già,
老ける,vocab,24,老,N/A,N/A,N/A,N/A,ふける,ふける,Già,
老人,vocab,24,"老,人",N/A,N/A,N/A,N/A,ろうじん,ろうじん,Người Già,
老化,vocab,24,"老,化",N/A,N/A,N/A,N/A,ろうか,ろうか,Lão Hóa,
老齢,vocab,50,"老,齢",N/A,N/A,N/A,N/A,ろうれい,ろうれい,Tuổi Già,
考える,vocab,15,考,N/A,N/A,N/A,N/A,かんがえる,かんがえる,Suy Nghĩ,Nghĩ
考え方,vocab,15,"考,方",N/A,N/A,N/A,N/A,かんがえかた,かんがえかた,Cách Nghĩ,
考慮,vocab,59,"考,慮",N/A,N/A,N/A,N/A,こうりょ,こうりょ,Cân Nhắc,
耐える,vocab,30,耐,N/A,N/A,N/A,N/A,たえる,たえる,Chịu Đựng,Gượng
耐久,vocab,30,"耐,久",N/A,N/A,N/A,N/A,たいきゅう,たいきゅう,Chịu Đựng,"Bền, Lâu Dài"
耐性,vocab,30,"耐,性",N/A,N/A,N/A,N/A,たいせい,たいせい,Kháng,
耕す,vocab,55,耕,N/A,N/A,N/A,N/A,たがやす,たがやす,Cày Bừa,
耕作,vocab,55,"耕,作",N/A,N/A,N/A,N/A,こうさく,こうさく,Canh Tác,
耕地,vocab,55,"耕,地",N/A,N/A,N/A,N/A,こうち,こうち,Đất Canh Tác,
耳,vocab,6,耳,N/A,N/A,N/A,N/A,みみ,みみ,Tai,
耳鼻科,vocab,6,"耳,鼻,科",N/A,N/A,N/A,N/A,じびか,じびか,KTMH,Khoa Tai Mũi Họng
聖地,vocab,67,"聖,地",N/A,N/A,N/A,N/A,せいち,せいち,Thánh Địa,
聖書,vocab,67,"聖,書",N/A,N/A,N/A,N/A,せいしょ,せいしょ,Kinh Thánh,
聞き取る,vocab,15,"聞,取",N/A,N/A,N/A,N/A,ききとる,ききとる,Nghe Hiểu,
聞く,vocab,15,聞,N/A,N/A,N/A,N/A,きく,きく,Nghe,Hỏi
聞こえる,vocab,15,聞,N/A,N/A,N/A,N/A,きこえる,きこえる,Nghe Được,Nghe Thấy
聴く,vocab,32,聴,N/A,N/A,N/A,N/A,きく,きく,Nghe,
職業,vocab,18,"職,業",N/A,N/A,N/A,N/A,しょくぎょう,しょくぎょう,Nghề Nghiệp,Nghề
肉,vocab,5,肉,N/A,N/A,N/A,N/A,にく,にく,Thịt,
肉離れ,vocab,47,"肉,離",N/A,N/A,N/A,N/A,にくばなれ,にくばなれ,Rách Cơ,
肉食,vocab,18,"肉,食",N/A,N/A,N/A,N/A,にくしょく,にくしょく,Ăn Thịt,
肌,vocab,13,肌,N/A,N/A,N/A,N/A,はだ,はだ,Da,
肌着,vocab,18,"肌,着",N/A,N/A,N/A,N/A,はだぎ,はだぎ,Đồ Lót,
肝心,vocab,43,"肝,心",N/A,N/A,N/A,N/A,かんじん,かんじん,Quan Trọng,
肝臓,vocab,43,"肝,臓",N/A,N/A,N/A,N/A,かんぞう,かんぞう,Gan,
股,vocab,50,股,N/A,N/A,N/A,N/A,また,また,Háng,
肥える,vocab,49,肥,N/A,N/A,N/A,N/A,こえる,こえる,Béo,Màu Mỡ
肥料,vocab,49,"肥,料",N/A,N/A,N/A,N/A,ひりょう,ひりょう,Phân Bón,
肥満,vocab,49,"肥,満",N/A,N/A,N/A,N/A,ひまん,ひまん,Béo Phì,
肩,vocab,48,肩,N/A,N/A,N/A,N/A,かた,かた,Vai,
肩が凝る,vocab,48,"肩,凝",N/A,N/A,N/A,N/A,かたがこる,かたがこる,Mỏi Vai,
肩凝り,vocab,48,"肩,凝",N/A,N/A,N/A,N/A,かたこり,かたこり,Mỏi Vai,
肩叩き,vocab,48,"肩,叩",N/A,N/A,N/A,N/A,かたたたき,かたたたき,Xoa Bóp Vai,
肯定,vocab,49,"肯,定",N/A,N/A,N/A,N/A,こうてい,こうてい,Khẳng Định,
育つ,vocab,39,育,N/A,N/A,N/A,N/A,そだつ,そだつ,Lớn Lên,Được Nuôi Dạy
育てる,vocab,39,育,N/A,N/A,N/A,N/A,そだてる,そだてる,Nuôi Dạy,Nuôi Nấng
育児,vocab,39,"育,児",N/A,N/A,N/A,N/A,いくじ,いくじ,Nuôi Dạy Con,
肺,vocab,53,肺,N/A,N/A,N/A,N/A,はい,はい,Phổi,
肺がん,vocab,53,肺,N/A,N/A,N/A,N/A,はいがん,はいがん,Ung Thư Phổi,
胃,vocab,50,胃,N/A,N/A,N/A,N/A,い,い,Dạ Dày,
胃もたれ,vocab,50,胃,N/A,N/A,N/A,N/A,いもたれ,いもたれ,Chướng Bụng,
胃腸,vocab,50,"胃,腸",N/A,N/A,N/A,N/A,いちょう,いちょう,Dạ Dày,
背,vocab,19,背,N/A,N/A,N/A,N/A,せ,せ,Chiều Cao,Lưng
背中,vocab,19,"背,中",N/A,N/A,N/A,N/A,せなか,せなか,Lưng,
背景,vocab,63,"背,景",N/A,N/A,N/A,N/A,はいけい,はいけい,Bối Cảnh,Phông Nền
背泳ぎ,vocab,20,"背,泳",N/A,N/A,N/A,N/A,せおよぎ,せおよぎ,Bơi Ngửa,
背負う,vocab,20,"背,負",N/A,N/A,N/A,N/A,せおう,せおう,Gánh,"Cõng, Đeo"
胡椒,vocab,37,"胡,椒",N/A,N/A,N/A,N/A,こしょう,こしょう,Hạt Tiêu,Tiêu
胡瓜,vocab,37,"胡,瓜",N/A,N/A,N/A,N/A,きゅうり,きゅうり,Dưa Chuột,
胸,vocab,55,胸,N/A,N/A,N/A,N/A,むね,むね,Ngực,
能力,vocab,10,"能,力",N/A,N/A,N/A,N/A,のうりょく,のうりょく,Năng Lực,
脂,vocab,60,脂,N/A,N/A,N/A,N/A,あぶら,あぶら,Mỡ,
脂肪,vocab,60,"脂,肪",N/A,N/A,N/A,N/A,しぼう,しぼう,Mỡ,
脅かす,vocab,57,脅,N/A,N/A,N/A,N/A,おどかす,"おどかす, おびやかす",Đe Dọa,
脅す,vocab,57,脅,N/A,N/A,N/A,N/A,おどす,おどす,Đe Dọa,
脅迫,vocab,57,"脅,迫",N/A,N/A,N/A,N/A,きょうはく,きょうはく,Đe Dọa,
脇,vocab,55,脇,N/A,N/A,N/A,N/A,わき,わき,Nách,
脇役,vocab,55,"脇,役",N/A,N/A,N/A,N/A,わきやく,わきやく,Vai Phụ,
脈,vocab,56,脈,N/A,N/A,N/A,N/A,みゃく,みゃく,Mạch,
脈拍,vocab,56,"脈,拍",N/A,N/A,N/A,N/A,みゃくはく,みゃくはく,Mạch,Chỉ Số Nhịp Tim
脚,vocab,62,脚,N/A,N/A,N/A,N/A,あし,あし,Chân,
脚本,vocab,62,"脚,本",N/A,N/A,N/A,N/A,きゃくほん,きゃくほん,Kịch Bản,
脱ぐ,vocab,61,脱,N/A,N/A,N/A,N/A,ぬぐ,ぬぐ,Cởi,
脱出,vocab,61,"脱,出",N/A,N/A,N/A,N/A,だっしゅつ,だっしゅつ,Thoát Khỏi,Thoát Hiểm
脱水,vocab,61,"脱,水",N/A,N/A,N/A,N/A,だっすい,だっすい,Vắt Nước,Mất Nước
脱税,vocab,61,"脱,税",N/A,N/A,N/A,N/A,だつぜい,だつぜい,Trốn Thuế,
脱線,vocab,61,"脱,線",N/A,N/A,N/A,N/A,だっせん,だっせん,Trật Đường Ray,Lạc Đề
脳,vocab,35,脳,N/A,N/A,N/A,N/A,のう,のう,Não,
脳味噌,vocab,65,"脳,味,噌",N/A,N/A,N/A,N/A,のうみそ,のうみそ,Não,
腎不全,vocab,61,"腎,不,全",N/A,N/A,N/A,N/A,じんふぜん,じんふぜん,Suy Thận,
腎結石,vocab,61,"腎,結,石",N/A,N/A,N/A,N/A,じんけっせき,じんけっせき,Sỏi Thận,
腎臓,vocab,61,"腎,臓",N/A,N/A,N/A,N/A,じんぞう,じんぞう,Thận,
腐る,vocab,42,腐,N/A,N/A,N/A,N/A,くさる,くさる,Thối Rữa,
腐敗,vocab,42,"腐,敗",N/A,N/A,N/A,N/A,ふはい,ふはい,Thối Rữa,
腕,vocab,31,腕,N/A,N/A,N/A,N/A,うで,うで,Tay,Cánh Tay
腕を組む,vocab,31,"腕,組",N/A,N/A,N/A,N/A,うでをくむ,うでをくむ,Khoanh Tay,
腕時計,vocab,31,"腕,時,計",N/A,N/A,N/A,N/A,うでどけい,うでどけい,Udedokei,Đồng Hồ Đeo Tay
腕相撲,vocab,56,"腕,相,撲",N/A,N/A,N/A,N/A,うでずもう,うでずもう,Vật Tay,
腫れる,vocab,67,腫,N/A,N/A,N/A,N/A,はれる,はれる,Sưng,
腰,vocab,35,腰,N/A,N/A,N/A,N/A,こし,こし,Hông,Lưng Dưới
腰掛ける,vocab,35,"腰,掛",N/A,N/A,N/A,N/A,こしかける,こしかける,Ngồi,
腰痛,vocab,35,"腰,痛",N/A,N/A,N/A,N/A,ようつう,ようつう,Đau Hông,
腸,vocab,50,腸,N/A,N/A,N/A,N/A,ちょう,ちょう,Ruột,
腹,vocab,23,腹,N/A,N/A,N/A,N/A,はら,はら,Bụng,
腹減った,vocab,24,"腹,減",N/A,N/A,N/A,N/A,はらへった,はらへった,Đói,
腹立つ,vocab,23,"腹,立",N/A,N/A,N/A,N/A,はらだつ,はらだつ,Giận,"Cáu, Tức"
膝,vocab,68,膝,N/A,N/A,N/A,N/A,ひざ,ひざ,Đầu Gối,
膨らます,vocab,70,膨,N/A,N/A,N/A,N/A,ふくらます,ふくらます,Làm Phồng,
膨らむ,vocab,70,膨,N/A,N/A,N/A,N/A,ふくらむ,ふくらむ,Phồng,
膨れる,vocab,70,膨,N/A,N/A,N/A,N/A,ふくれる,ふくれる,Phồng,
膨大,vocab,70,"膨,大",N/A,N/A,N/A,N/A,ぼうだい,ぼうだい,Rất Lớn,
膨張,vocab,70,"膨,張",N/A,N/A,N/A,N/A,ぼうちょう,ぼうちょう,Bành Trướng,
臨む,vocab,66,臨,N/A,N/A,N/A,N/A,のぞむ,のぞむ,Đối Mặt,Hướng Ra
臨時,vocab,66,"臨,時",N/A,N/A,N/A,N/A,りんじ,りんじ,Lâm Thời,Tạm Thời
臨終,vocab,66,"臨,終",N/A,N/A,N/A,N/A,りんじゅう,りんじゅう,Lâm Chung,
自ら,vocab,6,自,N/A,N/A,N/A,N/A,みずから,みずから,Bản Thân,
自主,vocab,5,"自,主",N/A,N/A,N/A,N/A,じしゅ,じしゅ,Tự Chủ,
自信,vocab,21,"自,信",N/A,N/A,N/A,N/A,じしん,じしん,Tự Tin,
自分,vocab,5,"自,分",N/A,N/A,N/A,N/A,じぶん,じぶん,Bản Thân,
自力,vocab,64,"自,力",N/A,N/A,N/A,N/A,じりき,じりき,Tự Lực,Tự Mình
自動,vocab,18,"自,動",N/A,N/A,N/A,N/A,じどう,じどう,Tự Động,
自動扉,vocab,66,"自,動,扉",N/A,N/A,N/A,N/A,じどうとびら,じどうとびら,Cửa Tự Động,
自宅,vocab,18,"自,宅",N/A,N/A,N/A,N/A,じたく,じたく,Nhà,
自害,vocab,24,"自,害",N/A,N/A,N/A,N/A,じがい,じがい,Tự Sát,
自己,vocab,28,"自,己",N/A,N/A,N/A,N/A,じこ,じこ,Bản Thân,
自己紹介,vocab,28,"自,己,紹,介",N/A,N/A,N/A,N/A,じこしょうかい,じこしょうかい,Tự Giới Thiệu,
自惚れる,vocab,58,"自,惚",N/A,N/A,N/A,N/A,うぬぼれる,うぬぼれる,Tự Phụ,
自慢,vocab,31,"自,慢",N/A,N/A,N/A,N/A,じまん,じまん,Tự Mãn,
自殺,vocab,26,"自,殺",N/A,N/A,N/A,N/A,じさつ,じさつ,Tự Sát,Tự Tử
自炊,vocab,22,"自,炊",N/A,N/A,N/A,N/A,じすい,じすい,Tự Nấu Ăn,
自然,vocab,26,"自,然",N/A,N/A,N/A,N/A,しぜん,しぜん,Tự Nhiên,Thiên Nhiên
自由,vocab,13,"自,由",N/A,N/A,N/A,N/A,じゆう,じゆう,Tự Do,
自立,vocab,5,"自,立",N/A,N/A,N/A,N/A,じりつ,じりつ,Tự Lập,
自習,vocab,26,"自,習",N/A,N/A,N/A,N/A,じしゅう,じしゅう,Tự Học,
自衛,vocab,26,"自,衛",N/A,N/A,N/A,N/A,じえい,じえい,Tự Vệ,
自販機,vocab,32,"自,販,機",N/A,N/A,N/A,N/A,じはんき,じはんき,Jihanki,Máy Bán Hàng Tự Động
自転車,vocab,19,"自,転,車",N/A,N/A,N/A,N/A,じてんしゃ,じてんしゃ,Xe Đạp,
自首,vocab,7,"自,首",N/A,N/A,N/A,N/A,じしゅ,じしゅ,Tự Thú,
臭い,vocab,29,臭,N/A,N/A,N/A,N/A,くさい,くさい,Hôi,
臭う,vocab,29,臭,N/A,N/A,N/A,N/A,におう,におう,Bốc Mùi,
至る,vocab,30,至,N/A,N/A,N/A,N/A,いたる,いたる,Dẫn Đến,Đến
至急,vocab,30,"至,急",N/A,N/A,N/A,N/A,しきゅう,しきゅう,Khẩn Cấp,Ngay Lập Tức
致す,vocab,50,致,N/A,N/A,N/A,N/A,いたす,いたす,Làm,
致命的,vocab,50,"致,命,的",N/A,N/A,N/A,N/A,ちめいてき,ちめいてき,Trí Mạng,Chết Người
興味,vocab,70,"興,味",N/A,N/A,N/A,N/A,きょうみ,きょうみ,Hứng Thú,
興奮,vocab,70,"興,奮",N/A,N/A,N/A,N/A,こうふん,こうふん,Hưng Phấn,
舌,vocab,9,舌,N/A,N/A,N/A,N/A,した,した,Lưỡi,
舗装,vocab,69,"舗,装",N/A,N/A,N/A,N/A,ほそう,ほそう,Lát,Trải
舞う,vocab,37,舞,N/A,N/A,N/A,N/A,まう,まう,Múa,
舞台,vocab,37,"舞,台",N/A,N/A,N/A,N/A,ぶたい,ぶたい,Sân Khấu,Bối Cảnh
舟,vocab,30,舟,N/A,N/A,N/A,N/A,ふね,ふね,Thuyền,
航海,vocab,44,"航,海",N/A,N/A,N/A,N/A,こうかい,こうかい,Hàng Hải,
航空,vocab,44,"航,空",N/A,N/A,N/A,N/A,こうくう,こうくう,Hàng Không,
航空券,vocab,44,"航,空,券",N/A,N/A,N/A,N/A,こうくうけん,こうくうけん,Vé Máy Bay,
船,vocab,42,船,N/A,N/A,N/A,N/A,ふね,ふね,Tàu,Thuyền
船酔い,vocab,61,"船,酔",N/A,N/A,N/A,N/A,ふなよい,ふなよい,Say Sóng,
船長,vocab,42,"船,長",N/A,N/A,N/A,N/A,せんちょう,せんちょう,Thuyền Trưởng,
艦隊,vocab,47,"艦,隊",N/A,N/A,N/A,N/A,かんたい,かんたい,Hạm Đội,
良い,vocab,12,良,N/A,N/A,N/A,N/A,いい,"いい, よい",Tốt,
良心,vocab,12,"良,心",N/A,N/A,N/A,N/A,りょうしん,りょうしん,Lương Tâm,
色,vocab,7,色,N/A,N/A,N/A,N/A,いろ,いろ,Màu,
色々,vocab,7,色,N/A,N/A,N/A,N/A,いろいろ,いろいろ,Nhiều,Đa Dạng
色んな,vocab,7,色,N/A,N/A,N/A,N/A,いろんな,いろんな,Nhiều,Đa Dạng
色彩,vocab,62,"色,彩",N/A,N/A,N/A,N/A,しきさい,しきさい,Màu Sắc,
芋,vocab,12,芋,N/A,N/A,N/A,N/A,いも,いも,Khoai,
芝刈り機,vocab,37,"芝,刈,機",N/A,N/A,N/A,N/A,しばかりき,しばかりき,Máy Cắt Cỏ,
芝居,vocab,37,"芝,居",N/A,N/A,N/A,N/A,しばい,しばい,Vở Kịch,Diễn Kịch
芝生,vocab,37,"芝,生",N/A,N/A,N/A,N/A,しばふ,しばふ,Bãi Cỏ,
花,vocab,6,花,N/A,N/A,N/A,N/A,はな,はな,Hoa,
花壇,vocab,70,"花,壇",N/A,N/A,N/A,N/A,かだん,かだん,Bồn Hoa,
花婿,vocab,66,"花,婿",N/A,N/A,N/A,N/A,はなむこ,はなむこ,Chú Rể,
花嫁,vocab,66,"花,嫁",N/A,N/A,N/A,N/A,はなよめ,はなよめ,Cô Dâu,
花弁,vocab,19,"花,弁",N/A,N/A,N/A,N/A,かべん,かべん,Cánh Hoa,
花火,vocab,6,"花,火",N/A,N/A,N/A,N/A,はなび,はなび,Pháo Hoa,
花瓶,vocab,60,"花,瓶",N/A,N/A,N/A,N/A,かびん,かびん,Bình Hoa,Lọ Hoa
花粉,vocab,28,"花,粉",N/A,N/A,N/A,N/A,かふん,かふん,Phấn Hoa,
花粉症,vocab,38,"花,粉,症",N/A,N/A,N/A,N/A,かふんしょう,かふんしょう,Kafunshou,Dị Ứng Phấn Hoa
花見,vocab,6,"花,見",N/A,N/A,N/A,N/A,はなみ,はなみ,Ngắm Hoa,
芸人,vocab,39,"芸,人",N/A,N/A,N/A,N/A,げいにん,げいにん,Nghệ Sĩ Hài,Nghệ Sĩ Biểu Diễn
芸者,vocab,39,"芸,者",N/A,N/A,N/A,N/A,げいしゃ,げいしゃ,Geisha,
芸能,vocab,39,"芸,能",N/A,N/A,N/A,N/A,げいのう,げいのう,Giải Trí,
芸術,vocab,39,"芸,術",N/A,N/A,N/A,N/A,げいじゅつ,げいじゅつ,Nghệ Thuật,
芽,vocab,49,芽,N/A,N/A,N/A,N/A,め,め,Mầm,
苗,vocab,49,苗,N/A,N/A,N/A,N/A,なえ,なえ,Cây Non,
苗字,vocab,49,"苗,字",N/A,N/A,N/A,N/A,みょうじ,みょうじ,Họ,
苗木,vocab,49,"苗,木",N/A,N/A,N/A,N/A,なえぎ,なえぎ,Cây Non,
苛々,vocab,49,"苛,々",N/A,N/A,N/A,N/A,いらいら,いらいら,Bực Bội,
苛める,vocab,49,苛,N/A,N/A,N/A,N/A,いじめる,いじめる,Bắt Nạt,
若々しい,vocab,43,"若,々",N/A,N/A,N/A,N/A,わかわかしい,わかわかしい,Trẻ Trung,
若い,vocab,43,若,N/A,N/A,N/A,N/A,わかい,わかい,Trẻ,
若干,vocab,44,"若,干",N/A,N/A,N/A,N/A,じゃっかん,じゃっかん,Hơi,Chút
若者,vocab,43,"若,者",N/A,N/A,N/A,N/A,わかもの,わかもの,Người Trẻ,
苦い,vocab,22,苦,N/A,N/A,N/A,N/A,にがい,にがい,Đắng,
苦しい,vocab,22,苦,N/A,N/A,N/A,N/A,くるしい,くるしい,Khổ,
苦しむ,vocab,22,苦,N/A,N/A,N/A,N/A,くるしむ,くるしむ,Khổ,
苦しめる,vocab,22,苦,N/A,N/A,N/A,N/A,くるしめる,くるしめる,Làm Khổ,
苦労,vocab,22,"苦,労",N/A,N/A,N/A,N/A,くろう,くろう,Khó Khăn,Vất Vả
苦手,vocab,22,"苦,手",N/A,N/A,N/A,N/A,にがて,にがて,Không Hợp,"Không Thích, Không Giỏi"
苦痛,vocab,35,"苦,痛",N/A,N/A,N/A,N/A,くつう,くつう,Nỗi Đau,Đau Khổ
英国,vocab,12,"英,国",N/A,N/A,N/A,N/A,えいこく,えいこく,Anh Quốc,Anh
英語,vocab,12,"英,語",N/A,N/A,N/A,N/A,えいご,えいご,Tiếng Anh,
英雄,vocab,31,"英,雄",N/A,N/A,N/A,N/A,えいゆう,えいゆう,Anh Hùng,
苺,vocab,43,苺,N/A,N/A,N/A,N/A,いちご,いちご,Dâu,Dâu Tây
苺畑,vocab,43,"苺,畑",N/A,N/A,N/A,N/A,いちごばたけ,いちごばたけ,Ruộng Dâu,Cánh Đồng Dâu
茂み,vocab,61,茂,N/A,N/A,N/A,N/A,しげみ,しげみ,Bụi Rậm,
茂る,vocab,61,茂,N/A,N/A,N/A,N/A,しげる,しげる,Um Tùm,
茎,vocab,50,茎,N/A,N/A,N/A,N/A,くき,くき,Cuống,Cọng
茶屋,vocab,16,"茶,屋",N/A,N/A,N/A,N/A,ちゃや,ちゃや,Tiệm Trà,
茶色,vocab,7,"茶,色",N/A,N/A,N/A,N/A,ちゃいろ,ちゃいろ,Màu Nâu,
茶道,vocab,7,"茶,道",N/A,N/A,N/A,N/A,さどう,さどう,Trà Đạo,
草,vocab,18,草,N/A,N/A,N/A,N/A,くさ,くさ,Cỏ,
草刈り,vocab,33,"草,刈",N/A,N/A,N/A,N/A,くさかり,くさかり,Cắt Cỏ,
草原,vocab,61,"草,原",N/A,N/A,N/A,N/A,そうげん,"そうげん, くさはら",Thảo Nguyên,
草木,vocab,18,"草,木",N/A,N/A,N/A,N/A,くさき,くさき,Cỏ Cây,
草食,vocab,18,"草,食",N/A,N/A,N/A,N/A,そうしょく,そうしょく,Ăn Cỏ,
荒い,vocab,44,荒,N/A,N/A,N/A,N/A,あらい,あらい,Dữ Dội,"Cẩu Thả, Cục Súc"
荒らす,vocab,44,荒,N/A,N/A,N/A,N/A,あらす,あらす,Phá Hoại,
荒れる,vocab,44,荒,N/A,N/A,N/A,N/A,あれる,あれる,Dữ Dội,Nứt Nẻ
荷,vocab,55,荷,N/A,N/A,N/A,N/A,に,に,Hành Lý,
荷台,vocab,55,"荷,台",N/A,N/A,N/A,N/A,にだい,にだい,Thùng Xe,
荷物,vocab,55,"荷,物",N/A,N/A,N/A,N/A,にもつ,にもつ,Hành Lý,
莫大,vocab,35,"莫,大",N/A,N/A,N/A,N/A,ばくだい,ばくだい,Khổng Lồ,
菜食,vocab,59,"菜,食",N/A,N/A,N/A,N/A,さいしょく,さいしょく,Ăn Rau,Ăn Chay
華やか,vocab,49,華,N/A,N/A,N/A,N/A,はなやか,はなやか,Lộng Lẫy,
華氏,vocab,67,"華,氏",N/A,N/A,N/A,N/A,かし,かし,Độ F,
華美,vocab,49,"華,美",N/A,N/A,N/A,N/A,かび,かび,Hoa Mỹ,
華麗,vocab,49,"華,麗",N/A,N/A,N/A,N/A,かれい,かれい,Hoa Lệ,Tráng Lệ
萌え,vocab,61,萌,N/A,N/A,N/A,N/A,もえ,もえ,Đáng Yêu,
萌える,vocab,61,萌,N/A,N/A,N/A,N/A,もえる,もえる,Nảy Mầm,Si Mê
萌やし,vocab,61,萌,N/A,N/A,N/A,N/A,もやし,もやし,Giá Đỗ,
萌芽,vocab,61,"萌,芽",N/A,N/A,N/A,N/A,ほうが,ほうが,Nảy Mầm,Manh Nha
落ちる,vocab,18,落,N/A,N/A,N/A,N/A,おちる,おちる,Rơi,Ngã
落ち着く,vocab,19,"落,着",N/A,N/A,N/A,N/A,おちつく,おちつく,Bình Tĩnh,
落ち葉,vocab,18,"落,葉",N/A,N/A,N/A,N/A,おちば,おちば,Lá Rụng,
落ち込む,vocab,46,"落,込",N/A,N/A,N/A,N/A,おちこむ,おちこむ,Buồn Bã,Trầm Cảm
落とす,vocab,18,落,N/A,N/A,N/A,N/A,おとす,おとす,Làm Rơi,Thả
落第,vocab,26,"落,第",N/A,N/A,N/A,N/A,らくだい,らくだい,Lưu Ban,Thi Trượt
葉,vocab,10,葉,N/A,N/A,N/A,N/A,は,は,Lá,
葉っぱ,vocab,10,葉,N/A,N/A,N/A,N/A,はっぱ,はっぱ,Lá,
葉書,vocab,14,"葉,書",N/A,N/A,N/A,N/A,はがき,はがき,Bưu Thiếp,
著しい,vocab,59,著,N/A,N/A,N/A,N/A,いちじるしい,いちじるしい,Đáng Kể,
著わす,vocab,59,著,N/A,N/A,N/A,N/A,あらわす,あらわす,Viết,Xuất Bản
著名,vocab,59,"著,名",N/A,N/A,N/A,N/A,ちょめい,ちょめい,Trứ Danh,
著書,vocab,59,"著,書",N/A,N/A,N/A,N/A,ちょしょ,ちょしょ,Sách,Tác Phẩm Sách
著者,vocab,59,"著,者",N/A,N/A,N/A,N/A,ちょしゃ,ちょしゃ,Tác Giả,Tác Giả Sách
葬儀,vocab,55,"葬,儀",N/A,N/A,N/A,N/A,そうぎ,そうぎ,Tang Lễ,Dịch Vụ Tang Lễ
葬式,vocab,55,"葬,式",N/A,N/A,N/A,N/A,そうしき,そうしき,Đám Tang,Đám Ma
葬送,vocab,55,"葬,送",N/A,N/A,N/A,N/A,そうそう,そうそう,Tiễn Táng,
蒸し暑い,vocab,42,"蒸,暑",N/A,N/A,N/A,N/A,むしあつい,むしあつい,Nóng Oi,
蒸す,vocab,42,蒸,N/A,N/A,N/A,N/A,むす,むす,Hấp,
蒸気,vocab,42,"蒸,気",N/A,N/A,N/A,N/A,じょうき,じょうき,Hơi Nước,
蒸発,vocab,42,"蒸,発",N/A,N/A,N/A,N/A,じょうはつ,じょうはつ,Bay Hơi,
蓄える,vocab,63,蓄,N/A,N/A,N/A,N/A,たくわえる,たくわえる,Tích Trữ,Tích Lũy
蓄積,vocab,63,"蓄,積",N/A,N/A,N/A,N/A,ちくせき,ちくせき,Tích Tụ,
蓋,vocab,67,蓋,N/A,N/A,N/A,N/A,ふた,ふた,Vung,Nắp
蓮,vocab,50,蓮,N/A,N/A,N/A,N/A,はす,はす,Hoa Sen,Sen
蓮根,vocab,50,"蓮,根",N/A,N/A,N/A,N/A,れんこん,れんこん,Củ Sen,
蓮池,vocab,50,"蓮,池",N/A,N/A,N/A,N/A,はすいけ,はすいけ,Ao Sen,
蔑む,vocab,68,蔑,N/A,N/A,N/A,N/A,さげすむ,さげすむ,Khinh Miệt,Coi Thường
蔵,vocab,37,蔵,N/A,N/A,N/A,N/A,くら,くら,Kho,
薄い,vocab,70,薄,N/A,N/A,N/A,N/A,うすい,うすい,Mỏng,"Nhạt, Loãng"
薄情,vocab,70,"薄,情",N/A,N/A,N/A,N/A,はくじょう,はくじょう,Vô Tâm,Bạc Tình
薄暗い,vocab,70,"薄,暗",N/A,N/A,N/A,N/A,うすぐらい,うすぐらい,U Ám,
薄着,vocab,70,"薄,着",N/A,N/A,N/A,N/A,うすぎ,うすぎ,Mặc Mỏng,Mặc Phong Phanh
薬,vocab,30,薬,N/A,N/A,N/A,N/A,くすり,くすり,Thuốc,
薬剤,vocab,30,"薬,剤",N/A,N/A,N/A,N/A,やくざい,やくざい,Dược Phẩm,Hóa Chất
薬剤師,vocab,30,"薬,剤,師",N/A,N/A,N/A,N/A,やくざいし,やくざいし,Dược Sĩ,
薬品,vocab,30,"薬,品",N/A,N/A,N/A,N/A,やくひん,やくひん,Dược Phẩm,Hóa Chất
薬局,vocab,30,"薬,局",N/A,N/A,N/A,N/A,やっきょく,やっきょく,Hiệu Thuốc,
薬指,vocab,30,"薬,指",N/A,N/A,N/A,N/A,くすりゆび,くすりゆび,Ngón Áp Út,
薬缶,vocab,30,"薬,缶",N/A,N/A,N/A,N/A,やかん,やかん,Ấm Đun,
藻,vocab,68,藻,N/A,N/A,N/A,N/A,も,も,Tảo,Tảo Biển
蘇る,vocab,68,蘇,N/A,N/A,N/A,N/A,よみがえる,よみがえる,Sống Lại,Được Hồi Sinh
蘇生,vocab,68,"蘇,生",N/A,N/A,N/A,N/A,そせい,そせい,Sống Lại,Hồi Sinh
虎,vocab,25,虎,N/A,N/A,N/A,N/A,とら,とら,Hổ,
虎猫,vocab,25,"虎,猫",N/A,N/A,N/A,N/A,とらねこ,とらねこ,Mèo Mướp,
虐待,vocab,55,"虐,待",N/A,N/A,N/A,N/A,ぎゃくたい,ぎゃくたい,Ngược Đãi,Bạo Hành
虐殺,vocab,55,"虐,殺",N/A,N/A,N/A,N/A,ぎゃくさつ,ぎゃくさつ,Thảm Sát,
虚しい,vocab,45,虚,N/A,N/A,N/A,N/A,むなしい,むなしい,Trống Rỗng,"Vô Vị, Công Cốc"
虚構,vocab,45,"虚,構",N/A,N/A,N/A,N/A,きょこう,きょこう,Hư Cấu,
虫,vocab,11,虫,N/A,N/A,N/A,N/A,むし,むし,Sâu,"Bọ, Côn Trùng"
虫歯,vocab,16,"虫,歯",N/A,N/A,N/A,N/A,むしば,むしば,Sâu Răng,
虫眼鏡,vocab,29,"虫,眼,鏡",N/A,N/A,N/A,N/A,むしめがね,むしめがね,Kính Lúp,
虹,vocab,54,虹,N/A,N/A,N/A,N/A,にじ,にじ,Cầu Vồng,
蚊,vocab,57,蚊,N/A,N/A,N/A,N/A,か,か,Muỗi,
蚊帳,vocab,57,"蚊,帳",N/A,N/A,N/A,N/A,かや,かや,Màn Chống Muỗi,
蛇,vocab,61,蛇,N/A,N/A,N/A,N/A,へび,へび,Rắn,
蛇口,vocab,61,"蛇,口",N/A,N/A,N/A,N/A,じゃぐち,じゃぐち,Vòi Nước,Van
蛍,vocab,35,蛍,N/A,N/A,N/A,N/A,ほたる,ほたる,Đom Đóm,
蛍光灯,vocab,35,"蛍,光,灯",N/A,N/A,N/A,N/A,けいこうとう,けいこうとう,Đèn Huỳnh Quang,
蜂,vocab,67,蜂,N/A,N/A,N/A,N/A,はち,はち,Ong,
蜂蜜,vocab,67,"蜂,蜜",N/A,N/A,N/A,N/A,はちみつ,はちみつ,Mật Ong,
蜘蛛,vocab,45,"蜘,蛛",N/A,N/A,N/A,N/A,くも,くも,Nhện,
蜘蛛の巣,vocab,45,"蜘,蛛,巣",N/A,N/A,N/A,N/A,くものす,くものす,Mạng Nhện,
蝶,vocab,69,蝶,N/A,N/A,N/A,N/A,ちょう,ちょう,Bướm,
蝶々,vocab,69,"蝶,々",N/A,N/A,N/A,N/A,ちょうちょう,"ちょうちょう, ちょうちょ",Bướm,Bươm Bướm
融合,vocab,70,"融,合",N/A,N/A,N/A,N/A,ゆうごう,ゆうごう,Dung Hợp,
融資,vocab,70,"融,資",N/A,N/A,N/A,N/A,ゆうし,ゆうし,Cho Vay,
蟹,vocab,68,蟹,N/A,N/A,N/A,N/A,かに,かに,Cua,
蟻,vocab,45,蟻,N/A,N/A,N/A,N/A,あり,あり,Kiến,
蟻の巣,vocab,45,"蟻,巣",N/A,N/A,N/A,N/A,ありのす,ありのす,Tổ Kiến,
血,vocab,25,血,N/A,N/A,N/A,N/A,ち,ち,Máu,
血圧,vocab,25,"血,圧",N/A,N/A,N/A,N/A,けつあつ,けつあつ,Huyết Áp,
血液,vocab,25,"血,液",N/A,N/A,N/A,N/A,けつえき,けつえき,Máu,
血液型,vocab,25,"血,液,型",N/A,N/A,N/A,N/A,けつえきがた,けつえきがた,Nhóm Máu,
血管,vocab,45,"血,管",N/A,N/A,N/A,N/A,けっかん,けっかん,Huyết Quản,
行,vocab,4,行,N/A,N/A,N/A,N/A,ぎょう,ぎょう,Dòng,Hàng
行う,vocab,4,行,N/A,N/A,N/A,N/A,おこなう,おこなう,Tiến Hành,Thực Hiện
行き先,vocab,11,"行,先",N/A,N/A,N/A,N/A,いきさき,"いきさき, ゆきさき",Điểm Đến,Đích Đến
行く,vocab,3,行,N/A,N/A,N/A,N/A,いく,"いく, ゆく",Đi,
行列,vocab,24,"行,列",N/A,N/A,N/A,N/A,ぎょうれつ,ぎょうれつ,Hàng,
行動,vocab,18,"行,動",N/A,N/A,N/A,N/A,こうどう,こうどう,Hành Động,Hành Vi
行政,vocab,27,"行,政",N/A,N/A,N/A,N/A,ぎょうせい,ぎょうせい,Hành Chính,
行方,vocab,5,"行,方",N/A,N/A,N/A,N/A,ゆくえ,ゆくえ,Tung Tích,
行為,vocab,34,"行,為",N/A,N/A,N/A,N/A,こうい,こうい,Hành Vi,
街,vocab,19,街,N/A,N/A,N/A,N/A,まち,まち,Phố,
街角,vocab,19,"街,角",N/A,N/A,N/A,N/A,まちかど,まちかど,Góc Phố,
街道,vocab,19,"街,道",N/A,N/A,N/A,N/A,かいどう,かいどう,Đường Chính,
衛星,vocab,26,"衛,星",N/A,N/A,N/A,N/A,えいせい,えいせい,Vệ Tinh,
衛生,vocab,26,"衛,生",N/A,N/A,N/A,N/A,えいせい,えいせい,Vệ Sinh,
衝動,vocab,44,"衝,動",N/A,N/A,N/A,N/A,しょうどう,しょうどう,Shoudou,Hành Động Bốc Đồng
衝撃,vocab,44,"衝,撃",N/A,N/A,N/A,N/A,しょうげき,しょうげき,Sốc,
衝突,vocab,44,"衝,突",N/A,N/A,N/A,N/A,しょうとつ,しょうとつ,Va Chạm,
衣,vocab,16,衣,N/A,N/A,N/A,N/A,ころも,ころも,Lớp Ngoài,Quần Áo
衣服,vocab,16,"衣,服",N/A,N/A,N/A,N/A,いふく,いふく,Y Phục,Quần Áo
衣装,vocab,17,"衣,装",N/A,N/A,N/A,N/A,いしょう,いしょう,Trang Phục,
衣食住,vocab,16,"衣,食,住",N/A,N/A,N/A,N/A,いしょくじゅう,いしょくじゅう,Ishokujuu,Nhu Cầu Sinh Hoạt Thiết Yếu
表,vocab,19,表,N/A,N/A,N/A,N/A,おもて,おもて,Mặt Trước,
表す,vocab,19,表,N/A,N/A,N/A,N/A,あらわす,あらわす,Diễn Đạt,
表情,vocab,20,"表,情",N/A,N/A,N/A,N/A,ひょうじょう,ひょうじょう,Biểu Cảm,
表札,vocab,33,"表,札",N/A,N/A,N/A,N/A,ひょうさつ,ひょうさつ,Bảng Tên,
表現,vocab,19,"表,現",N/A,N/A,N/A,N/A,ひょうげん,ひょうげん,Diễn Đạt,"Biểu Cảm, Biểu Hiện"
表示,vocab,19,"表,示",N/A,N/A,N/A,N/A,ひょうじ,ひょうじ,Hiển Thị,Biểu Thị
衰える,vocab,57,衰,N/A,N/A,N/A,N/A,おとろえる,おとろえる,Suy Thoái,Sa Sút
衰退,vocab,57,"衰,退",N/A,N/A,N/A,N/A,すいたい,すいたい,Suy Tàn,Suy Thoái
袋,vocab,60,袋,N/A,N/A,N/A,N/A,ふくろ,ふくろ,Túi,
袖,vocab,55,袖,N/A,N/A,N/A,N/A,そで,そで,Tay Áo,
被せる,vocab,54,被,N/A,N/A,N/A,N/A,かぶせる,かぶせる,Phủ Lên,
被る,vocab,54,被,N/A,N/A,N/A,N/A,かぶる,かぶる,Đội,"Che Phủ, Trùng"
被告,vocab,54,"被,告",N/A,N/A,N/A,N/A,ひこく,ひこく,Bị Cáo,
被害,vocab,54,"被,害",N/A,N/A,N/A,N/A,ひがい,ひがい,Thiệt Hại,
被害者,vocab,54,"被,害,者",N/A,N/A,N/A,N/A,ひがいしゃ,ひがいしゃ,Nạn Nhân,Người Bị Hại
裁く,vocab,38,裁,N/A,N/A,N/A,N/A,さばく,さばく,Xét Xử,
裁判,vocab,38,"裁,判",N/A,N/A,N/A,N/A,さいばん,さいばん,Phiên Tòa,
裁縫,vocab,70,"裁,縫",N/A,N/A,N/A,N/A,さいほう,さいほう,Khâu Vá,
裂く,vocab,64,裂,N/A,N/A,N/A,N/A,さく,さく,Chia Cắt,Xé
裂ける,vocab,64,裂,N/A,N/A,N/A,N/A,さける,さける,Bị Chia Cắt,Bị Xé
装う,vocab,45,装,N/A,N/A,N/A,N/A,よそおう,よそおう,Giả Vờ,
装備,vocab,37,"装,備",N/A,N/A,N/A,N/A,そうび,そうび,Trang Bị,
装置,vocab,28,"装,置",N/A,N/A,N/A,N/A,そうち,そうち,Thiết Bị,
装飾,vocab,67,"装,飾",N/A,N/A,N/A,N/A,そうしょく,そうしょく,Trang Trí,
裏,vocab,47,裏,N/A,N/A,N/A,N/A,うら,うら,Mặt Sau,
裏切り者,vocab,47,"裏,切,者",N/A,N/A,N/A,N/A,うらぎりもの,うらぎりもの,Kẻ Phản Bội,
裏切る,vocab,47,"裏,切",N/A,N/A,N/A,N/A,うらぎる,うらぎる,Phản Bội,
裏口,vocab,47,"裏,口",N/A,N/A,N/A,N/A,うらぐち,うらぐち,Cửa Sau,
裕福,vocab,49,"裕,福",N/A,N/A,N/A,N/A,ゆうふく,ゆうふく,Giàu Có,
補う,vocab,29,補,N/A,N/A,N/A,N/A,おぎなう,おぎなう,Bổ Sung,Bù
補修,vocab,30,"補,修",N/A,N/A,N/A,N/A,ほしゅう,ほしゅう,Vá,
補償,vocab,60,"補,償",N/A,N/A,N/A,N/A,ほしょう,ほしょう,Bồi Thường,
補充,vocab,29,"補,充",N/A,N/A,N/A,N/A,ほじゅう,ほじゅう,Bổ Sung,
裸,vocab,67,裸,N/A,N/A,N/A,N/A,はだか,はだか,Trần Truồng,Khỏa Thân
裸足,vocab,67,"裸,足",N/A,N/A,N/A,N/A,はだし,はだし,Chân Đất,
製作,vocab,68,"製,作",N/A,N/A,N/A,N/A,せいさく,せいさく,Sản Xuất,
製品,vocab,68,"製,品",N/A,N/A,N/A,N/A,せいひん,せいひん,Sản Phẩm,
製造,vocab,68,"製,造",N/A,N/A,N/A,N/A,せいぞう,せいぞう,Sản Xuất,
複写,vocab,45,"複,写",N/A,N/A,N/A,N/A,ふくしゃ,ふくしゃ,Copy,
複数,vocab,45,"複,数",N/A,N/A,N/A,N/A,ふくすう,ふくすう,Số Nhiều,Nhiều
複雑,vocab,45,"複,雑",N/A,N/A,N/A,N/A,ふくざつ,ふくざつ,Phức Tạp,
褒める,vocab,62,褒,N/A,N/A,N/A,N/A,ほめる,ほめる,Khen,
襟,vocab,70,襟,N/A,N/A,N/A,N/A,えり,えり,Cổ Áo,
襟付き,vocab,70,"襟,付",N/A,N/A,N/A,N/A,えりつき,えりつき,Có Cổ,
襟巻,vocab,70,"襟,巻",N/A,N/A,N/A,N/A,えりまき,えりまき,Khăn Quàng Cổ,
襲う,vocab,44,襲,N/A,N/A,N/A,N/A,おそう,おそう,Tấn Công,
襲われる,vocab,44,襲,N/A,N/A,N/A,N/A,おそわれる,おそわれる,Bị Tấn Công,
襲撃,vocab,44,"襲,撃",N/A,N/A,N/A,N/A,しゅうげき,しゅうげき,Tập Kích,
西,vocab,5,西,N/A,N/A,N/A,N/A,にし,にし,Hướng Tây,Tây
西南,vocab,15,"西,南",N/A,N/A,N/A,N/A,せいなん,せいなん,Tây Nam,
西口,vocab,5,"西,口",N/A,N/A,N/A,N/A,にしぐち,にしぐち,Cửa Tây,
西暦,vocab,34,"西,暦",N/A,N/A,N/A,N/A,せいれき,せいれき,Dương Lịch,
西瓜,vocab,37,"西,瓜",N/A,N/A,N/A,N/A,すいか,すいか,Dưa Hấu,
要る,vocab,11,要,N/A,N/A,N/A,N/A,いる,いる,Cần,
要因,vocab,23,"要,因",N/A,N/A,N/A,N/A,よういん,よういん,Nhân Tố,Nguyên Nhân Chính
要旨,vocab,37,"要,旨",N/A,N/A,N/A,N/A,ようし,ようし,Ý Chính,Ý Quan Trọng
要求,vocab,13,"要,求",N/A,N/A,N/A,N/A,ようきゅう,ようきゅう,Yêu Cầu,
要点,vocab,11,"要,点",N/A,N/A,N/A,N/A,ようてん,ようてん,Ý Chính,
要素,vocab,21,"要,素",N/A,N/A,N/A,N/A,ようそ,ようそ,Yếu Tố,
覆う,vocab,66,覆,N/A,N/A,N/A,N/A,おおう,おおう,Bao Phủ,
覆面,vocab,66,"覆,面",N/A,N/A,N/A,N/A,ふくめん,ふくめん,Mặt Nạ,Ẩn Danh
見える,vocab,7,見,N/A,N/A,N/A,N/A,みえる,みえる,Thấy,
見せる,vocab,8,見,N/A,N/A,N/A,N/A,みせる,みせる,Cho Xem,
見る,vocab,6,見,N/A,N/A,N/A,N/A,みる,みる,Nhìn,
見事,vocab,11,"見,事",N/A,N/A,N/A,N/A,みごと,みごと,Tuyệt Vời,
見付かる,vocab,9,"見,付",N/A,N/A,N/A,N/A,みつかる,みつかる,Được Tìm Thấy,
見付ける,vocab,9,"見,付",N/A,N/A,N/A,N/A,みつける,みつける,Tìm Thấy,
見学,vocab,6,"見,学",N/A,N/A,N/A,N/A,けんがく,けんがく,Tham Quan,Tham Quan Học Tập
見捨てる,vocab,48,"見,捨",N/A,N/A,N/A,N/A,みすてる,みすてる,Bỏ Rơi,
見比べる,vocab,7,"見,比",N/A,N/A,N/A,N/A,みくらべる,みくらべる,So Sánh,
見物,vocab,10,"見,物",N/A,N/A,N/A,N/A,けんぶつ,けんぶつ,Tham Quan,Tham Quan Ngắm Cảnh
見送る,vocab,17,"見,送",N/A,N/A,N/A,N/A,みおくる,みおくる,Tiễn,
見逃す,vocab,27,"見,逃",N/A,N/A,N/A,N/A,みのがす,みのがす,Bỏ Qua,Bỏ Sót
見過ごす,vocab,31,"見,過",N/A,N/A,N/A,N/A,みすごす,みすごす,Bỏ Qua,Bỏ Sót
規制,vocab,31,"規,制",N/A,N/A,N/A,N/A,きせい,きせい,Quy Chế,
規則,vocab,13,"規,則",N/A,N/A,N/A,N/A,きそく,きそく,Quy Tắc,
規定,vocab,13,"規,定",N/A,N/A,N/A,N/A,きてい,きてい,Quy Định,
規律,vocab,14,"規,律",N/A,N/A,N/A,N/A,きりつ,きりつ,Quy Luật,Kỷ Luật
規模,vocab,45,"規,模",N/A,N/A,N/A,N/A,きぼ,きぼ,Quy Mô,
規範,vocab,46,"規,範",N/A,N/A,N/A,N/A,きはん,きはん,Quy Phạm,Chuẩn Mực
規約,vocab,51,"規,約",N/A,N/A,N/A,N/A,きやく,きやく,Quy Ước,
視点,vocab,11,"視,点",N/A,N/A,N/A,N/A,してん,してん,Góc Nhìn,Quan Điểm
視聴,vocab,32,"視,聴",N/A,N/A,N/A,N/A,しちょう,しちょう,Xem,Theo Dõi
視覚,vocab,11,"視,覚",N/A,N/A,N/A,N/A,しかく,しかく,Thị Giác,
覗く,vocab,64,覗,N/A,N/A,N/A,N/A,のぞく,のぞく,Ngó,
覚える,vocab,12,覚,N/A,N/A,N/A,N/A,おぼえる,おぼえる,Ghi Nhớ,Học
覚ます,vocab,11,覚,N/A,N/A,N/A,N/A,さます,さます,Đánh Thức,
覚める,vocab,11,覚,N/A,N/A,N/A,N/A,さめる,さめる,Tỉnh Dậy,
覚悟,vocab,57,"覚,悟",N/A,N/A,N/A,N/A,かくご,かくご,Chuẩn Bị,Chuẩn Bị Tâm Lý
親,vocab,15,親,N/A,N/A,N/A,N/A,おや,おや,Bố Mẹ,
親しい,vocab,16,親,N/A,N/A,N/A,N/A,したしい,したしい,Thân Thiết,
親切,vocab,15,"親,切",N/A,N/A,N/A,N/A,しんせつ,しんせつ,Tốt Bụng,
親友,vocab,15,"親,友",N/A,N/A,N/A,N/A,しんゆう,しんゆう,Bạn Thân,
親子丼,vocab,34,"親,子,丼",N/A,N/A,N/A,N/A,おやこどん,おやこどん,Oyakodon,
親密,vocab,40,"親,密",N/A,N/A,N/A,N/A,しんみつ,しんみつ,Thân Mật,
親戚,vocab,58,"親,戚",N/A,N/A,N/A,N/A,しんせき,しんせき,Họ Hàng,
親指,vocab,18,"親,指",N/A,N/A,N/A,N/A,おやゆび,おやゆび,Ngón Cái,
親類,vocab,40,"親,類",N/A,N/A,N/A,N/A,しんるい,しんるい,Họ Hàng,
観光,vocab,40,"観,光",N/A,N/A,N/A,N/A,かんこう,かんこう,Du Lịch,"Ngắm Cảnh, Tham Quan"
観光客,vocab,40,"観,光,客",N/A,N/A,N/A,N/A,かんこうきゃく,かんこうきゃく,Khách Du Lịch,
観客,vocab,40,"観,客",N/A,N/A,N/A,N/A,かんきゃく,かんきゃく,Khán Giả,
観察,vocab,40,"観,察",N/A,N/A,N/A,N/A,かんさつ,かんさつ,Quan Sát,
観念,vocab,41,"観,念",N/A,N/A,N/A,N/A,かんねん,かんねん,Quan Niệm,
観測,vocab,60,"観,測",N/A,N/A,N/A,N/A,かんそく,かんそく,Quan Trắc,
観覧車,vocab,40,"観,覧,車",N/A,N/A,N/A,N/A,かんらんしゃ,かんらんしゃ,Kanransha,Vòng Quay Mặt Trời
角,vocab,9,角,N/A,N/A,N/A,N/A,かど,"かど, つの",Góc,Sừng
角度,vocab,12,"角,度",N/A,N/A,N/A,N/A,かくど,かくど,Góc,"Góc Độ, Giác Độ"
解く,vocab,10,解,N/A,N/A,N/A,N/A,とく,とく,Giải,
解ける,vocab,10,解,N/A,N/A,N/A,N/A,とける,とける,Được Giải,
解像度,vocab,29,"解,像,度",N/A,N/A,N/A,N/A,かいぞうど,かいぞうど,Độ Phân Giải,
解剖,vocab,57,"解,剖",N/A,N/A,N/A,N/A,かいぼう,かいぼう,Giải Phẫu,
解放,vocab,21,"解,放",N/A,N/A,N/A,N/A,かいほう,かいほう,Giải Phóng,
解散,vocab,63,"解,散",N/A,N/A,N/A,N/A,かいさん,かいさん,Giải Tán,
解析,vocab,50,"解,析",N/A,N/A,N/A,N/A,かいせき,かいせき,Phân Tích,Giải Tích
解決,vocab,10,"解,決",N/A,N/A,N/A,N/A,かいけつ,かいけつ,Giải Quyết,
解答,vocab,23,"解,答",N/A,N/A,N/A,N/A,かいとう,かいとう,Đáp Án,Trả Lời
解説,vocab,22,"解,説",N/A,N/A,N/A,N/A,かいせつ,かいせつ,Giải Thích,
解釈,vocab,62,"解,釈",N/A,N/A,N/A,N/A,かいしゃく,かいしゃく,Giải Nghĩa,
解除,vocab,20,"解,除",N/A,N/A,N/A,N/A,かいじょ,かいじょ,Giải Trừ,"Chấm Dứt, Hủy Bỏ"
触る,vocab,52,触,N/A,N/A,N/A,N/A,さわる,さわる,Chạm,
触れる,vocab,52,触,N/A,N/A,N/A,N/A,ふれる,ふれる,Chạm,Đề Cập
触覚,vocab,52,"触,覚",N/A,N/A,N/A,N/A,しょっかく,しょっかく,Xúc Giác,
言い争う,vocab,20,"言,争",N/A,N/A,N/A,N/A,いいあらそう,いいあらそう,Tranh Cãi,
言い掛かり,vocab,27,"言,掛",N/A,N/A,N/A,N/A,いいがかり,いいがかり,Vu Khống,Lời Buộc Tội
言い方,vocab,9,"言,方",N/A,N/A,N/A,N/A,いいかた,いいかた,Cách Nói,
言い表す,vocab,19,"言,表",N/A,N/A,N/A,N/A,いいあらわす,いいあらわす,Diễn Đạt,Diễn Đạt Bằng Lời
言い訳,vocab,60,"言,訳",N/A,N/A,N/A,N/A,いいわけ,いいわけ,Thanh Minh,"Giải Thích, Biện Hộ"
言う,vocab,9,言,N/A,N/A,N/A,N/A,いう,"いう, ゆう",Nói,Gọi
言葉,vocab,10,"言,葉",N/A,N/A,N/A,N/A,ことば,ことば,Từ,"Lời, Ngôn Ngữ"
言葉遣い,vocab,51,"言,葉,遣",N/A,N/A,N/A,N/A,ことばづかい,ことばづかい,Cách Dùng Từ,Cách Ăn Nói
言語,vocab,12,"言,語",N/A,N/A,N/A,N/A,げんご,げんご,Ngôn Ngữ,
訂正,vocab,53,"訂,正",N/A,N/A,N/A,N/A,ていせい,ていせい,Đính Chính,
計画,vocab,11,"計,画",N/A,N/A,N/A,N/A,けいかく,けいかく,Kế Hoạch,
計算,vocab,25,"計,算",N/A,N/A,N/A,N/A,けいさん,けいさん,Tính Toán,
討論,vocab,57,"討,論",N/A,N/A,N/A,N/A,とうろん,とうろん,Thảo Luận,Tranh Luận
訓練,vocab,45,"訓,練",N/A,N/A,N/A,N/A,くんれん,くんれん,Huấn Luyện,
訓読み,vocab,45,"訓,読",N/A,N/A,N/A,N/A,くんよみ,くんよみ,Kunyomi,
託す,vocab,48,託,N/A,N/A,N/A,N/A,たくす,たくす,Ủy Thác,Giao Phó
記事,vocab,40,"記,事",N/A,N/A,N/A,N/A,きじ,きじ,Bài Viết,
記入,vocab,40,"記,入",N/A,N/A,N/A,N/A,きにゅう,きにゅう,Điền Vào,Điền
記念,vocab,41,"記,念",N/A,N/A,N/A,N/A,きねん,きねん,Kỷ Niệm,
記憶,vocab,41,"記,憶",N/A,N/A,N/A,N/A,きおく,きおく,Ký Ức,Trí Nhớ
記憶喪失,vocab,41,"記,憶,喪,失",N/A,N/A,N/A,N/A,きおくそうしつ,きおくそうしつ,Mất Trí Nhớ,
記者,vocab,40,"記,者",N/A,N/A,N/A,N/A,きしゃ,きしゃ,Ký Giả,"Phóng Viên, Nhà Báo"
記述,vocab,41,"記,述",N/A,N/A,N/A,N/A,きじゅつ,きじゅつ,Miêu Tả,Diễn Tả
記録,vocab,40,"記,録",N/A,N/A,N/A,N/A,きろく,きろく,Kỷ Lục,
訛り,vocab,65,訛,N/A,N/A,N/A,N/A,なまり,なまり,Giọng,Giọng Địa Phương
訪ねる,vocab,58,訪,N/A,N/A,N/A,N/A,たずねる,たずねる,Thăm,
訪れる,vocab,58,訪,N/A,N/A,N/A,N/A,おとずれる,おとずれる,Thăm,
訪問,vocab,58,"訪,問",N/A,N/A,N/A,N/A,ほうもん,ほうもん,Thăm Hỏi,Thăm
設ける,vocab,36,設,N/A,N/A,N/A,N/A,もうける,もうける,Thiết Lập,
設備,vocab,37,"設,備",N/A,N/A,N/A,N/A,せつび,せつび,Thiết Bị,
設立,vocab,36,"設,立",N/A,N/A,N/A,N/A,せつりつ,せつりつ,Thành Lập,
設置,vocab,36,"設,置",N/A,N/A,N/A,N/A,せっち,せっち,Lắp Đặt,
設計,vocab,59,"設,計",N/A,N/A,N/A,N/A,せっけい,せっけい,Thiết Kế,
許す,vocab,19,許,N/A,N/A,N/A,N/A,ゆるす,ゆるす,Cho Phép,"Bỏ Qua, Tha"
許可,vocab,19,"許,可",N/A,N/A,N/A,N/A,きょか,きょか,Cho Phép,
許諾,vocab,48,"許,諾",N/A,N/A,N/A,N/A,きょだく,きょだく,Cho Phép,
訳,vocab,60,訳,N/A,N/A,N/A,N/A,わけ,わけ,Wake,"Lý Do, Nghĩa"
訳す,vocab,60,訳,N/A,N/A,N/A,N/A,やくす,やくす,Dịch,
訴える,vocab,62,訴,N/A,N/A,N/A,N/A,うったえる,うったえる,Kiện,
訴訟,vocab,62,"訴,訟",N/A,N/A,N/A,N/A,そしょう,そしょう,Tố Tụng,
診る,vocab,65,診,N/A,N/A,N/A,N/A,みる,みる,Khám Bệnh,Khám
診察,vocab,65,"診,察",N/A,N/A,N/A,N/A,しんさつ,しんさつ,Khám Bệnh,
診断,vocab,65,"診,断",N/A,N/A,N/A,N/A,しんだん,しんだん,Chẩn Đoán,
証人,vocab,29,"証,人",N/A,N/A,N/A,N/A,しょうにん,しょうにん,Nhân Chứng,
証拠,vocab,50,"証,拠",N/A,N/A,N/A,N/A,しょうこ,しょうこ,Chứng Cứ,
証明,vocab,29,"証,明",N/A,N/A,N/A,N/A,しょうめい,しょうめい,Chứng Minh,
詐欺,vocab,66,"詐,欺",N/A,N/A,N/A,N/A,さぎ,さぎ,Lừa Đảo,
評価,vocab,42,"評,価",N/A,N/A,N/A,N/A,ひょうか,ひょうか,Đánh Giá,
評判,vocab,42,"評,判",N/A,N/A,N/A,N/A,ひょうばん,ひょうばん,Danh Tiếng,
評論,vocab,42,"評,論",N/A,N/A,N/A,N/A,ひょうろん,ひょうろん,Bình Luận,
試す,vocab,25,試,N/A,N/A,N/A,N/A,ためす,ためす,Thử,
試みる,vocab,26,試,N/A,N/A,N/A,N/A,こころみる,こころみる,Thử,
試合,vocab,25,"試,合",N/A,N/A,N/A,N/A,しあい,しあい,Trận Đấu,
試験,vocab,25,"試,験",N/A,N/A,N/A,N/A,しけん,しけん,Kỳ Thi,
詩,vocab,66,詩,N/A,N/A,N/A,N/A,し,し,Thơ,
詩人,vocab,66,"詩,人",N/A,N/A,N/A,N/A,しじん,しじん,Thi Nhân,
詩歌,vocab,66,"詩,歌",N/A,N/A,N/A,N/A,しいか,"しいか, しか",Thi Ca,
詰まる,vocab,65,詰,N/A,N/A,N/A,N/A,つまる,つまる,Bị Lấp Đầy,Nghẹt
詰み,vocab,65,詰,N/A,N/A,N/A,N/A,つみ,つみ,Chiếu Tướng,
詰める,vocab,65,詰,N/A,N/A,N/A,N/A,つめる,つめる,Lấp Đầy,
話,vocab,9,話,N/A,N/A,N/A,N/A,はなし,はなし,Chuyện,"Truyện, Chủ Đề"
話し合う,vocab,9,"話,合",N/A,N/A,N/A,N/A,はなしあう,はなしあう,Bàn Bạc,Trò Chuyện
話す,vocab,9,話,N/A,N/A,N/A,N/A,はなす,はなす,Nói Chuyện,"Nói, Kể"
話題,vocab,20,"話,題",N/A,N/A,N/A,N/A,わだい,わだい,Chủ Đề,
詳しい,vocab,53,詳,N/A,N/A,N/A,N/A,くわしい,くわしい,Chi Tiết,Rõ
詳細,vocab,53,"詳,細",N/A,N/A,N/A,N/A,しょうさい,しょうさい,Chi Tiết,
誇る,vocab,67,誇,N/A,N/A,N/A,N/A,ほこる,ほこる,Tự Hào,
誇張,vocab,67,"誇,張",N/A,N/A,N/A,N/A,こちょう,こちょう,Phóng Đại,Bốc Phét
認める,vocab,32,認,N/A,N/A,N/A,N/A,みとめる,みとめる,Công Nhận,Thừa Nhận
認識,vocab,32,"認,識",N/A,N/A,N/A,N/A,にんしき,にんしき,Nhận Thức,
誓う,vocab,52,誓,N/A,N/A,N/A,N/A,ちかう,ちかう,Thề,
誓約,vocab,52,"誓,約",N/A,N/A,N/A,N/A,せいやく,せいやく,Cam Kết,
誕生会,vocab,57,"誕,生,会",N/A,N/A,N/A,N/A,たんじょうかい,たんじょうかい,Tiệc Sinh Nhật,
誕生日,vocab,57,"誕,生,日",N/A,N/A,N/A,N/A,たんじょうび,たんじょうび,Sinh Nhật,
誘う,vocab,42,誘,N/A,N/A,N/A,N/A,さそう,さそう,Mời,"Dụ, Rủ"
誘惑,vocab,42,"誘,惑",N/A,N/A,N/A,N/A,ゆうわく,ゆうわく,Cám Dỗ,
誘拐,vocab,42,"誘,拐",N/A,N/A,N/A,N/A,ゆうかい,ゆうかい,Bắt Cóc,
語る,vocab,13,語,N/A,N/A,N/A,N/A,かたる,かたる,Kể,
語句,vocab,13,"語,句",N/A,N/A,N/A,N/A,ごく,ごく,Cụm Từ,Từ
誠に,vocab,10,誠,N/A,N/A,N/A,N/A,まことに,まことに,Thành Thật,
誠実,vocab,10,"誠,実",N/A,N/A,N/A,N/A,せいじつ,せいじつ,Thành Thật,
誠意,vocab,16,"誠,意",N/A,N/A,N/A,N/A,せいい,せいい,Thành Ý,
誤る,vocab,46,誤,N/A,N/A,N/A,N/A,あやまる,あやまる,Nhầm,Sai Lầm
誤字,vocab,46,"誤,字",N/A,N/A,N/A,N/A,ごじ,ごじ,Lỗi Chính Tả,
誤解,vocab,46,"誤,解",N/A,N/A,N/A,N/A,ごかい,ごかい,Hiểu Lầm,
説,vocab,22,説,N/A,N/A,N/A,N/A,せつ,せつ,Thuyết,
説く,vocab,23,説,N/A,N/A,N/A,N/A,とく,とく,Giải Thích,Thuyết Giáo
説得,vocab,33,"説,得",N/A,N/A,N/A,N/A,せっとく,せっとく,Thuyết Phục,
説明,vocab,22,"説,明",N/A,N/A,N/A,N/A,せつめい,せつめい,Giải Thích,
読み取る,vocab,13,"読,取",N/A,N/A,N/A,N/A,よみとる,よみとる,Đọc Hiểu,
読む,vocab,13,読,N/A,N/A,N/A,N/A,よむ,よむ,Đọc,
読点,vocab,14,"読,点",N/A,N/A,N/A,N/A,とうてん,とうてん,Dấu Phẩy,
読者,vocab,13,"読,者",N/A,N/A,N/A,N/A,どくしゃ,どくしゃ,Độc Giả,
誰,vocab,9,誰,N/A,N/A,N/A,N/A,だれ,だれ,Ai,
誰か,vocab,9,誰,N/A,N/A,N/A,N/A,だれか,だれか,Ai Đó,
課程,vocab,24,"課,程",N/A,N/A,N/A,N/A,かてい,かてい,Khóa Học,
課題,vocab,21,"課,題",N/A,N/A,N/A,N/A,かだい,かだい,Việc Được Giao,"Vấn Đề, Bài Tập"
調べる,vocab,36,調,N/A,N/A,N/A,N/A,しらべる,しらべる,Tìm Hiểu,Điều Tra
調味料,vocab,36,"調,味,料",N/A,N/A,N/A,N/A,ちょうみりょう,ちょうみりょう,Gia Vị,
調子,vocab,36,"調,子",N/A,N/A,N/A,N/A,ちょうし,ちょうし,Tình Trạng,Phong Độ
調査,vocab,37,"調,査",N/A,N/A,N/A,N/A,ちょうさ,ちょうさ,Điều Tra,Khảo Sát
調節,vocab,36,"調,節",N/A,N/A,N/A,N/A,ちょうせつ,ちょうせつ,Điều Chỉnh,Điều Tiết
請け負う,vocab,20,"請,負",N/A,N/A,N/A,N/A,うけおう,うけおう,Đảm Nhận,Ký Hợp Đồng
請求書,vocab,14,"請,求,書",N/A,N/A,N/A,N/A,せいきゅうしょ,せいきゅうしょ,Hóa Đơn,
論文,vocab,26,"論,文",N/A,N/A,N/A,N/A,ろんぶん,ろんぶん,Luận Văn,
論理,vocab,26,"論,理",N/A,N/A,N/A,N/A,ろんり,ろんり,Logic,
諦める,vocab,59,諦,N/A,N/A,N/A,N/A,あきらめる,あきらめる,Bỏ Cuộc,
諸～,vocab,38,諸,N/A,N/A,N/A,N/A,しょ,しょ,Sho,Nhiều
諸君,vocab,38,"諸,君",N/A,N/A,N/A,N/A,しょくん,しょくん,Các Bạn,Mọi Người
謀る,vocab,61,謀,N/A,N/A,N/A,N/A,はかる,はかる,Âm Mưu,
謎,vocab,59,謎,N/A,N/A,N/A,N/A,なぞ,なぞ,Câu Đố,Bí Ẩn
謎解き,vocab,59,"謎,解",N/A,N/A,N/A,N/A,なぞとき,なぞとき,Giải Đố,
謙虚,vocab,45,"謙,虚",N/A,N/A,N/A,N/A,けんきょ,けんきょ,Khiêm Tốn,
謙遜,vocab,45,"謙,遜",N/A,N/A,N/A,N/A,けんそん,けんそん,Khiêm Tốn,
講堂,vocab,29,"講,堂",N/A,N/A,N/A,N/A,こうどう,こうどう,Giảng Đường,
講師,vocab,29,"講,師",N/A,N/A,N/A,N/A,こうし,こうし,Giảng Viên,
講座,vocab,29,"講,座",N/A,N/A,N/A,N/A,こうざ,こうざ,Khóa Học,
講演,vocab,29,"講,演",N/A,N/A,N/A,N/A,こうえん,こうえん,Diễn Thuyết,Diễn Giảng
講義,vocab,29,"講,義",N/A,N/A,N/A,N/A,こうぎ,こうぎ,Bài Giảng,
謝る,vocab,69,謝,N/A,N/A,N/A,N/A,あやまる,あやまる,Xin Lỗi,
謝罪,vocab,69,"謝,罪",N/A,N/A,N/A,N/A,しゃざい,しゃざい,Xin Lỗi,
警告,vocab,12,"警,告",N/A,N/A,N/A,N/A,けいこく,けいこく,Cảnh Cáo,
警官,vocab,12,"警,官",N/A,N/A,N/A,N/A,けいかん,けいかん,Cảnh Sát Viên,
警察,vocab,12,"警,察",N/A,N/A,N/A,N/A,けいさつ,けいさつ,Cảnh Sát,
警察庁,vocab,12,"警,察,庁",N/A,N/A,N/A,N/A,けいさつちょう,けいさつちょう,Keisatsuchou,Cơ Quan Cảnh Sát Quốc Gia
警察署,vocab,12,"警,察,署",N/A,N/A,N/A,N/A,けいさつしょ,けいさつしょ,Sở Cảnh Sát,
警戒,vocab,31,"警,戒",N/A,N/A,N/A,N/A,けいかい,けいかい,Cảnh Giác,
警視庁,vocab,12,"警,視,庁",N/A,N/A,N/A,N/A,けいしちょう,けいしちょう,Keishichou,Cục Cảnh Sát Toukyou
議論,vocab,39,"議,論",N/A,N/A,N/A,N/A,ぎろん,ぎろん,Tranh Luận,
譲る,vocab,45,譲,N/A,N/A,N/A,N/A,ゆずる,ゆずる,Nhường,
譲歩,vocab,45,"譲,歩",N/A,N/A,N/A,N/A,じょうほ,じょうほ,Nhượng Bộ,
谷,vocab,25,谷,N/A,N/A,N/A,N/A,たに,たに,Thung Lũng,
谷川,vocab,25,"谷,川",N/A,N/A,N/A,N/A,たにがわ,たにがわ,Khe Suối,
豆,vocab,22,豆,N/A,N/A,N/A,N/A,まめ,まめ,Đậu,
豆乳,vocab,39,"豆,乳",N/A,N/A,N/A,N/A,とうにゅう,とうにゅう,Sữa Đậu,
豆腐,vocab,42,"豆,腐",N/A,N/A,N/A,N/A,とうふ,とうふ,Đậu Phụ,
豊か,vocab,46,豊,N/A,N/A,N/A,N/A,ゆたか,ゆたか,Phong Phú,
豊作,vocab,46,"豊,作",N/A,N/A,N/A,N/A,ほうさく,ほうさく,Được Mùa,
豊富,vocab,46,"豊,富",N/A,N/A,N/A,N/A,ほうふ,ほうふ,Phong Phú,
豚,vocab,12,豚,N/A,N/A,N/A,N/A,ぶた,ぶた,Lợn,
豚カツ,vocab,13,豚,N/A,N/A,N/A,N/A,とんかつ,とんかつ,Tonkatsu,
豚肉,vocab,12,"豚,肉",N/A,N/A,N/A,N/A,ぶたにく,ぶたにく,Thịt Lợn,
象,vocab,13,象,N/A,N/A,N/A,N/A,ぞう,ぞう,Voi,
象徴,vocab,50,"象,徴",N/A,N/A,N/A,N/A,しょうちょう,しょうちょう,Tượng Trưng,Biểu Tượng
豪傑,vocab,67,"豪,傑",N/A,N/A,N/A,N/A,ごうけつ,ごうけつ,Hào Kiệt,
豪華,vocab,67,"豪,華",N/A,N/A,N/A,N/A,ごうか,ごうか,Hào Hoa,
豪雨,vocab,67,"豪,雨",N/A,N/A,N/A,N/A,ごうう,ごうう,Mưa To,
貝,vocab,40,貝,N/A,N/A,N/A,N/A,かい,かい,Sò,"Ngao, Hến, Trai"
貝殻,vocab,40,"貝,殻",N/A,N/A,N/A,N/A,かいがら,かいがら,Vỏ Sò,
貝類,vocab,40,"貝,類",N/A,N/A,N/A,N/A,かいるい,かいるい,Kairui,Động Vật Có Vỏ
負かす,vocab,19,負,N/A,N/A,N/A,N/A,まかす,まかす,Đánh Bại,
負ける,vocab,19,負,N/A,N/A,N/A,N/A,まける,まける,Thua,
負んぶ,vocab,20,負,N/A,N/A,N/A,N/A,おんぶ,おんぶ,Cõng,Phụ Thuộc
負傷,vocab,36,"負,傷",N/A,N/A,N/A,N/A,ふしょう,ふしょう,Bị Thương,
負担,vocab,44,"負,担",N/A,N/A,N/A,N/A,ふたん,ふたん,Gánh Vác,Trách Nhiệm
財布,vocab,26,"財,布",N/A,N/A,N/A,N/A,さいふ,さいふ,Ví,
財産,vocab,26,"財,産",N/A,N/A,N/A,N/A,ざいさん,ざいさん,Tài Sản,
貢献,vocab,57,"貢,献",N/A,N/A,N/A,N/A,こうけん,こうけん,Cống Hiến,Đóng Góp
貧しい,vocab,33,貧,N/A,N/A,N/A,N/A,まずしい,まずしい,Nghèo,
貧乏,vocab,33,"貧,乏",N/A,N/A,N/A,N/A,びんぼう,びんぼう,Nghèo,
貧困,vocab,33,"貧,困",N/A,N/A,N/A,N/A,ひんこん,ひんこん,Nghèo Khó,
貧血,vocab,33,"貧,血",N/A,N/A,N/A,N/A,ひんけつ,ひんけつ,Thiếu Máu,
貨幣,vocab,59,"貨,幣",N/A,N/A,N/A,N/A,かへい,かへい,Tiền Tệ,
貨物,vocab,59,"貨,物",N/A,N/A,N/A,N/A,かもつ,かもつ,Hàng Hóa,
販売,vocab,32,"販,売",N/A,N/A,N/A,N/A,はんばい,はんばい,Bán Hàng,
貫く,vocab,61,貫,N/A,N/A,N/A,N/A,つらぬく,つらぬく,Xuyên Suốt,"Nhất Quán, Xuyên Qua"
責める,vocab,22,責,N/A,N/A,N/A,N/A,せめる,せめる,Đổ Lỗi,Trách Móc
責任,vocab,22,"責,任",N/A,N/A,N/A,N/A,せきにん,せきにん,Trách Nhiệm,
責任感,vocab,22,"責,任,感",N/A,N/A,N/A,N/A,せきにんかん,せきにんかん,Sekininkan,Tinh Thần Trách Nhiệm
貯蔵,vocab,63,"貯,蔵",N/A,N/A,N/A,N/A,ちょぞう,ちょぞう,Tàng Trữ,
貯金,vocab,63,"貯,金",N/A,N/A,N/A,N/A,ちょきん,ちょきん,Tiền Tiết Kiệm,
貰い物,vocab,22,"貰,物",N/A,N/A,N/A,N/A,もらいもの,もらいもの,Quà,
貰う,vocab,22,貰,N/A,N/A,N/A,N/A,もらう,もらう,Nhận,
貴い,vocab,64,貴,N/A,N/A,N/A,N/A,とうとい,とうとい,Quý Giá,Đáng Giá
貴方,vocab,64,"貴,方",N/A,N/A,N/A,N/A,あなた,"あなた, あんた",Bạn,
貴族,vocab,64,"貴,族",N/A,N/A,N/A,N/A,きぞく,きぞく,Quý Tộc,
貴様,vocab,64,"貴,様",N/A,N/A,N/A,N/A,きさま,きさま,Ngươi,
貴重,vocab,64,"貴,重",N/A,N/A,N/A,N/A,きちょう,きちょう,Quý Giá,
買い物,vocab,23,"買,物",N/A,N/A,N/A,N/A,かいもの,かいもの,Mua Đồ,
買う,vocab,23,買,N/A,N/A,N/A,N/A,かう,かう,Mua,
貸し切り,vocab,24,"貸,切",N/A,N/A,N/A,N/A,かしきり,かしきり,Đặt Trước,Thuê Trọn Gói
貸す,vocab,24,貸,N/A,N/A,N/A,N/A,かす,かす,Cho Mượn,Cho Vay
貸間,vocab,24,貸,N/A,N/A,N/A,N/A,かしま,かしま,Phòng Trọ,
費やす,vocab,58,費,N/A,N/A,N/A,N/A,ついやす,ついやす,Chi,"Dùng, Tiêu Tốn"
費用,vocab,58,"費,用",N/A,N/A,N/A,N/A,ひよう,ひよう,Chi Phí,
貼り付ける,vocab,24,"貼,付",N/A,N/A,N/A,N/A,はりつける,はりつける,Dán Vào,Gắn Vào
貼る,vocab,24,貼,N/A,N/A,N/A,N/A,はる,はる,Dán,Gắn
貿易,vocab,64,"貿,易",N/A,N/A,N/A,N/A,ぼうえき,ぼうえき,Thương Mại,
賃借,vocab,24,"賃,借",N/A,N/A,N/A,N/A,ちんしゃく,ちんしゃく,Thuê,
賃貸,vocab,24,"賃,貸",N/A,N/A,N/A,N/A,ちんたい,ちんたい,Cho Thuê,
賄賂,vocab,67,"賄,賂",N/A,N/A,N/A,N/A,わいろ,わいろ,Hối Lộ,
資料,vocab,26,"資,料",N/A,N/A,N/A,N/A,しりょう,しりょう,Tài Liệu,Tư Liệu
資本,vocab,26,"資,本",N/A,N/A,N/A,N/A,しほん,しほん,Vốn,
資格,vocab,33,"資,格",N/A,N/A,N/A,N/A,しかく,しかく,Bằng Cấp,"Chứng Chỉ, Tư Cách"
資金,vocab,26,"資,金",N/A,N/A,N/A,N/A,しきん,しきん,Vốn,
賑やか,vocab,30,賑,N/A,N/A,N/A,N/A,にぎやか,にぎやか,Nhộn Nhịp,Náo Nhiệt
賑わう,vocab,30,賑,N/A,N/A,N/A,N/A,にぎわう,にぎわう,Nhộn Nhịp,Náo Nhiệt
賛成,vocab,69,"賛,成",N/A,N/A,N/A,N/A,さんせい,さんせい,Tán Thành,
賛美,vocab,69,"賛,美",N/A,N/A,N/A,N/A,さんび,さんび,Khen Ngợi,
賞,vocab,30,賞,N/A,N/A,N/A,N/A,しょう,しょう,Giải Thưởng,
賞品,vocab,30,"賞,品",N/A,N/A,N/A,N/A,しょうひん,しょうひん,Phần Thưởng,
賞金,vocab,30,"賞,金",N/A,N/A,N/A,N/A,しょうきん,しょうきん,Tiền Thưởng,
賠償,vocab,60,"賠,償",N/A,N/A,N/A,N/A,ばいしょう,ばいしょう,Bồi Thường,
賢い,vocab,53,賢,N/A,N/A,N/A,N/A,かしこい,かしこい,Khôn,Thông Minh
賢明,vocab,53,"賢,明",N/A,N/A,N/A,N/A,けんめい,けんめい,Sáng Suốt,
賢者,vocab,53,"賢,者",N/A,N/A,N/A,N/A,けんじゃ,けんじゃ,Hiền Triết,
質,vocab,20,質,N/A,N/A,N/A,N/A,しつ,しつ,Chất Lượng,
質問,vocab,20,"質,問",N/A,N/A,N/A,N/A,しつもん,しつもん,Câu Hỏi,Hỏi
質素,vocab,21,"質,素",N/A,N/A,N/A,N/A,しっそ,しっそ,Giản Dị,
賭ける,vocab,46,賭,N/A,N/A,N/A,N/A,かける,かける,Cược,
賭博,vocab,46,"賭,博",N/A,N/A,N/A,N/A,とばく,とばく,Đánh Bạc,
購入,vocab,41,"購,入",N/A,N/A,N/A,N/A,こうにゅう,こうにゅう,Mua,
購読,vocab,41,"購,読",N/A,N/A,N/A,N/A,こうどく,こうどく,Mua Đọc,
購買,vocab,41,"購,買",N/A,N/A,N/A,N/A,こうばい,こうばい,Mua,
贅沢,vocab,42,"贅,沢",N/A,N/A,N/A,N/A,ぜいたく,ぜいたく,Xa Hoa,
贈る,vocab,54,贈,N/A,N/A,N/A,N/A,おくる,おくる,Tặng,
赤,vocab,8,赤,N/A,N/A,N/A,N/A,あか,あか,Đỏ,
赤い,vocab,8,赤,N/A,N/A,N/A,N/A,あかい,あかい,Đỏ,
赤ちゃん,vocab,8,赤,N/A,N/A,N/A,N/A,あかちゃん,あかちゃん,Em Bé,
赤ん坊,vocab,26,"赤,坊",N/A,N/A,N/A,N/A,あかんぼう,"あかんぼう, あかんぼ",Akanbou,Em Bé Sơ Sinh
赤色,vocab,8,"赤,色",N/A,N/A,N/A,N/A,あかいろ,あかいろ,Màu Đỏ,
走り回る,vocab,16,"走,回",N/A,N/A,N/A,N/A,はしりまわる,はしりまわる,Chạy Quanh,
走る,vocab,16,走,N/A,N/A,N/A,N/A,はしる,はしる,Chạy,
走行,vocab,16,"走,行",N/A,N/A,N/A,N/A,そうこう,そうこう,Chạy,
起きる,vocab,17,起,N/A,N/A,N/A,N/A,おきる,おきる,Dậy,Xảy Ra
起こす,vocab,17,起,N/A,N/A,N/A,N/A,おこす,おこす,Gây Ra,
起こる,vocab,17,起,N/A,N/A,N/A,N/A,おこる,おこる,Xảy Ra,
起動,vocab,18,"起,動",N/A,N/A,N/A,N/A,きどう,きどう,Khởi Động,
起床,vocab,19,"起,床",N/A,N/A,N/A,N/A,きしょう,きしょう,Dậy,Ra Khỏi Giường
起源,vocab,66,"起,源",N/A,N/A,N/A,N/A,きげん,きげん,Khởi Nguồn,
起立,vocab,57,"起,立",N/A,N/A,N/A,N/A,きりつ,きりつ,Đứng Lên,
起訴,vocab,62,"起,訴",N/A,N/A,N/A,N/A,きそ,きそ,Khởi Tố,
超～,vocab,49,超,N/A,N/A,N/A,N/A,ちょう,ちょう,Chou,"Siêu, Rất"
超える,vocab,49,超,N/A,N/A,N/A,N/A,こえる,こえる,Vượt,
超す,vocab,49,超,N/A,N/A,N/A,N/A,こす,こす,Vượt,
超過,vocab,49,"超,過",N/A,N/A,N/A,N/A,ちょうか,ちょうか,Vượt Quá,
越える,vocab,46,越,N/A,N/A,N/A,N/A,こえる,こえる,Vượt,
越す,vocab,46,越,N/A,N/A,N/A,N/A,こす,こす,Vượt,
越南,vocab,46,"越,南",N/A,N/A,N/A,N/A,えつなん,"えつなん, べとなむ",Việt Nam,
趣味,vocab,37,"趣,味",N/A,N/A,N/A,N/A,しゅみ,しゅみ,Sở Thích,Gu
趣旨,vocab,37,"趣,旨",N/A,N/A,N/A,N/A,しゅし,しゅし,Mục Đích,Ý Muốn Truyền Tải
足,vocab,7,足,N/A,N/A,N/A,N/A,あし,あし,Chân,Bàn Chân
足し算,vocab,25,"足,算",N/A,N/A,N/A,N/A,たしざん,たしざん,Phép Cộng,
足す,vocab,7,足,N/A,N/A,N/A,N/A,たす,たす,Cộng,
足りる,vocab,7,足,N/A,N/A,N/A,N/A,たりる,たりる,Đủ,
足を組む,vocab,31,"足,組",N/A,N/A,N/A,N/A,あしをくむ,あしをくむ,Vắt Chân,
足元,vocab,7,"足,元",N/A,N/A,N/A,N/A,あしもと,あしもと,Gốc Chân,
足跡,vocab,31,"足,跡",N/A,N/A,N/A,N/A,あしあと,あしあと,Dấu Chân,
足首,vocab,7,"足,首",N/A,N/A,N/A,N/A,あしくび,あしくび,Cổ Chân,
距離,vocab,47,"距,離",N/A,N/A,N/A,N/A,きょり,きょり,Khoảng Cách,Cự Ly
跡,vocab,31,跡,N/A,N/A,N/A,N/A,あと,あと,Dấu Vết,
路地,vocab,32,"路,地",N/A,N/A,N/A,N/A,ろじ,ろじ,Ngõ,Hẻm
跳ねる,vocab,47,跳,N/A,N/A,N/A,N/A,はねる,はねる,Nhảy,
跳ぶ,vocab,47,跳,N/A,N/A,N/A,N/A,とぶ,とぶ,Nhảy,
跳躍,vocab,47,"跳,躍",N/A,N/A,N/A,N/A,ちょうやく,ちょうやく,Nhảy,
踊る,vocab,45,踊,N/A,N/A,N/A,N/A,おどる,おどる,Nhảy,Múa
踏まえる,vocab,69,踏,N/A,N/A,N/A,N/A,ふまえる,ふまえる,Dựa Trên,
踏む,vocab,69,踏,N/A,N/A,N/A,N/A,ふむ,ふむ,Dẫm,Đạp
踏切,vocab,69,"踏,切",N/A,N/A,N/A,N/A,ふみきり,ふみきり,Fumikiri,Chỗ Giao Đường Sắt Và Đường Bộ
蹴る,vocab,68,蹴,N/A,N/A,N/A,N/A,ける,ける,Đá,Sút
蹴飛ばす,vocab,68,"蹴,飛",N/A,N/A,N/A,N/A,けとばす,けとばす,Đá Bay,
躍進,vocab,47,"躍,進",N/A,N/A,N/A,N/A,やくしん,やくしん,Đột Phá,
身,vocab,9,身,N/A,N/A,N/A,N/A,み,み,Thân,
身体,vocab,9,"身,体",N/A,N/A,N/A,N/A,からだ,"からだ, しんたい",Cơ Thể,Thân Thể
身分証,vocab,29,"身,分,証",N/A,N/A,N/A,N/A,みぶんしょう,みぶんしょう,ID,Giấy Tờ Tùy Thân
身近,vocab,52,"身,近",N/A,N/A,N/A,N/A,みぢか,みぢか,Gần Gũi,
身長,vocab,9,"身,長",N/A,N/A,N/A,N/A,しんちょう,しんちょう,Chiều Cao,Chiều Cao Cơ Thể
車,vocab,6,車,N/A,N/A,N/A,N/A,くるま,くるま,Xe,
車両,vocab,39,"車,両",N/A,N/A,N/A,N/A,しゃりょう,しゃりょう,Xe Cộ,"Toa Tàu, Phương Tiện Giao Thông"
車内,vocab,6,"車,内",N/A,N/A,N/A,N/A,しゃない,しゃない,Trong Xe,
車庫,vocab,21,"車,庫",N/A,N/A,N/A,N/A,しゃこ,しゃこ,Nhà Xe,Ga Ra
車掌,vocab,66,"車,掌",N/A,N/A,N/A,N/A,しゃしょう,しゃしょう,Phụ Tàu,Nhân Viên Phục Vụ Tàu
車輪,vocab,41,"車,輪",N/A,N/A,N/A,N/A,しゃりん,しゃりん,Bánh Xe,
軌跡,vocab,53,"軌,跡",N/A,N/A,N/A,N/A,きせき,きせき,Vết Bánh Xe,
軌道,vocab,53,"軌,道",N/A,N/A,N/A,N/A,きどう,きどう,Quỹ Đạo,
軍艦巻き,vocab,47,"軍,艦,巻",N/A,N/A,N/A,N/A,ぐんかんまき,ぐんかんまき,Gunkanmaki,
軍隊,vocab,39,"軍,隊",N/A,N/A,N/A,N/A,ぐんたい,ぐんたい,Quân Đội,
軒,vocab,60,軒,N/A,N/A,N/A,N/A,のき,のき,Mái Hiên,
軒並み,vocab,60,"軒,並",N/A,N/A,N/A,N/A,のきなみ,のきなみ,Dãy Nhà,Đồng Loạt
軟らかい,vocab,51,軟,N/A,N/A,N/A,N/A,やわらかい,やわらかい,Mềm,Dẻo
軟派る,vocab,51,"軟,派",N/A,N/A,N/A,N/A,なんぱる,なんぱる,Tán Tỉnh,
転がす,vocab,19,転,N/A,N/A,N/A,N/A,ころがす,ころがす,Lăn,
転がる,vocab,19,転,N/A,N/A,N/A,N/A,ころがる,ころがる,Lăn,Lăn Lóc
転ぶ,vocab,19,転,N/A,N/A,N/A,N/A,ころぶ,ころぶ,Ngã,
転勤,vocab,32,"転,勤",N/A,N/A,N/A,N/A,てんきん,てんきん,Chuyển Việc,
転校,vocab,19,"転,校",N/A,N/A,N/A,N/A,てんこう,てんこう,Chuyển Trường,
軽い,vocab,36,軽,N/A,N/A,N/A,N/A,かるい,かるい,Nhẹ,
軽傷,vocab,36,"軽,傷",N/A,N/A,N/A,N/A,けいしょう,けいしょう,Thương Nhẹ,
軽油,vocab,38,"軽,油",N/A,N/A,N/A,N/A,けいゆ,けいゆ,Dầu,Dầu Diesel
軽蔑,vocab,68,"軽,蔑",N/A,N/A,N/A,N/A,けいべつ,けいべつ,Khinh Miệt,
軽薄,vocab,70,"軽,薄",N/A,N/A,N/A,N/A,けいはく,けいはく,Hời Hợt,Nông Cạn
載せる,vocab,66,載,N/A,N/A,N/A,N/A,のせる,のせる,Đặt Lên,Đăng Lên
載る,vocab,66,載,N/A,N/A,N/A,N/A,のる,のる,Được Đặt Lên,Được Đăng Lên
輝かしい,vocab,69,輝,N/A,N/A,N/A,N/A,かがやかしい,かがやかしい,Rực Rỡ,Huy Hoàng
輝く,vocab,69,輝,N/A,N/A,N/A,N/A,かがやく,かがやく,Tỏa Sáng,Rực Rỡ
輪ゴム,vocab,41,輪,N/A,N/A,N/A,N/A,わごむ,わごむ,Dây Chun,
輪っか,vocab,41,輪,N/A,N/A,N/A,N/A,わっか,わっか,Vòng,
輸入,vocab,40,"輸,入",N/A,N/A,N/A,N/A,ゆにゅう,ゆにゅう,Nhập Khẩu,
輸出,vocab,40,"輸,出",N/A,N/A,N/A,N/A,ゆしゅつ,ゆしゅつ,Xuất Khẩu,
輸血,vocab,40,"輸,血",N/A,N/A,N/A,N/A,ゆけつ,ゆけつ,Truyền Máu,
辛い,vocab,15,辛,N/A,N/A,N/A,N/A,からい,"からい, つらい",Cay,"Khổ, Khó"
辛抱,vocab,29,"辛,抱",N/A,N/A,N/A,N/A,しんぼう,しんぼう,Kiên Nhẫn,Kiên Trì
辞める,vocab,17,辞,N/A,N/A,N/A,N/A,やめる,やめる,Nghỉ Việc,
辞典,vocab,17,"辞,典",N/A,N/A,N/A,N/A,じてん,じてん,Từ Điển,
辞書,vocab,17,"辞,書",N/A,N/A,N/A,N/A,じしょ,じしょ,Từ Điển,
辞職,vocab,18,"辞,職",N/A,N/A,N/A,N/A,じしょく,じしょく,Từ Chức,
農場,vocab,27,"農,場",N/A,N/A,N/A,N/A,のうじょう,のうじょう,Nông Trường,
農村,vocab,27,"農,村",N/A,N/A,N/A,N/A,のうそん,のうそん,Nông Thôn,
農業,vocab,27,"農,業",N/A,N/A,N/A,N/A,のうぎょう,のうぎょう,Nông Nghiệp,
農民,vocab,27,"農,民",N/A,N/A,N/A,N/A,のうみん,のうみん,Nông Dân,
農耕,vocab,55,"農,耕",N/A,N/A,N/A,N/A,のうこう,のうこう,Trồng Trọt,
辺,vocab,34,辺,N/A,N/A,N/A,N/A,へん,へん,Cạnh,Khu Vực
辺り,vocab,34,辺,N/A,N/A,N/A,N/A,あたり,あたり,Lân Cận,
込む,vocab,26,込,N/A,N/A,N/A,N/A,こむ,こむ,Đông Đúc,
込める,vocab,26,込,N/A,N/A,N/A,N/A,こめる,こめる,Cho Vào,Nạp
辿り着く,vocab,39,"辿,着",N/A,N/A,N/A,N/A,たどりつく,たどりつく,Đến Được,Đến Tận
辿る,vocab,39,辿,N/A,N/A,N/A,N/A,たどる,たどる,Theo Dấu,Theo
迎える,vocab,39,迎,N/A,N/A,N/A,N/A,むかえる,むかえる,Đón,
近い,vocab,6,近,N/A,N/A,N/A,N/A,ちかい,ちかい,Gần,
近付く,vocab,9,"近,付",N/A,N/A,N/A,N/A,ちかづく,ちかづく,Lại Gần,Tiếp Cận
近付ける,vocab,9,"近,付",N/A,N/A,N/A,N/A,ちかづける,ちかづける,Đem Lại Gần,
近寄る,vocab,53,"近,寄",N/A,N/A,N/A,N/A,ちかよる,ちかよる,Đến Gần,
近所,vocab,6,"近,所",N/A,N/A,N/A,N/A,きんじょ,きんじょ,Lân Cận,
近郊,vocab,51,"近,郊",N/A,N/A,N/A,N/A,きんこう,きんこう,Vùng Lân Cận,
近隣,vocab,37,"近,隣",N/A,N/A,N/A,N/A,きんりん,きんりん,Lân Cận,
近頃,vocab,58,"近,頃",N/A,N/A,N/A,N/A,ちかごろ,ちかごろ,Gần Đây,
返す,vocab,29,返,N/A,N/A,N/A,N/A,かえす,かえす,Trả,
返り咲き,vocab,51,"返,咲",N/A,N/A,N/A,N/A,かえりざき,かえりざき,Nở Lại,Quay Trở Lại
返る,vocab,29,返,N/A,N/A,N/A,N/A,かえる,かえる,Trở Lại,
返事,vocab,29,"返,事",N/A,N/A,N/A,N/A,へんじ,へんじ,Trả Lời,
返信,vocab,29,"返,信",N/A,N/A,N/A,N/A,へんしん,へんしん,Hồi Âm,
返却,vocab,42,"返,却",N/A,N/A,N/A,N/A,へんきゃく,へんきゃく,Trả Lại,Trả
返還,vocab,68,"返,還",N/A,N/A,N/A,N/A,へんかん,へんかん,Trả Lại,
迫る,vocab,32,迫,N/A,N/A,N/A,N/A,せまる,せまる,Đến Sát,Ép
迫害,vocab,32,"迫,害",N/A,N/A,N/A,N/A,はくがい,はくがい,Đàn Áp,
述べる,vocab,41,述,N/A,N/A,N/A,N/A,のべる,のべる,Bày Tỏ,Trình Bày
迷う,vocab,21,迷,N/A,N/A,N/A,N/A,まよう,まよう,Lạc,"Lạc Lối, Đắn Đo"
迷信,vocab,21,"迷,信",N/A,N/A,N/A,N/A,めいしん,めいしん,Mê Tín,
迷子,vocab,21,"迷,子",N/A,N/A,N/A,N/A,まいご,まいご,Lạc,Người Lạc
迷宮,vocab,57,"迷,宮",N/A,N/A,N/A,N/A,めいきゅう,めいきゅう,Mê Cung,
迷惑,vocab,21,"迷,惑",N/A,N/A,N/A,N/A,めいわく,めいわく,Phiền,Làm Phiền
迷路,vocab,32,"迷,路",N/A,N/A,N/A,N/A,めいろ,めいろ,Mê Cung,Mê Lộ
追い付く,vocab,47,"追,付",N/A,N/A,N/A,N/A,おいつく,おいつく,Đuổi Kịp,
追い越す,vocab,47,"追,越",N/A,N/A,N/A,N/A,おいこす,おいこす,Vượt,
追う,vocab,47,追,N/A,N/A,N/A,N/A,おう,おう,Đuổi,
追加,vocab,47,"追,加",N/A,N/A,N/A,N/A,ついか,ついか,Thêm,
追跡,vocab,47,"追,跡",N/A,N/A,N/A,N/A,ついせき,ついせき,Truy Tích,
退く,vocab,27,退,N/A,N/A,N/A,N/A,しりぞく,しりぞく,Nghỉ Việc,Rút Lui
退学,vocab,27,"退,学",N/A,N/A,N/A,N/A,たいがく,たいがく,Bỏ Học,Bị Đuổi Học
退屈,vocab,49,"退,屈",N/A,N/A,N/A,N/A,たいくつ,たいくつ,Buồn Tẻ,Chán
退廃,vocab,66,"退,廃",N/A,N/A,N/A,N/A,たいはい,たいはい,Thoái Hóa,Tha Hóa
退職,vocab,27,"退,職",N/A,N/A,N/A,N/A,たいしょく,たいしょく,Nghỉ Việc,
退院,vocab,27,"退,院",N/A,N/A,N/A,N/A,たいいん,たいいん,Xuất Viện,
送る,vocab,17,送,N/A,N/A,N/A,N/A,おくる,おくる,Gửi,Tiễn
送別会,vocab,17,"送,別,会",N/A,N/A,N/A,N/A,そうべつかい,そうべつかい,Tiệc Tiễn Biệt,
逃がす,vocab,27,逃,N/A,N/A,N/A,N/A,にがす,にがす,Thả,
逃げる,vocab,27,逃,N/A,N/A,N/A,N/A,にげる,にげる,Chạy Trốn,
逃走,vocab,27,"逃,走",N/A,N/A,N/A,N/A,とうそう,とうそう,Đào Tẩu,
逆,vocab,38,逆,N/A,N/A,N/A,N/A,ぎゃく,ぎゃく,Ngược,
逆さ,vocab,38,逆,N/A,N/A,N/A,N/A,さかさ,さかさ,Ngược,
逆らう,vocab,38,逆,N/A,N/A,N/A,N/A,さからう,さからう,Làm Trái,Chống Đối
透き通る,vocab,56,"透,通",N/A,N/A,N/A,N/A,すきとおる,すきとおる,Trong Suốt,
透明,vocab,56,"透,明",N/A,N/A,N/A,N/A,とうめい,とうめい,Trong Suốt,
途中,vocab,55,"途,中",N/A,N/A,N/A,N/A,とちゅう,とちゅう,Giữa Đường,Giữa Chừng
途切れる,vocab,55,"途,切",N/A,N/A,N/A,N/A,とぎれる,とぎれる,Bị Gián Đoạn,
通う,vocab,18,通,N/A,N/A,N/A,N/A,かよう,かよう,Đi Lại,
通す,vocab,17,通,N/A,N/A,N/A,N/A,とおす,とおす,Thông,Xuyên Qua
通る,vocab,17,通,N/A,N/A,N/A,N/A,とおる,とおる,Đi Qua,"Qua, Hiểu Được"
通勤,vocab,32,"通,勤",N/A,N/A,N/A,N/A,つうきん,つうきん,Đi Làm,
通帳,vocab,57,"通,帳",N/A,N/A,N/A,N/A,つうちょう,つうちょう,Sổ Ngân Hàng,
通知,vocab,17,"通,知",N/A,N/A,N/A,N/A,つうち,つうち,Thông Báo,
通訳,vocab,60,"通,訳",N/A,N/A,N/A,N/A,つうやく,つうやく,Thông Dịch,
通貨,vocab,59,"通,貨",N/A,N/A,N/A,N/A,つうか,つうか,Tiền Tệ,
通販,vocab,32,"通,販",N/A,N/A,N/A,N/A,つうはん,つうはん,Tsuuhan,Mua Bán Qua Mạng
通路,vocab,32,"通,路",N/A,N/A,N/A,N/A,つうろ,つうろ,Lối Đi,
通過,vocab,31,"通,過",N/A,N/A,N/A,N/A,つうか,つうか,Vượt Qua,
速い,vocab,22,速,N/A,N/A,N/A,N/A,はやい,はやい,Nhanh,
速報,vocab,22,"速,報",N/A,N/A,N/A,N/A,そくほう,そくほう,Tin Nóng,Thông Báo Khẩn
速度,vocab,22,"速,度",N/A,N/A,N/A,N/A,そくど,そくど,Tốc Độ,
造る,vocab,21,造,N/A,N/A,N/A,N/A,つくる,つくる,Tạo,"Xây, Sản Xuất"
連れる,vocab,32,連,N/A,N/A,N/A,N/A,つれる,つれる,Dẫn Theo,
連れ去る,vocab,32,"連,去",N/A,N/A,N/A,N/A,つれさる,つれさる,Bắt Cóc,
連想,vocab,32,"連,想",N/A,N/A,N/A,N/A,れんそう,れんそう,Liên Tưởng,
連盟,vocab,43,"連,盟",N/A,N/A,N/A,N/A,れんめい,れんめい,Liên Minh,
連絡,vocab,43,"連,絡",N/A,N/A,N/A,N/A,れんらく,れんらく,Liên Lạc,
連続,vocab,32,"連,続",N/A,N/A,N/A,N/A,れんぞく,れんぞく,Liên Tục,
連邦,vocab,43,"連,邦",N/A,N/A,N/A,N/A,れんぽう,れんぽう,Liên Bang,
逮捕,vocab,33,"逮,捕",N/A,N/A,N/A,N/A,たいほ,たいほ,Bắt Giữ,Bắt
週末,vocab,11,"週,末",N/A,N/A,N/A,N/A,しゅうまつ,しゅうまつ,Cuối Tuần,
進む,vocab,22,進,N/A,N/A,N/A,N/A,すすむ,すすむ,Tiến,
進める,vocab,22,進,N/A,N/A,N/A,N/A,すすめる,すすめる,Tiến,Tiến Hành
進化,vocab,22,"進,化",N/A,N/A,N/A,N/A,しんか,しんか,Tiến Hóa,
進捗,vocab,56,"進,捗",N/A,N/A,N/A,N/A,しんちょく,しんちょく,Tiến Triển,Tiến Độ
進撃,vocab,22,"進,撃",N/A,N/A,N/A,N/A,しんげき,しんげき,Tiến Công,Tấn Công
進歩,vocab,22,"進,歩",N/A,N/A,N/A,N/A,しんぽ,しんぽ,Tiến Bộ,
進行,vocab,22,"進,行",N/A,N/A,N/A,N/A,しんこう,しんこう,Tiến Hành,
遂に,vocab,64,遂,N/A,N/A,N/A,N/A,ついに,ついに,Cuối Cùng Thì,
遂行,vocab,64,"遂,行",N/A,N/A,N/A,N/A,すいこう,すいこう,Hoàn Thành,
遅い,vocab,43,遅,N/A,N/A,N/A,N/A,おそい,おそい,Muộn,Chậm
遅れる,vocab,43,遅,N/A,N/A,N/A,N/A,おくれる,おくれる,Muộn,Trễ
遅刻,vocab,43,"遅,刻",N/A,N/A,N/A,N/A,ちこく,ちこく,Đến Muộn,Muộn
遅延,vocab,44,"遅,延",N/A,N/A,N/A,N/A,ちえん,ちえん,Trì Hoãn,Trễ
遊び場,vocab,24,"遊,場",N/A,N/A,N/A,N/A,あそびば,あそびば,Sân Chơi,
遊ぶ,vocab,24,遊,N/A,N/A,N/A,N/A,あそぶ,あそぶ,Chơi,
遊園地,vocab,24,"遊,園,地",N/A,N/A,N/A,N/A,ゆうえんち,ゆうえんち,CVGT,Công Viên Giải Trí
遊戯王,vocab,24,"遊,戯,王",N/A,N/A,N/A,N/A,ゆうぎおう,ゆうぎおう,Yuugiou,
遊牧,vocab,49,"遊,牧",N/A,N/A,N/A,N/A,ゆうぼく,ゆうぼく,Du Mục,
運,vocab,19,運,N/A,N/A,N/A,N/A,うん,うん,Vận May,
運ぶ,vocab,19,運,N/A,N/A,N/A,N/A,はこぶ,はこぶ,Bê,"Vác, Vận Chuyển"
運動,vocab,19,"運,動",N/A,N/A,N/A,N/A,うんどう,うんどう,Vận Động,Tập Thể Dục
運命,vocab,19,"運,命",N/A,N/A,N/A,N/A,うんめい,うんめい,Vận Mệnh,
運搬,vocab,67,"運,搬",N/A,N/A,N/A,N/A,うんぱん,うんぱん,Vận Chuyển,
運河,vocab,25,"運,河",N/A,N/A,N/A,N/A,うんが,うんが,Kênh Đào,
運転,vocab,19,"運,転",N/A,N/A,N/A,N/A,うんてん,うんてん,Lái,Vận Hành
運転手,vocab,19,"運,転,手",N/A,N/A,N/A,N/A,うんてんしゅ,うんてんしゅ,Tài Xế,
過ぎる,vocab,31,過,N/A,N/A,N/A,N/A,すぎる,すぎる,Quá,
過ごす,vocab,31,過,N/A,N/A,N/A,N/A,すごす,すごす,Trải Qua,
過剰,vocab,62,"過,剰",N/A,N/A,N/A,N/A,かじょう,かじょう,Thừa,Thái Quá
過半数,vocab,31,"過,半,数",N/A,N/A,N/A,N/A,かはんすう,かはんすう,Đa Số,
過去,vocab,31,"過,去",N/A,N/A,N/A,N/A,かこ,かこ,Quá Khứ,
過敏,vocab,57,"過,敏",N/A,N/A,N/A,N/A,かびん,かびん,Nhạy Cảm,
過疎化,vocab,65,"過,疎,化",N/A,N/A,N/A,N/A,かそか,かそか,Kasoka,Suy Giảm Dân Số
過程,vocab,31,"過,程",N/A,N/A,N/A,N/A,かてい,かてい,Quá Trình,
過酷,vocab,68,"過,酷",N/A,N/A,N/A,N/A,かこく,かこく,Khắc Nghiệt,
道,vocab,7,道,N/A,N/A,N/A,N/A,みち,みち,Đường,
道具,vocab,11,"道,具",N/A,N/A,N/A,N/A,どうぐ,どうぐ,Dụng Cụ,
道場,vocab,10,"道,場",N/A,N/A,N/A,N/A,どうじょう,どうじょう,Võ Đường,
道徳,vocab,52,"道,徳",N/A,N/A,N/A,N/A,どうとく,どうとく,Đạo Đức,
道路,vocab,32,"道,路",N/A,N/A,N/A,N/A,どうろ,どうろ,Đường,
達する,vocab,16,達,N/A,N/A,N/A,N/A,たっする,たっする,Đạt,
達磨,vocab,70,"達,磨",N/A,N/A,N/A,N/A,だるま,だるま,Daruma,
違う,vocab,26,違,N/A,N/A,N/A,N/A,ちがう,ちがう,Khác,
違反,vocab,26,"違,反",N/A,N/A,N/A,N/A,いはん,いはん,Vi Phạm,
違和感,vocab,53,"違,和,感",N/A,N/A,N/A,N/A,いわかん,いわかん,Hơi Lạ,Cảm Giác Sai Sai
遠い,vocab,28,遠,N/A,N/A,N/A,N/A,とおい,とおい,Xa,
遠吠え,vocab,28,"遠,吠",N/A,N/A,N/A,N/A,とおぼえ,とおぼえ,Tiếng Hú,
遠回り,vocab,28,"遠,回",N/A,N/A,N/A,N/A,とおまわり,とおまわり,Đường Vòng,
遠慮,vocab,59,"遠,慮",N/A,N/A,N/A,N/A,えんりょ,えんりょ,Kiềm Chế,Hạn Chế
遠足,vocab,28,"遠,足",N/A,N/A,N/A,N/A,えんそく,えんそく,Tham Quan,Chuyến Đi Tham Quan
遠隔,vocab,65,"遠,隔",N/A,N/A,N/A,N/A,えんかく,えんかく,Xa,Từ Xa
遣る,vocab,51,遣,N/A,N/A,N/A,N/A,やる,やる,Làm,
適する,vocab,40,適,N/A,N/A,N/A,N/A,てきする,てきする,Thích Hợp,Phù Hợp
適切,vocab,40,"適,切",N/A,N/A,N/A,N/A,てきせつ,てきせつ,Thích Hợp,
適当,vocab,40,"適,当",N/A,N/A,N/A,N/A,てきとう,てきとう,Thích Hợp,"Phù Hợp, Hời Hợt, Bừa"
遭う,vocab,68,遭,N/A,N/A,N/A,N/A,あう,あう,Gặp Nạn,Gặp
遭難,vocab,68,"遭,難",N/A,N/A,N/A,N/A,そうなん,そうなん,Gặp Nạn,
遮る,vocab,68,遮,N/A,N/A,N/A,N/A,さえぎる,さえぎる,Chắn,Ngắt Lời
遮断器,vocab,68,"遮,断,器",N/A,N/A,N/A,N/A,しゃだんき,しゃだんき,Cầu Dao,
遮断機,vocab,68,"遮,断,機",N/A,N/A,N/A,N/A,しゃだんき,しゃだんき,Rào Chắn,
選ぶ,vocab,43,選,N/A,N/A,N/A,N/A,えらぶ,えらぶ,Chọn,
選手,vocab,43,"選,手",N/A,N/A,N/A,N/A,せんしゅ,せんしゅ,Tuyển Thủ,
選択,vocab,43,"選,択",N/A,N/A,N/A,N/A,せんたく,せんたく,Lựa Chọn,Chọn
選択肢,vocab,43,"選,択,肢",N/A,N/A,N/A,N/A,せんたくし,せんたくし,Lựa Chọn,
選挙,vocab,43,"選,挙",N/A,N/A,N/A,N/A,せんきょ,せんきょ,Bầu Cử,Tuyển Cử
遺伝,vocab,53,"遺,伝",N/A,N/A,N/A,N/A,いでん,いでん,Di Truyền,
遺体,vocab,53,"遺,体",N/A,N/A,N/A,N/A,いたい,いたい,Thi Thể,
遺産,vocab,53,"遺,産",N/A,N/A,N/A,N/A,いさん,いさん,Di Sản,
遺言,vocab,53,"遺,言",N/A,N/A,N/A,N/A,ゆいごん,ゆいごん,Di Chúc,
遺跡,vocab,53,"遺,跡",N/A,N/A,N/A,N/A,いせき,いせき,Di Tích,
避ける,vocab,35,避,N/A,N/A,N/A,N/A,さける,"さける, よける",Tránh,Né
避難,vocab,35,"避,難",N/A,N/A,N/A,N/A,ひなん,ひなん,Tị Nạn,
還元,vocab,68,"還,元",N/A,N/A,N/A,N/A,かんげん,かんげん,Trả Lại,
還暦,vocab,68,"還,暦",N/A,N/A,N/A,N/A,かんれき,かんれき,Kanreki,Sinh Nhật 60 Tuổi
邦人,vocab,43,"邦,人",N/A,N/A,N/A,N/A,ほうじん,ほうじん,Houjin,Người Nhật Sống Ở Nước Ngoài
邪魔,vocab,31,"邪,魔",N/A,N/A,N/A,N/A,じゃま,じゃま,Jama,"Làm Phiền, Cản Trở"
郊外,vocab,51,"郊,外",N/A,N/A,N/A,N/A,こうがい,こうがい,Ngoại Thành,
部下,vocab,52,"部,下",N/A,N/A,N/A,N/A,ぶか,ぶか,Cấp Dưới,
部分,vocab,6,"部,分",N/A,N/A,N/A,N/A,ぶぶん,ぶぶん,Phần,Bộ Phận
部屋,vocab,16,"部,屋",N/A,N/A,N/A,N/A,へや,へや,Căn Phòng,Phòng
部活,vocab,18,"部,活",N/A,N/A,N/A,N/A,ぶかつ,ぶかつ,Bukatsu,Hoạt Động Câu Lạc Bộ
部首,vocab,7,"部,首",N/A,N/A,N/A,N/A,ぶしゅ,ぶしゅ,Bushu,Bộ Thủ
郵便局,vocab,22,"郵,便,局",N/A,N/A,N/A,N/A,ゆうびんきょく,ゆうびんきょく,Bưu Điện,
郵送,vocab,22,"郵,送",N/A,N/A,N/A,N/A,ゆうそう,ゆうそう,Gửi Bưu Điện,
郷里,vocab,52,"郷,里",N/A,N/A,N/A,N/A,きょうり,きょうり,Quê Hương,Quê
都会,vocab,12,"都,会",N/A,N/A,N/A,N/A,とかい,とかい,Đô Thị,Thành Phố
都合,vocab,13,"都,合",N/A,N/A,N/A,N/A,つごう,つごう,Tiện,
都市,vocab,12,"都,市",N/A,N/A,N/A,N/A,とし,とし,Đô Thị,Thành Thị
都庁,vocab,12,"都,庁",N/A,N/A,N/A,N/A,とちょう,とちょう,Tochou,Tòa Thị Chính Toukyou
都道府県,vocab,27,"都,道,府,県",N/A,N/A,N/A,N/A,とどうふけん,とどうふけん,Todoufuken,
配る,vocab,54,配,N/A,N/A,N/A,N/A,くばる,くばる,Phân Phối,
配信,vocab,54,"配,信",N/A,N/A,N/A,N/A,はいしん,はいしん,Phát Sóng,Gửi Tin
配偶者,vocab,54,"配,偶,者",N/A,N/A,N/A,N/A,はいぐうしゃ,はいぐうしゃ,Chồng,Vợ
配慮,vocab,59,"配,慮",N/A,N/A,N/A,N/A,はいりょ,はいりょ,Quan Tâm,
配達,vocab,54,"配,達",N/A,N/A,N/A,N/A,はいたつ,はいたつ,Giao Hàng,
酒瓶,vocab,60,"酒,瓶",N/A,N/A,N/A,N/A,さかびん,さかびん,Chai Rượu,
酒蒸し,vocab,42,"酒,蒸",N/A,N/A,N/A,N/A,さかむし,さかむし,Hấp Rượu,
酔う,vocab,61,酔,N/A,N/A,N/A,N/A,よう,よう,Say,
酔っ払う,vocab,61,"酔,払",N/A,N/A,N/A,N/A,よっぱらう,よっぱらう,Say Rượu,
酢,vocab,65,酢,N/A,N/A,N/A,N/A,す,す,Giấm,
酢豚,vocab,65,"酢,豚",N/A,N/A,N/A,N/A,すぶた,すぶた,Subuta,Lợn Xào Chua Ngọt
酢飯,vocab,65,"酢,飯",N/A,N/A,N/A,N/A,すめし,すめし,Cơm Giấm,
酷い,vocab,68,酷,N/A,N/A,N/A,N/A,ひどい,ひどい,Tệ,"Tàn Nhẫn, Tàn Khốc"
酸っぱい,vocab,51,酸,N/A,N/A,N/A,N/A,すっぱい,すっぱい,Chua,
酸素,vocab,54,"酸,素",N/A,N/A,N/A,N/A,さんそ,さんそ,Oxygen,O
醜い,vocab,70,醜,N/A,N/A,N/A,N/A,みにくい,みにくい,Khó Coi,Xấu Xí
醤油,vocab,57,"醤,油",N/A,N/A,N/A,N/A,しょうゆ,しょうゆ,Xì Dầu,Nước Tương
釈明,vocab,62,"釈,明",N/A,N/A,N/A,N/A,しゃくめい,しゃくめい,Thanh Minh,
里子,vocab,30,"里,子",N/A,N/A,N/A,N/A,さとご,さとご,Con Nuôi,
里親,vocab,30,"里,親",N/A,N/A,N/A,N/A,さと,さと,Bố Mẹ Nuôi,
重い,vocab,11,重,N/A,N/A,N/A,N/A,おもい,おもい,Nặng,
重なる,vocab,12,重,N/A,N/A,N/A,N/A,かさなる,かさなる,Chồng Chất,
重ねる,vocab,12,重,N/A,N/A,N/A,N/A,かさねる,かさねる,Tích Lũy,
重傷,vocab,36,"重,傷",N/A,N/A,N/A,N/A,じゅうしょう,じゅうしょう,Thương Nặng,Trọng Thương
重力,vocab,11,"重,力",N/A,N/A,N/A,N/A,じゅうりょく,じゅうりょく,Trọng Lực,
重大,vocab,11,"重,大",N/A,N/A,N/A,N/A,じゅうだい,じゅうだい,Trọng Đại,
重複,vocab,45,"重,複",N/A,N/A,N/A,N/A,じゅうふく,じゅうふく,Trùng Lặp,
重要,vocab,11,"重,要",N/A,N/A,N/A,N/A,じゅうよう,じゅうよう,Trọng Yếu,
重視,vocab,11,"重,視",N/A,N/A,N/A,N/A,じゅうし,じゅうし,Coi Trọng,
重量,vocab,60,"重,量",N/A,N/A,N/A,N/A,じゅうりょう,じゅうりょう,Trọng Lượng,
野党,vocab,55,"野,党",N/A,N/A,N/A,N/A,やとう,やとう,Đảng Đối Lập,
野球,vocab,13,"野,球",N/A,N/A,N/A,N/A,やきゅう,やきゅう,Bóng Chày,
野生,vocab,13,"野,生",N/A,N/A,N/A,N/A,やせい,やせい,Hoang Dã,
野良,vocab,14,"野,良",N/A,N/A,N/A,N/A,のら,のら,Hoang,
野菜,vocab,59,"野,菜",N/A,N/A,N/A,N/A,やさい,やさい,Rau,
野郎,vocab,30,"野,郎",N/A,N/A,N/A,N/A,やろう,やろう,Thằng,
量,vocab,60,量,N/A,N/A,N/A,N/A,りょう,りょう,Lượng,
量る,vocab,60,量,N/A,N/A,N/A,N/A,はかる,はかる,Đo,Cân
金属,vocab,64,"金,属",N/A,N/A,N/A,N/A,きんぞく,きんぞく,Kim Loại,
金庫,vocab,21,"金,庫",N/A,N/A,N/A,N/A,きんこ,きんこ,Két Sắt,
金持ち,vocab,8,"金,持",N/A,N/A,N/A,N/A,かねもち,かねもち,Giàu,
金曜日,vocab,25,"金,曜",N/A,N/A,N/A,N/A,きんようび,きんようび,Thứ Sáu,
金欠,vocab,10,"金,欠",N/A,N/A,N/A,N/A,きんけつ,きんけつ,Thiếu Tiền,Hết Tiền
金色,vocab,8,"金,色",N/A,N/A,N/A,N/A,きんいろ,きんいろ,Màu Vàng,
金銭,vocab,63,"金,銭",N/A,N/A,N/A,N/A,きんせん,きんせん,Tiền,
金額,vocab,58,"金,額",N/A,N/A,N/A,N/A,きんがく,きんがく,Khoản Tiền,
金髪,vocab,26,"金,髪",N/A,N/A,N/A,N/A,きんぱつ,きんぱつ,Tóc Vàng,
金魚,vocab,24,"金,魚",N/A,N/A,N/A,N/A,きんぎょ,きんぎょ,Cá Vàng,
針,vocab,51,針,N/A,N/A,N/A,N/A,はり,はり,Kim,
針金,vocab,51,"針,金",N/A,N/A,N/A,N/A,はりがね,はりがね,Dây,Dây Kẽm
釣り,vocab,61,釣,N/A,N/A,N/A,N/A,つり,つり,Tiền Thừa,Câu Cá
釣り合う,vocab,61,"釣,合",N/A,N/A,N/A,N/A,つりあう,つりあう,Cân Bằng,"Cân Đối, Hợp"
釣る,vocab,61,釣,N/A,N/A,N/A,N/A,つる,つる,Câu Cá,
釣針,vocab,61,"釣,針",N/A,N/A,N/A,N/A,つりばり,つりばり,Móc Câu,Lưỡi Câu
鈍い,vocab,63,鈍,N/A,N/A,N/A,N/A,にぶい,"にぶい, のろい",Cùn,Chậm Hiểu
鈍感,vocab,63,"鈍,感",N/A,N/A,N/A,N/A,どんかん,どんかん,Không Nhạy Cảm,Không Tinh Tế
鈍角,vocab,63,"鈍,角",N/A,N/A,N/A,N/A,どんかく,どんかく,Góc Tù,
鈴,vocab,67,鈴,N/A,N/A,N/A,N/A,すず,すず,Chuông,Lục Lạc
鉄,vocab,44,鉄,N/A,N/A,N/A,N/A,てつ,てつ,Sắt,Thép
鉄板焼き,vocab,44,"鉄,板,焼",N/A,N/A,N/A,N/A,てっぱんやき,てっぱんやき,Teppanyaki,
鉄棒,vocab,48,"鉄,棒",N/A,N/A,N/A,N/A,てつぼう,てつぼう,Xà,Gậy Sắt
鉄橋,vocab,44,"鉄,橋",N/A,N/A,N/A,N/A,てっきょう,てっきょう,Cầu Sắt,
鉄砲,vocab,56,"鉄,砲",N/A,N/A,N/A,N/A,でっぽう,でっぽう,Súng,
鉄道,vocab,44,"鉄,道",N/A,N/A,N/A,N/A,てつどう,てつどう,Đường Sắt,
鉛,vocab,59,鉛,N/A,N/A,N/A,N/A,なまり,なまり,Chì,
鉛筆,vocab,59,"鉛,筆",N/A,N/A,N/A,N/A,えんぴつ,えんぴつ,Bút Chì,
鉢,vocab,50,鉢,N/A,N/A,N/A,N/A,はち,はち,Chậu,
鉢巻,vocab,50,"鉢,巻",N/A,N/A,N/A,N/A,はちまき,はちまき,Hachimaki,
鉢植え,vocab,50,"鉢,植",N/A,N/A,N/A,N/A,はちうえ,はちうえ,Chậu Cây,
鉱山,vocab,51,"鉱,山",N/A,N/A,N/A,N/A,こうざん,こうざん,Mỏ,
鉱業,vocab,51,"鉱,業",N/A,N/A,N/A,N/A,こうぎょう,こうぎょう,Kougyou,Công Nghiệp Khai Khoáng
鉱物,vocab,51,"鉱,物",N/A,N/A,N/A,N/A,こうぶつ,こうぶつ,Khoáng Vật,
銀,vocab,26,銀,N/A,N/A,N/A,N/A,ぎん,ぎん,Bạc,
銀河,vocab,26,"銀,河",N/A,N/A,N/A,N/A,ぎんが,ぎんが,Ngân Hà,
銀行,vocab,26,"銀,行",N/A,N/A,N/A,N/A,ぎんこう,ぎんこう,Ngân Hàng,
銃,vocab,43,銃,N/A,N/A,N/A,N/A,じゅう,じゅう,Súng,
銃弾,vocab,43,"銃,弾",N/A,N/A,N/A,N/A,じゅうだん,じゅうだん,Đạn,
銅メダル,vocab,45,銅,N/A,N/A,N/A,N/A,どうめだる,どうめだる,Huy Chương Đồng,
銅像,vocab,45,"銅,像",N/A,N/A,N/A,N/A,どうぞう,どうぞう,Tượng Đồng,
銭,vocab,63,銭,N/A,N/A,N/A,N/A,ぜに,ぜに,Xu,Tiền
銭湯,vocab,63,"銭,湯",N/A,N/A,N/A,N/A,せんとう,せんとう,Sentou,Nhà Tắm Công Cộng
鋭い,vocab,63,鋭,N/A,N/A,N/A,N/A,するどい,するどい,Sắc,Nhọn
鋭角,vocab,63,"鋭,角",N/A,N/A,N/A,N/A,えいかく,えいかく,Góc Nhọn,
錠,vocab,70,錠,N/A,N/A,N/A,N/A,じょう,じょう,Ổ Khóa,
錯覚,vocab,46,"錯,覚",N/A,N/A,N/A,N/A,さっかく,さっかく,Ảo Giác,Nhầm Tưởng
錯誤,vocab,46,"錯,誤",N/A,N/A,N/A,N/A,さくご,さくご,Sai Lầm,
録画,vocab,40,"録,画",N/A,N/A,N/A,N/A,ろくが,ろくが,Ghi Hình,
録音,vocab,40,"録,音",N/A,N/A,N/A,N/A,ろくおん,ろくおん,Ghi Âm,
鍋,vocab,69,鍋,N/A,N/A,N/A,N/A,なべ,なべ,Nồi,
鍋敷き,vocab,69,"鍋,敷",N/A,N/A,N/A,N/A,なべしき,なべしき,Lót Nồi,
鍵,vocab,70,鍵,N/A,N/A,N/A,N/A,かぎ,かぎ,Khóa,Chìa Khóa
鍵穴,vocab,70,"鍵,穴",N/A,N/A,N/A,N/A,かぎあな,かぎあな,Lỗ Khóa,Ổ Khóa
鎌,vocab,67,鎌,N/A,N/A,N/A,N/A,かま,かま,Liềm,
鎌倉市,vocab,67,"鎌,倉,市",N/A,N/A,N/A,N/A,かまくらし,かまくらし,Kamakurashi,Thành Phố Kamakura
鎖,vocab,51,鎖,N/A,N/A,N/A,N/A,くさり,くさり,Xích,
鎮まる,vocab,65,鎮,N/A,N/A,N/A,N/A,しずまる,しずまる,Dịu,Nguôi
鎮める,vocab,65,鎮,N/A,N/A,N/A,N/A,しずめる,しずめる,Trấn Áp,Làm Dịu
鎮圧,vocab,65,"鎮,圧",N/A,N/A,N/A,N/A,ちんあつ,ちんあつ,Trấn Áp,Khống Chế
鎮痛剤,vocab,65,"鎮,痛,剤",N/A,N/A,N/A,N/A,ちんつうざい,ちんつうざい,Thuốc Giảm Đau,
鏡,vocab,29,鏡,N/A,N/A,N/A,N/A,かがみ,かがみ,Gương,
鑑定,vocab,47,"鑑,定",N/A,N/A,N/A,N/A,かんてい,かんてい,Giám Định,
鑑賞,vocab,47,"鑑,賞",N/A,N/A,N/A,N/A,かんしょう,かんしょう,Thưởng Thức,
長い,vocab,6,長,N/A,N/A,N/A,N/A,ながい,ながい,Dài,
長寿,vocab,19,"長,寿",N/A,N/A,N/A,N/A,ちょうじゅ,ちょうじゅ,Trường Thọ,
長崎県,vocab,62,"長,崎,県",N/A,N/A,N/A,N/A,ながさきけん,ながさきけん,Nagasakiken,Tỉnh Nagasaki
長所,vocab,6,"長,所",N/A,N/A,N/A,N/A,ちょうしょ,ちょうしょ,Sở Trường,Ưu Điểm
長期,vocab,9,"長,期",N/A,N/A,N/A,N/A,ちょうき,ちょうき,Dài Hạn,Trường Kỳ
長生き,vocab,6,"長,生",N/A,N/A,N/A,N/A,ながいき,ながいき,Sống Lâu,
長袖,vocab,55,"長,袖",N/A,N/A,N/A,N/A,ながそで,ながそで,Dài Tay,
門,vocab,48,門,N/A,N/A,N/A,N/A,もん,もん,Cổng,
閉じる,vocab,8,閉,N/A,N/A,N/A,N/A,とじる,とじる,Đóng,
閉まる,vocab,7,閉,N/A,N/A,N/A,N/A,しまる,しまる,Đóng,
閉める,vocab,7,閉,N/A,N/A,N/A,N/A,しめる,しめる,Đóng,
閉会,vocab,7,"閉,会",N/A,N/A,N/A,N/A,へいかい,へいかい,Bế Mạc,
閉鎖,vocab,51,"閉,鎖",N/A,N/A,N/A,N/A,へいさ,へいさ,Phong Tỏa,
開く,vocab,7,開,N/A,N/A,N/A,N/A,あく,あく,Mở,
開ける,vocab,7,開,N/A,N/A,N/A,N/A,あける,あける,Mở,
開催,vocab,52,"開,催",N/A,N/A,N/A,N/A,かいさい,かいさい,Tổ Chức,
開始,vocab,7,"開,始",N/A,N/A,N/A,N/A,かいし,かいし,Bắt Đầu,
開幕,vocab,36,"開,幕",N/A,N/A,N/A,N/A,かいまく,かいまく,Khai Mạc,
開発,vocab,14,"開,発",N/A,N/A,N/A,N/A,かいはつ,かいはつ,Phát Triển,
開花,vocab,51,"開,花",N/A,N/A,N/A,N/A,かいか,かいか,Khai Hoa,"Khai Phá, Nở Rộ"
間,vocab,10,間,N/A,N/A,N/A,N/A,あいだ,"あいだ, ま",Khoảng,
間に合う,vocab,10,"間,合",N/A,N/A,N/A,N/A,まにあう,まにあう,Kịp,
間抜け,vocab,38,"間,抜",N/A,N/A,N/A,N/A,まぬけ,まぬけ,Ngu Ngốc,Đồ Ngốc
間接,vocab,52,"間,接",N/A,N/A,N/A,N/A,かんせつ,かんせつ,Gián Tiếp,
間違う,vocab,26,"間,違",N/A,N/A,N/A,N/A,まちがう,まちがう,Nhầm,
間違える,vocab,26,"間,違",N/A,N/A,N/A,N/A,まちがえる,まちがえる,Nhầm,
間隔,vocab,65,"間,隔",N/A,N/A,N/A,N/A,かんかく,かんかく,Cứ,Khoảng Cách
関する,vocab,21,関,N/A,N/A,N/A,N/A,かんする,かんする,Liên Quan,
関わる,vocab,22,関,N/A,N/A,N/A,N/A,かかわる,かかわる,Liên Quan,Dính Líu
関係,vocab,21,"関,係",N/A,N/A,N/A,N/A,かんけい,かんけい,Quan Hệ,Liên Quan
関心,vocab,21,"関,心",N/A,N/A,N/A,N/A,かんしん,かんしん,Quan Tâm,Để Tâm
関西,vocab,21,"関,西",N/A,N/A,N/A,N/A,かんさい,かんさい,Kansai,
関連,vocab,32,"関,連",N/A,N/A,N/A,N/A,かんれん,かんれん,Liên Quan,
闇,vocab,41,闇,N/A,N/A,N/A,N/A,やみ,やみ,Bóng Tối,
闇黒,vocab,41,"闇,黒",N/A,N/A,N/A,N/A,あんこく,あんこく,Bóng Tối,
闘志,vocab,40,"闘,志",N/A,N/A,N/A,N/A,とうし,とうし,Ý Chí,Ý Chí Chiến Đấu
防ぐ,vocab,13,防,N/A,N/A,N/A,N/A,ふせぐ,ふせぐ,Phòng Ngừa,
防止,vocab,13,"防,止",N/A,N/A,N/A,N/A,ぼうし,ぼうし,Phòng Chống,
防犯,vocab,25,"防,犯",N/A,N/A,N/A,N/A,ぼうはん,ぼうはん,Giám Sát,Phòng Chống Tội Phạm
防衛,vocab,26,"防,衛",N/A,N/A,N/A,N/A,ぼうえい,ぼうえい,Phòng Vệ,
降りる,vocab,30,降,N/A,N/A,N/A,N/A,おりる,おりる,Đi Xuống,Xuống
降り口,vocab,30,"降,口",N/A,N/A,N/A,N/A,おりぐち,おりぐち,Cửa Xuống,
降る,vocab,30,降,N/A,N/A,N/A,N/A,ふる,ふる,Rơi,
降伏,vocab,30,"降,伏",N/A,N/A,N/A,N/A,こうふく,こうふく,Đầu Hàng,
降参,vocab,30,"降,参",N/A,N/A,N/A,N/A,こうさん,こうさん,Đầu Hàng,
降水量,vocab,60,"降,水,量",N/A,N/A,N/A,N/A,こうすいりょう,こうすいりょう,Lượng Nước Mưa,
限る,vocab,12,限,N/A,N/A,N/A,N/A,かぎる,かぎる,Giới Hạn,
限度,vocab,12,"限,度",N/A,N/A,N/A,N/A,げんど,げんど,Giới Hạn,
限界,vocab,12,"限,界",N/A,N/A,N/A,N/A,げんかい,げんかい,Giới Hạn,
除く,vocab,20,除,N/A,N/A,N/A,N/A,のぞく,のぞく,Ngoại Trừ,Loại Bỏ
陥る,vocab,58,陥,N/A,N/A,N/A,N/A,おちいる,おちいる,Rơi Vào,
陰,vocab,61,陰,N/A,N/A,N/A,N/A,かげ,かげ,Bóng,
陰キャ,vocab,61,陰,N/A,N/A,N/A,N/A,いんきゃ,いんきゃ,Inkya,Người Hướng Nội
陰気,vocab,61,"陰,気",N/A,N/A,N/A,N/A,いんき,いんき,Ảm Đạm,
陰謀,vocab,61,"陰,謀",N/A,N/A,N/A,N/A,いんぼう,いんぼう,Âm Mưu,
陳列,vocab,42,"陳,列",N/A,N/A,N/A,N/A,ちんれつ,ちんれつ,Trưng Bày,
陳腐,vocab,42,"陳,腐",N/A,N/A,N/A,N/A,ちんぷ,ちんぷ,Sáo Mòn,Sáo Rỗng
陳述,vocab,42,"陳,述",N/A,N/A,N/A,N/A,ちんじゅつ,ちんじゅつ,Trần Thuật,
陸軍,vocab,39,"陸,軍",N/A,N/A,N/A,N/A,りくぐん,りくぐん,Lục Quân,
険しい,vocab,44,険,N/A,N/A,N/A,N/A,けわしい,けわしい,Hiểm Trở,Hung Dữ
陽キャ,vocab,23,陽,N/A,N/A,N/A,N/A,ようきゃ,ようきゃ,Youkya,Người Hướng Ngoại
陽気,vocab,23,"陽,気",N/A,N/A,N/A,N/A,ようき,ようき,Cởi Mở,Vui Vẻ
隅,vocab,64,隅,N/A,N/A,N/A,N/A,すみ,すみ,Góc,
隅々,vocab,64,"隅,々",N/A,N/A,N/A,N/A,すみずみ,すみずみ,Ngóc Ngách,Mọi Ngóc Ngách
階段,vocab,23,"階,段",N/A,N/A,N/A,N/A,かいだん,かいだん,Cầu Thang,
階級,vocab,52,"階,級",N/A,N/A,N/A,N/A,かいきゅう,かいきゅう,Cấp Bậc,Giai Cấp
随分,vocab,65,"随,分",N/A,N/A,N/A,N/A,ずいぶん,ずいぶん,Khá,Tương Đối
随時,vocab,65,"随,時",N/A,N/A,N/A,N/A,ずいじ,ずいじ,Mọi Lúc,Bất Cứ Lúc Nào
随筆,vocab,65,"随,筆",N/A,N/A,N/A,N/A,ずいひつ,ずいひつ,Tùy Bút,
隔てる,vocab,65,隔,N/A,N/A,N/A,N/A,へだてる,へだてる,Cách,Ngăn Cách
隔週,vocab,65,"隔,週",N/A,N/A,N/A,N/A,かくしゅう,かくしゅう,Cách Tuần,
隙,vocab,66,隙,N/A,N/A,N/A,N/A,すき,すき,Khe Hở,
隙間,vocab,66,"隙,間",N/A,N/A,N/A,N/A,すきま,すきま,Khe Hở,Khoảng Trống
際,vocab,58,際,N/A,N/A,N/A,N/A,さい,さい,Dịp,Khi
際限,vocab,58,"際,限",N/A,N/A,N/A,N/A,さいげん,さいげん,Giới Hạn,
障る,vocab,52,障,N/A,N/A,N/A,N/A,さわる,さわる,Có Hại,Chướng
障害,vocab,52,"障,害",N/A,N/A,N/A,N/A,しょうがい,しょうがい,Chướng Ngại,Khuyết Tật
隠す,vocab,65,隠,N/A,N/A,N/A,N/A,かくす,かくす,Giấu,
隠れる,vocab,65,隠,N/A,N/A,N/A,N/A,かくれる,かくれる,Trốn,
隠居,vocab,65,"隠,居",N/A,N/A,N/A,N/A,いんきょ,いんきょ,Ẩn Cư,Về Hưu Ở Ẩn
隣,vocab,37,隣,N/A,N/A,N/A,N/A,となり,となり,Bên Cạnh,
隣人,vocab,37,"隣,人",N/A,N/A,N/A,N/A,りんじん,りんじん,Hàng Xóm,
隣国,vocab,37,"隣,国",N/A,N/A,N/A,N/A,りんごく,りんごく,Nước Láng Giềng,
雄,vocab,31,雄,N/A,N/A,N/A,N/A,おす,おす,Đực,
集まる,vocab,13,集,N/A,N/A,N/A,N/A,あつまる,あつまる,Tập Hợp,
集める,vocab,13,集,N/A,N/A,N/A,N/A,あつめる,あつめる,Thu Thập,
集中,vocab,13,"集,中",N/A,N/A,N/A,N/A,しゅうちゅう,しゅうちゅう,Tập Trung,
集中力,vocab,30,"集,中,力",N/A,N/A,N/A,N/A,しゅうちゅうりょく,しゅうちゅうりょく,Sự Tập Trung,
集合,vocab,13,"集,合",N/A,N/A,N/A,N/A,しゅうごう,しゅうごう,Tập Hợp,
集団,vocab,13,"集,団",N/A,N/A,N/A,N/A,しゅうだん,しゅうだん,Tập Thể,Nhóm
雇う,vocab,64,雇,N/A,N/A,N/A,N/A,やとう,やとう,Thuê,Tuyển
雇用,vocab,64,"雇,用",N/A,N/A,N/A,N/A,こよう,こよう,Tuyển Dụng,
雌,vocab,31,雌,N/A,N/A,N/A,N/A,めす,めす,Cái,
雌猫,vocab,31,"雌,猫",N/A,N/A,N/A,N/A,めすねこ,めすねこ,Mèo Cái,
雑巾,vocab,45,"雑,巾",N/A,N/A,N/A,N/A,ぞうきん,ぞうきん,Giẻ,
雑誌,vocab,45,"雑,誌",N/A,N/A,N/A,N/A,ざっし,ざっし,Tạp Chí,
雑談,vocab,45,"雑,談",N/A,N/A,N/A,N/A,ざつだん,ざつだん,Tán Gẫu,
雑貨,vocab,59,"雑,貨",N/A,N/A,N/A,N/A,ざっか,ざっか,Tạp Hóa,
雑音,vocab,45,"雑,音",N/A,N/A,N/A,N/A,ざつおん,ざつおん,Tạp Âm,
雑魚,vocab,46,"雑,魚",N/A,N/A,N/A,N/A,ざこ,ざこ,Zako,"Nhãi Nhép, Tép Riu"
離す,vocab,47,離,N/A,N/A,N/A,N/A,はなす,はなす,Buông,Tách
離れる,vocab,47,離,N/A,N/A,N/A,N/A,はなれる,はなれる,Rời Xa,Cách Xa
離婚,vocab,47,"離,婚",N/A,N/A,N/A,N/A,りこん,りこん,Ly Hôn,
難い,vocab,23,難,N/A,N/A,N/A,N/A,にくい,にくい,Khó,
難しい,vocab,23,難,N/A,N/A,N/A,N/A,むずかしい,むずかしい,Khó,
難易度,vocab,23,"難,易,度",N/A,N/A,N/A,N/A,なんいど,なんいど,Độ Khó,
雨,vocab,5,雨,N/A,N/A,N/A,N/A,あめ,あめ,Mưa,
雨天,vocab,5,"雨,天",N/A,N/A,N/A,N/A,うてん,うてん,Trời Mưa,
雨季,vocab,18,"雨,季",N/A,N/A,N/A,N/A,うき,うき,Mùa Mưa,
雨戸,vocab,5,"雨,戸",N/A,N/A,N/A,N/A,あまど,あまど,Cửa Chớp,
雨漏り,vocab,68,"雨,漏",N/A,N/A,N/A,N/A,あまもり,あまもり,Dột,
雪,vocab,38,雪,N/A,N/A,N/A,N/A,ゆき,ゆき,Tuyết,
雰囲気,vocab,34,"雰,囲,気",N/A,N/A,N/A,N/A,ふんいき,ふんいき,Bầu Không Khí,
雲,vocab,41,雲,N/A,N/A,N/A,N/A,くも,くも,Mây,
雲行き,vocab,41,"雲,行",N/A,N/A,N/A,N/A,くもゆき,くもゆき,Tình Hình,Trời
零,vocab,66,零,N/A,N/A,N/A,N/A,れい,れい,Không,
零す,vocab,66,零,N/A,N/A,N/A,N/A,こぼす,こぼす,Làm Đổ,
雷,vocab,67,雷,N/A,N/A,N/A,N/A,かみなり,かみなり,Sấm,Sấm Sét
雷雨,vocab,67,"雷,雨",N/A,N/A,N/A,N/A,らいう,らいう,Lôi Vũ,"Dông Bão, Mưa Dông"
電卓,vocab,29,"電,卓",N/A,N/A,N/A,N/A,でんたく,でんたく,Máy Tính,Máy Tính Cầm Tay
電柱,vocab,29,"電,柱",N/A,N/A,N/A,N/A,でんちゅう,でんちゅう,Cột Điện,
電気,vocab,14,"電,気",N/A,N/A,N/A,N/A,でんき,でんき,Điện,
電気柵,vocab,53,"電,気,柵",N/A,N/A,N/A,N/A,でんきさく,でんきさく,Hàng Rào Điện,
電池,vocab,20,"電,池",N/A,N/A,N/A,N/A,でんち,でんち,Pin,
電波,vocab,34,"電,波",N/A,N/A,N/A,N/A,でんぱ,でんぱ,Denpa,"Sóng Điện Thoại, Sóng Vô Tuyến"
電源,vocab,66,"電,源",N/A,N/A,N/A,N/A,でんげん,でんげん,Nguồn Điện,Nguồn
電灯,vocab,35,"電,灯",N/A,N/A,N/A,N/A,でんとう,でんとう,Đèn Điện,
電球,vocab,14,"電,球",N/A,N/A,N/A,N/A,でんきゅう,でんきゅう,Bóng Đèn,Bóng Điện
電話,vocab,14,"電,話",N/A,N/A,N/A,N/A,でんわ,でんわ,Điện Thoại,
電車,vocab,14,"電,車",N/A,N/A,N/A,N/A,でんしゃ,でんしゃ,Tàu Điện,
需要,vocab,40,"需,要",N/A,N/A,N/A,N/A,じゅよう,じゅよう,Nhu Cầu,
震える,vocab,36,震,N/A,N/A,N/A,N/A,ふるえる,ふるえる,Rung,Run Rẩy
震度,vocab,36,"震,度",N/A,N/A,N/A,N/A,しんど,しんど,Độ Địa Chấn,
霊園,vocab,54,"霊,園",N/A,N/A,N/A,N/A,れいえん,れいえん,Nghĩa Trang,
霊魂,vocab,54,"霊,魂",N/A,N/A,N/A,N/A,れいこん,れいこん,Linh Hồn,
霧,vocab,69,霧,N/A,N/A,N/A,N/A,きり,きり,Sương Mù,
霧雨,vocab,69,"霧,雨",N/A,N/A,N/A,N/A,きりさめ,きりさめ,Mưa Phùn,
露,vocab,60,露,N/A,N/A,N/A,N/A,つゆ,つゆ,Giọt Sương,
露店,vocab,60,"露,店",N/A,N/A,N/A,N/A,ろてん,ろてん,Roten,"Sạp Hàng, Quầy Hàng Rong"
露骨,vocab,60,"露,骨",N/A,N/A,N/A,N/A,ろこつ,ろこつ,Ra Mặt,Một Cách Lộ Liễu
青,vocab,8,青,N/A,N/A,N/A,N/A,あお,あお,Xanh,
青い,vocab,8,青,N/A,N/A,N/A,N/A,あおい,あおい,Xanh,
青年,vocab,8,"青,年",N/A,N/A,N/A,N/A,せいねん,せいねん,Thanh Niên,
青春,vocab,17,"青,春",N/A,N/A,N/A,N/A,せいしゅん,せいしゅん,Thanh Xuân,
青森市,vocab,8,"青,森,市",N/A,N/A,N/A,N/A,あおもりし,あおもりし,Aomorishi,Thành Phố Aomori
青臭い,vocab,29,"青,臭",N/A,N/A,N/A,N/A,あおくさい,あおくさい,Non Nớt,
青色,vocab,8,"青,色",N/A,N/A,N/A,N/A,あおいろ,あおいろ,Màu Xanh,
青銅,vocab,45,"青,銅",N/A,N/A,N/A,N/A,せいどう,せいどう,Đồng,
静か,vocab,21,静,N/A,N/A,N/A,N/A,しずか,しずか,Yên Tĩnh,
静まる,vocab,21,静,N/A,N/A,N/A,N/A,しずまる,しずまる,Yên Tĩnh,Dịu Đi
静寂,vocab,61,"静,寂",N/A,N/A,N/A,N/A,せいじゃく,せいじゃく,Yên Lặng,
静岡県,vocab,49,"静,岡,県",N/A,N/A,N/A,N/A,しずおかけん,しずおかけん,Shizuokaken,Tỉnh Shizuoka
非公式,vocab,23,"非,公,式",N/A,N/A,N/A,N/A,ひこうしき,ひこうしき,Không Chính Thức,
非常,vocab,23,"非,常",N/A,N/A,N/A,N/A,ひじょう,ひじょう,Khẩn Cấp,
非常に,vocab,23,"非,常",N/A,N/A,N/A,N/A,ひじょうに,ひじょうに,Rất,Cực Kỳ
非常口,vocab,23,"非,常,口",N/A,N/A,N/A,N/A,ひじょうぐち,ひじょうぐち,Cửa Thoát Hiểm,
非常識,vocab,32,"非,常,識",N/A,N/A,N/A,N/A,ひじょうしき,ひじょうしき,Vô Ý Thức,
非難,vocab,23,"非,難",N/A,N/A,N/A,N/A,ひなん,ひなん,Chỉ Trích,
面倒,vocab,29,"面,倒",N/A,N/A,N/A,N/A,めんどう,めんどう,Phiền Phức,
面接,vocab,52,"面,接",N/A,N/A,N/A,N/A,めんせつ,めんせつ,Phỏng Vấn,
面白い,vocab,22,"面,白",N/A,N/A,N/A,N/A,おもしろい,おもしろい,Thú Vị,
面積,vocab,35,"面,積",N/A,N/A,N/A,N/A,めんせき,めんせき,Diện Tích,
革,vocab,23,革,N/A,N/A,N/A,N/A,かわ,かわ,Da,
革命,vocab,23,"革,命",N/A,N/A,N/A,N/A,かくめい,かくめい,Cách Mạng,
靴,vocab,24,靴,N/A,N/A,N/A,N/A,くつ,くつ,Giày,
靴の紐,vocab,24,"靴,紐",N/A,N/A,N/A,N/A,くつのひも,くつのひも,Dây Giầy,
靴下,vocab,24,"靴,下",N/A,N/A,N/A,N/A,くつした,くつした,Tất,
韓国,vocab,26,"韓,国",N/A,N/A,N/A,N/A,かんこく,かんこく,Hàn Quốc,
音,vocab,9,音,N/A,N/A,N/A,N/A,おと,おと,Tiếng,Âm Thanh
音声,vocab,9,"音,声",N/A,N/A,N/A,N/A,おんせい,おんせい,Âm Thanh,
音楽,vocab,15,"音,楽",N/A,N/A,N/A,N/A,おんがく,おんがく,Âm Nhạc,
音読み,vocab,13,"音,読",N/A,N/A,N/A,N/A,おんよみ,おんよみ,Onyomi,
響く,vocab,31,響,N/A,N/A,N/A,N/A,ひびく,ひびく,Vang,Vọng
頂く,vocab,58,頂,N/A,N/A,N/A,N/A,いただく,いただく,Nhận,
頂上,vocab,58,"頂,上",N/A,N/A,N/A,N/A,ちょうじょう,ちょうじょう,Đỉnh,
頂戴,vocab,58,"頂,戴",N/A,N/A,N/A,N/A,ちょうだい,ちょうだい,Choudai,"Xin, Nhận"
頂点,vocab,58,"頂,点",N/A,N/A,N/A,N/A,ちょうてん,ちょうてん,Đỉnh,Đỉnh Điểm
頃,vocab,58,頃,N/A,N/A,N/A,N/A,ころ,"ころ, ごろ",Khoảng,
項目,vocab,65,"項,目",N/A,N/A,N/A,N/A,こうもく,こうもく,Hạng Mục,
順位,vocab,37,"順,位",N/A,N/A,N/A,N/A,じゅんい,じゅんい,Thứ Hạng,
順序,vocab,38,"順,序",N/A,N/A,N/A,N/A,じゅんじょ,じゅんじょ,Trình Tự,
順番,vocab,37,"順,番",N/A,N/A,N/A,N/A,じゅんばん,じゅんばん,Thứ Tự,
順調,vocab,37,"順,調",N/A,N/A,N/A,N/A,じゅんちょう,じゅんちょう,Thuận Lợi,
順路,vocab,37,"順,路",N/A,N/A,N/A,N/A,じゅんろ,じゅんろ,Lộ Trình,
預かる,vocab,66,預,N/A,N/A,N/A,N/A,あずかる,あずかる,Giữ Hộ,Trông
預ける,vocab,66,預,N/A,N/A,N/A,N/A,あずける,あずける,Gửi,"Nhờ Giữ Hộ, Nhờ Trông"
預金,vocab,66,"預,金",N/A,N/A,N/A,N/A,よきん,よきん,Tiền Gửi,
頑丈,vocab,49,"頑,丈",N/A,N/A,N/A,N/A,がんじょう,がんじょう,Vững Chắc,
頑固,vocab,49,"頑,固",N/A,N/A,N/A,N/A,がんこ,がんこ,Ngoan Cố,Bảo Thủ
頑張る,vocab,49,"頑,張",N/A,N/A,N/A,N/A,がんばる,がんばる,Cố Gắng,
領収書,vocab,27,"領,収,書",N/A,N/A,N/A,N/A,りょうしゅうしょ,りょうしゅうしょ,Biên Lai,
領土,vocab,22,"領,土",N/A,N/A,N/A,N/A,りょうど,りょうど,Lãnh Thổ,
領域,vocab,24,"領,域",N/A,N/A,N/A,N/A,りょういき,りょういき,Lĩnh Vực,Lãnh Thổ
頬,vocab,54,頬,N/A,N/A,N/A,N/A,ほお,"ほお, ほほ",Má,
頬っぺた,vocab,54,頬,N/A,N/A,N/A,N/A,ほっぺた,ほっぺた,Má,
頭,vocab,35,頭,N/A,N/A,N/A,N/A,あたま,あたま,Đầu,
頭痛,vocab,35,"頭,痛",N/A,N/A,N/A,N/A,ずつう,ずつう,Đau Đầu,
頭脳,vocab,35,"頭,脳",N/A,N/A,N/A,N/A,ずのう,ずのう,Bộ Não,Đầu Óc
頷く,vocab,66,頷,N/A,N/A,N/A,N/A,うなずく,うなずく,Gật Đầu,
頻りに,vocab,48,頻,N/A,N/A,N/A,N/A,しきりに,しきりに,Liên Tục,
頻度,vocab,48,"頻,度",N/A,N/A,N/A,N/A,ひんど,ひんど,Tần Suất,
頻繁,vocab,48,"頻,繁",N/A,N/A,N/A,N/A,ひんぱん,ひんぱん,Thường Xuyên,
頼む,vocab,48,頼,N/A,N/A,N/A,N/A,たのむ,たのむ,Xin,"Nhờ, Gọi Món"
頼る,vocab,48,頼,N/A,N/A,N/A,N/A,たよる,たよる,Dựa Vào,Phụ Thuộc
額,vocab,58,額,N/A,N/A,N/A,N/A,がく,"がく, ひたい",Khoản Tiền,"Khung Tranh, Trán"
顔,vocab,13,顔,N/A,N/A,N/A,N/A,かお,かお,Mặt,
顔文字,vocab,13,"顔,文,字",N/A,N/A,N/A,N/A,かおもじ,かおもじ,Kaomoji,
顔色,vocab,13,"顔,色",N/A,N/A,N/A,N/A,かおいろ,"かおいろ, がんしょく",Nhan Sắc,
顕微鏡,vocab,66,"顕,微,鏡",N/A,N/A,N/A,N/A,けんびきょう,けんびきょう,Kính Hiển Vi,
願う,vocab,48,願,N/A,N/A,N/A,N/A,ねがう,ねがう,Cầu Mong,
願望,vocab,48,"願,望",N/A,N/A,N/A,N/A,がんぼう,がんぼう,Nguyện Vọng,
顧みる,vocab,68,顧,N/A,N/A,N/A,N/A,かえりみる,かえりみる,Nhìn Lại,
顧客,vocab,68,"顧,客",N/A,N/A,N/A,N/A,こきゃく,こきゃく,Khách Hàng,
風,vocab,14,風,N/A,N/A,N/A,N/A,かぜ,かぜ,Gió,
風呂,vocab,16,"風,呂",N/A,N/A,N/A,N/A,ふろ,ふろ,Bồn Tắm,
風呂場,vocab,16,"風,呂,場",N/A,N/A,N/A,N/A,ふろば,ふろば,Phòng Tắm,
風呂屋,vocab,16,"風,呂,屋",N/A,N/A,N/A,N/A,ふろや,ふろや,Furoya,Nhà Tắm Công Cộng
風景,vocab,63,"風,景",N/A,N/A,N/A,N/A,ふうけい,ふうけい,Phong Cảnh,
風潮,vocab,69,"風,潮",N/A,N/A,N/A,N/A,ふうちょう,ふうちょう,Xu Hướng,Phong Trào
風船,vocab,42,"風,船",N/A,N/A,N/A,N/A,ふうせん,ふうせん,Bóng Bay,
風車,vocab,58,"風,車",N/A,N/A,N/A,N/A,ふうしゃ,"ふうしゃ, かざぐるま",Cối Xay Gió,Chong Chóng
風邪,vocab,31,"風,邪",N/A,N/A,N/A,N/A,かぜ,かぜ,Cảm Lạnh,Cảm
風邪薬,vocab,31,"風,邪,薬",N/A,N/A,N/A,N/A,かぜぐすり,かぜぐすり,Thuốc Cảm,
飛ばす,vocab,35,飛,N/A,N/A,N/A,N/A,とばす,とばす,Làm Bay,
飛ぶ,vocab,35,飛,N/A,N/A,N/A,N/A,とぶ,とぶ,Bay,
飛行機,vocab,35,"飛,行,機",N/A,N/A,N/A,N/A,ひこうき,ひこうき,Máy Bay,
飛躍,vocab,47,"飛,躍",N/A,N/A,N/A,N/A,ひやく,ひやく,Nhảy Vọt,"Đột Phá, Bước Tiến"
食う,vocab,14,食,N/A,N/A,N/A,N/A,くう,くう,Ăn,
食べる,vocab,14,食,N/A,N/A,N/A,N/A,たべる,たべる,Ăn,
食べ物,vocab,14,"食,物",N/A,N/A,N/A,N/A,たべもの,たべもの,Đồ Ăn,
食事,vocab,14,"食,事",N/A,N/A,N/A,N/A,しょくじ,しょくじ,Bữa Ăn,
食卓,vocab,29,"食,卓",N/A,N/A,N/A,N/A,しょくたく,しょくたく,Bàn Ăn,
食品,vocab,14,"食,品",N/A,N/A,N/A,N/A,しょくひん,しょくひん,Thực Phẩm,
食器,vocab,15,"食,器",N/A,N/A,N/A,N/A,しょっき,しょっき,Bát Đĩa,Dụng Cụ Ăn Uống
食堂,vocab,22,"食,堂",N/A,N/A,N/A,N/A,しょくどう,しょくどう,Nhà Ăn,
食料,vocab,17,"食,料",N/A,N/A,N/A,N/A,しょくりょう,しょくりょう,Thực Phẩm,
食欲,vocab,32,"食,欲",N/A,N/A,N/A,N/A,しょくよく,しょくよく,Sự Thèm Ăn,
食糧,vocab,67,"食,糧",N/A,N/A,N/A,N/A,しょくりょう,しょくりょう,Lương Thực,
飢える,vocab,57,飢,N/A,N/A,N/A,N/A,うえる,うえる,Đói,
飢え死に,vocab,57,"飢,死",N/A,N/A,N/A,N/A,うえじに,うえじに,Chết Đói,
飢餓,vocab,57,"飢,餓",N/A,N/A,N/A,N/A,きが,きが,Nạn Đói,Sự Đói
飯,vocab,22,飯,N/A,N/A,N/A,N/A,めし,めし,Cơm,Bữa Ăn
飲み放題,vocab,21,"飲,放,題",N/A,N/A,N/A,N/A,のみほうだい,のみほうだい,Uống Thỏa Thích,
飲み物,vocab,16,"飲,物",N/A,N/A,N/A,N/A,のみもの,のみもの,Đồ Uống,
飲む,vocab,16,飲,N/A,N/A,N/A,N/A,のむ,のむ,Uống,
飲酒,vocab,16,"飲,酒",N/A,N/A,N/A,N/A,いんしゅ,いんしゅ,Uống Rượu,
飲酒運転,vocab,19,"飲,酒,運,転",N/A,N/A,N/A,N/A,いんしゅうんてん,いんしゅうんてん,LXKS,"Lái Xe Khi Say, Uống Rượu Lái Xe"
飲食,vocab,16,"飲,食",N/A,N/A,N/A,N/A,いんしょく,いんしょく,Ẩm Thực,Ăn Uống
飲食店,vocab,16,"飲,食,店",N/A,N/A,N/A,N/A,いんしょくてん,いんしょくてん,Quán Ăn,Nhà Hàng
飴,vocab,68,飴,N/A,N/A,N/A,N/A,あめ,あめ,Kẹo,
飼い主,vocab,59,"飼,主",N/A,N/A,N/A,N/A,かいぬし,かいぬし,Chủ Nuôi,
飼う,vocab,59,飼,N/A,N/A,N/A,N/A,かう,かう,Nuôi,
飽きる,vocab,67,飽,N/A,N/A,N/A,N/A,あきる,あきる,Ngán,Chán
飽和,vocab,67,"飽,和",N/A,N/A,N/A,N/A,ほうわ,ほうわ,Bão Hòa,
飾る,vocab,67,飾,N/A,N/A,N/A,N/A,かざる,かざる,Trang Trí,
餅,vocab,57,餅,N/A,N/A,N/A,N/A,もち,もち,Mochi,
養う,vocab,47,養,N/A,N/A,N/A,N/A,やしなう,やしなう,Nuôi Nấng,Trau Dồi
養成,vocab,47,"養,成",N/A,N/A,N/A,N/A,ようせい,ようせい,Bồi Dưỡng,Đào Tạo
餌,vocab,68,餌,N/A,N/A,N/A,N/A,えさ,えさ,Mồi,Đồ Ăn Cho Động Vật
餓死,vocab,57,"餓,死",N/A,N/A,N/A,N/A,がし,がし,Chết Đói,
餓鬼,vocab,57,"餓,鬼",N/A,N/A,N/A,N/A,がき,がき,Gaki,Ranh Con
首,vocab,7,首,N/A,N/A,N/A,N/A,くび,くび,Cổ,Đầu
首にする,vocab,7,首,N/A,N/A,N/A,N/A,くびにする,くびにする,Đuổi Việc,
首になる,vocab,7,首,N/A,N/A,N/A,N/A,くびになる,くびになる,Bị Đuổi Việc,
首相,vocab,25,"首,相",N/A,N/A,N/A,N/A,しゅしょう,しゅしょう,Thủ Tướng,
首都,vocab,12,"首,都",N/A,N/A,N/A,N/A,しゅと,しゅと,Thủ Đô,
香ばしい,vocab,61,香,N/A,N/A,N/A,N/A,こうばしい,こうばしい,Thơm,
香り,vocab,46,香,N/A,N/A,N/A,N/A,かおり,かおり,Hương,
香水,vocab,46,"香,水",N/A,N/A,N/A,N/A,こうすい,こうすい,Nước Hoa,
香港,vocab,46,"香,港",N/A,N/A,N/A,N/A,ほんこん,ほんこん,Hồng Kông,
香辛料,vocab,46,"香,辛,料",N/A,N/A,N/A,N/A,こうしんりょう,こうしんりょう,Gia Vị,
馬,vocab,7,馬,N/A,N/A,N/A,N/A,うま,うま,Ngựa,
馬車,vocab,7,"馬,車",N/A,N/A,N/A,N/A,ばしゃ,ばしゃ,Xe Ngựa,
馬鹿,vocab,62,"馬,鹿",N/A,N/A,N/A,N/A,ばか,ばか,Đồ Ngốc,
馴らす,vocab,62,馴,N/A,N/A,N/A,N/A,ならす,ならす,Thuần Hóa,
馴れる,vocab,62,馴,N/A,N/A,N/A,N/A,なれる,なれる,Được Thuần Hóa,
馴染む,vocab,62,"馴,染",N/A,N/A,N/A,N/A,なじむ,なじむ,Quen,Hòa Nhập
馴鹿,vocab,62,"馴,鹿",N/A,N/A,N/A,N/A,となかい,となかい,Tuần Lộc,
駄洒落,vocab,46,"駄,洒,落",N/A,N/A,N/A,N/A,だじゃれ,だじゃれ,Chơi Chữ,
駄目,vocab,46,"駄,目",N/A,N/A,N/A,N/A,だめ,だめ,Dame,"Không Được, Không Ổn"
駄菓子屋,vocab,46,"駄,菓,子,屋",N/A,N/A,N/A,N/A,だがしや,だがしや,Tiệm Bánh Kẹo,
駅,vocab,20,駅,N/A,N/A,N/A,N/A,えき,えき,Ga,
駅前,vocab,20,"駅,前",N/A,N/A,N/A,N/A,えきまえ,えきまえ,Trước Ga,
駅弁,vocab,20,"駅,弁",N/A,N/A,N/A,N/A,えきべん,えきべん,Ekiben,
駆ける,vocab,68,駆,N/A,N/A,N/A,N/A,かける,かける,Xông,"Lao, Chạy"
駆け付ける,vocab,68,"駆,付",N/A,N/A,N/A,N/A,かけつける,かけつける,Xông Đến,Lao Đến
駐在,vocab,59,"駐,在",N/A,N/A,N/A,N/A,ちゅうざい,ちゅうざい,Tạm Trú,
駐車,vocab,59,"駐,車",N/A,N/A,N/A,N/A,ちゅうしゃ,ちゅうしゃ,Đỗ Xe,
駐車場,vocab,59,"駐,車,場",N/A,N/A,N/A,N/A,ちゅうしゃじょう,ちゅうしゃじょう,Bãi Đỗ Xe,
騎兵,vocab,66,"騎,兵",N/A,N/A,N/A,N/A,きへい,きへい,Kỵ Binh,
騎士,vocab,66,"騎,士",N/A,N/A,N/A,N/A,きし,きし,Kỵ Sĩ,
騒ぐ,vocab,65,騒,N/A,N/A,N/A,N/A,さわぐ,さわぐ,Làm Ồn,
騒音,vocab,65,"騒,音",N/A,N/A,N/A,N/A,そうおん,そうおん,Tiếng Ồn,
騙す,vocab,57,騙,N/A,N/A,N/A,N/A,だます,だます,Lừa,
驚かす,vocab,47,驚,N/A,N/A,N/A,N/A,おどろかす,おどろかす,Làm Bất Ngờ,Làm Kinh Ngạc
驚く,vocab,47,驚,N/A,N/A,N/A,N/A,おどろく,おどろく,Bất Ngờ,Kinh Ngạc
驚異的,vocab,47,"驚,異,的",N/A,N/A,N/A,N/A,きょういてき,きょういてき,Kỳ Diệu,Phi Thường
骨,vocab,43,骨,N/A,N/A,N/A,N/A,ほね,ほね,Xương,
骨折,vocab,43,"骨,折",N/A,N/A,N/A,N/A,こっせつ,こっせつ,Gãy Xương,
高い,vocab,9,高,N/A,N/A,N/A,N/A,たかい,たかい,Cao,Đắt
高さ,vocab,9,高,N/A,N/A,N/A,N/A,たかさ,たかさ,Độ Cao,Chiều Cao
高層,vocab,60,"高,層",N/A,N/A,N/A,N/A,こうそう,こうそう,Cao Tầng,
高校,vocab,9,"高,校",N/A,N/A,N/A,N/A,こうこう,こうこう,THPT,"Trung Học Phổ Thông, Trường Cấp Ba"
高等学校,vocab,37,"高,等,学,校",N/A,N/A,N/A,N/A,こうとうがっこう,こうとうがっこう,THPT,"Trung Học Phổ Thông, Trường Cấp Ba"
高級,vocab,52,"高,級",N/A,N/A,N/A,N/A,こうきゅう,こうきゅう,Cao Cấp,
高速,vocab,22,"高,速",N/A,N/A,N/A,N/A,こうそく,こうそく,Cao Tốc,
髪,vocab,25,髪,N/A,N/A,N/A,N/A,かみ,かみ,Tóc,
髪の毛,vocab,25,"髪,毛",N/A,N/A,N/A,N/A,かみのけ,かみのけ,Tóc,Sợi Tóc
髪型,vocab,25,"髪,型",N/A,N/A,N/A,N/A,かみがた,かみがた,Kiểu Tóc,
髭,vocab,29,髭,N/A,N/A,N/A,N/A,ひげ,ひげ,Râu,Ria
髭剃り,vocab,29,"髭,剃",N/A,N/A,N/A,N/A,ひげそり,ひげそり,Dao Cạo Râu,
鬼,vocab,28,鬼,N/A,N/A,N/A,N/A,おに,おに,Quỷ,
鬼ごっこ,vocab,28,鬼,N/A,N/A,N/A,N/A,おにごっこ,おにごっこ,Đuổi Bắt,
魂,vocab,54,魂,N/A,N/A,N/A,N/A,たましい,たましい,Linh Hồn,"Hồn, Tinh Thần"
魅力,vocab,59,"魅,力",N/A,N/A,N/A,N/A,みりょく,みりょく,Sự Quyến Rũ,Sức Quyến Rũ
魔女,vocab,28,"魔,女",N/A,N/A,N/A,N/A,まじょ,まじょ,Phù Thủy,
魔法,vocab,28,"魔,法",N/A,N/A,N/A,N/A,まほう,まほう,Ma Pháp,
魔術,vocab,39,"魔,術",N/A,N/A,N/A,N/A,まじゅつ,まじゅつ,Ma Thuật,
魚,vocab,24,魚,N/A,N/A,N/A,N/A,さかな,さかな,Cá,
鮭,vocab,70,鮭,N/A,N/A,N/A,N/A,さけ,"さけ, しゃけ",Cá Hồi,
鮮やか,vocab,24,鮮,N/A,N/A,N/A,N/A,あざやか,あざやか,Rực Rỡ,Sống Động
鮮魚,vocab,24,"鮮,魚",N/A,N/A,N/A,N/A,せんぎょ,せんぎょ,Cá Tươi,
鯉,vocab,68,鯉,N/A,N/A,N/A,N/A,こい,こい,Cá Chép,
鯉のぼり,vocab,68,鯉,N/A,N/A,N/A,N/A,こいのぼり,こいのぼり,Koinobori,Diều Cá Chép
鳥,vocab,13,鳥,N/A,N/A,N/A,N/A,とり,とり,Chim,
鳥居,vocab,13,"鳥,居",N/A,N/A,N/A,N/A,とりい,とりい,Torii,
鳥肌,vocab,13,"鳥,肌",N/A,N/A,N/A,N/A,とりはだ,とりはだ,Da Gà,
鳥類,vocab,40,"鳥,類",N/A,N/A,N/A,N/A,ちょうるい,ちょうるい,Loài Chim,
鳩,vocab,67,鳩,N/A,N/A,N/A,N/A,はと,はと,Bồ Câu,
鳴き声,vocab,28,"鳴,声",N/A,N/A,N/A,N/A,なきごえ,なきごえ,Tiếng Kêu,Tiếng Hót
鳴く,vocab,28,鳴,N/A,N/A,N/A,N/A,なく,なく,Kêu,"Hót, Gáy"
鳴らす,vocab,29,鳴,N/A,N/A,N/A,N/A,ならす,ならす,Làm Kêu,
鳴る,vocab,28,鳴,N/A,N/A,N/A,N/A,なる,なる,Kêu,
鶏,vocab,49,鶏,N/A,N/A,N/A,N/A,にわとり,にわとり,Gà,
鶏肉,vocab,49,"鶏,肉",N/A,N/A,N/A,N/A,とりにく,とりにく,Thịt Gà,
鶴,vocab,47,鶴,N/A,N/A,N/A,N/A,つる,つる,Hạc,
鹿,vocab,62,鹿,N/A,N/A,N/A,N/A,しか,しか,Hươu,
麦,vocab,28,麦,N/A,N/A,N/A,N/A,むぎ,むぎ,Lúa Mì,Lúa Mạch
麦畑,vocab,43,"麦,畑",N/A,N/A,N/A,N/A,むぎばたけ,むぎばたけ,Ruộng Lúa,Cánh Đồng Lúa
麺,vocab,50,麺,N/A,N/A,N/A,N/A,めん,めん,Mỳ,
麻痺,vocab,62,"麻,痺",N/A,N/A,N/A,N/A,まひ,まひ,Liệt,Tê Liệt
麻薬,vocab,62,"麻,薬",N/A,N/A,N/A,N/A,まやく,まやく,Ma Túy,
麻酔,vocab,62,"麻,酔",N/A,N/A,N/A,N/A,ますい,ますい,Thuốc Mê,
黄色,vocab,9,"黄,色",N/A,N/A,N/A,N/A,きいろ,きいろ,Màu Vàng,
黄色い,vocab,9,"黄,色",N/A,N/A,N/A,N/A,きいろい,きいろい,Vàng,
黄身,vocab,9,"黄,身",N/A,N/A,N/A,N/A,きみ,きみ,Lòng Đỏ,
黄金虫,vocab,35,"黄,金,虫",N/A,N/A,N/A,N/A,こがねむし,こがねむし,Bọ Hung,
黒,vocab,15,黒,N/A,N/A,N/A,N/A,くろ,くろ,Đen,
黒い,vocab,15,黒,N/A,N/A,N/A,N/A,くろい,くろい,Đen,
黒人,vocab,15,"黒,人",N/A,N/A,N/A,N/A,こくじん,こくじん,Người Da Đen,
黒幕,vocab,36,"黒,幕",N/A,N/A,N/A,N/A,くろまく,くろまく,Chủ Mưu,
黒板,vocab,44,"黒,板",N/A,N/A,N/A,N/A,こくばん,こくばん,Bảng Đen,Bảng
黙る,vocab,40,黙,N/A,N/A,N/A,N/A,だまる,だまる,Im Lặng,Câm
鼓,vocab,67,鼓,N/A,N/A,N/A,N/A,つづみ,つづみ,Tsudumi,Trống Tsuzumi
鼓動,vocab,67,"鼓,動",N/A,N/A,N/A,N/A,こどう,こどう,Nhịp Đập,
鼻,vocab,6,鼻,N/A,N/A,N/A,N/A,はな,はな,Mũi,
鼻の穴,vocab,6,"鼻,穴",N/A,N/A,N/A,N/A,はなのあな,はなのあな,Lỗ Mũi,
鼻歌,vocab,14,"鼻,歌",N/A,N/A,N/A,N/A,はなうた,はなうた,Hát Thầm,
鼻水,vocab,6,"鼻,水",N/A,N/A,N/A,N/A,はなみず,はなみず,Nước Mũi,
鼻血,vocab,25,"鼻,血",N/A,N/A,N/A,N/A,はなぢ,はなぢ,Máu Mũi,